label,case,source,config,mechanism,tool,shape,n_neg_init,n_neg_final,neg_vol_init,neg_vol_final,n_clusters_init,n_clusters_final,min_jdet_init,min_jdet_final,l2_err,time_s,frac_nonpos_jdet_init,frac_nonpos_jdet_final,sdlogj_init,sdlogj_final,moved_frac,l1_move,l2_move,max_move,mean_move_moved,feasible,simplex_n_neg_init,simplex_n_below_init,simplex_min_init,bilinear_n_neg_init,bilinear_n_below_init,bilinear_min_init,finite_n_neg_init,finite_n_below_init,finite_min_init,jdet_n_neg_init,jdet_n_below_init,jdet_min_init,simplex_n_neg_final,simplex_n_below_final,simplex_min_final,bilinear_n_neg_final,bilinear_n_below_final,bilinear_min_final,finite_n_neg_final,finite_n_below_final,finite_min_final,jdet_n_neg_final,jdet_n_below_final,jdet_min_final,ift_min_radius_init,ift_frac_subpixel_init,ift_min_radius_final,ift_frac_subpixel_final,certified,damage,n_windows,giant_regions,mop_cleared,rounds,sqp_iters,corr_n,corr_resid_med_init,corr_resid_mad_init,corr_resid_med_final,corr_resid_mad_final,corr_n_outliers,corr_n_large,corr_n_high_resid,corr_n_incoherent,error,timing_mode,hit_cap,out_path,sha256
cohort_B0032_z0__isqp_none,cohort_B0032_z0,cohort,isqp_none,,Laplacian (RegTools),3x1x320x456,4216,0,10752.734665494721,0.0,14,0,-65.33949266403215,0.02202452691149746,1670.0109496641044,406.33427299999676,0.02866639254385965,0.0,1.2079326618113981,0.7564183986360675,0.13903508771929823,150630.8019350746,1670.0109496641044,65.25781486352619,7.42462548970202,True,4427,4509,-83.01363502957429,4508,4584,-83.01363502957429,4180,4222,-83.84443469423786,4183,4216,-65.33949266403215,0,0,0.010928628277828617,0,0,0.010905374118355276,0,0,0.02200005916258744,0,0,0.02202452691149746,4.2361457192854894e-05,0.05729851973684211,0.0002524509409448094,0.09517543859649123,True,0,64,2,0,2,454,-1.0,-1.0,-1.0,-1.0,-1.0,-1.0,-1.0,-1.0,-1.0,,throughput,False,data\dvfs\results\cohort_isqp\cohort\cohort_B0032_z0__isqp_none.npz,74890bec7ffaa224bcfed4334ac2c660e67f7dffabf02b3d77ea2e417b37d2f5
cohort_B0032_z48__isqp_none,cohort_B0032_z48,cohort,isqp_none,,Laplacian (RegTools),3x1x320x456,118,0,76.314611079838,0.0,50,0,-4.607686112526327,0.02372610850114986,34.94998386031949,50.64693460000126,0.0007058662280701755,0.0,0.21367205310646673,0.1187922994437771,0.08780838815789474,797.8845118306069,34.94998386031949,6.460206557081811,0.062271483011832274,True,307,363,-12.274275842457321,336,389,-12.28811331387179,188,210,-9.39527050487601,103,118,-4.607686112526327,0,0,0.010999999996951337,0,0,0.01099999999560335,0,0,0.021999999998905673,0,0,0.02372610850114986,0.00030707929752045806,0.015145285087719298,0.000996492315380565,0.016248629385964913,True,0,10,1,0,1,49,268.0,0.02554879652277193,0.014994702024205633,0.4800048274003571,0.640963669636988,36.0,21.0,14.0,10.0,,throughput,False,data\dvfs\results\cohort_isqp\cohort\cohort_B0032_z48__isqp_none.npz,d9d78cc84ad87fbe2b58ba7a319cff6642d250bc2099914b8f74a1aa84e9dfb2
cohort_B0032_z1__isqp_none,cohort_B0032_z1,cohort,isqp_none,,Laplacian (RegTools),3x1x320x456,4197,0,16615.928064878233,0.0,25,0,-367.30804119406275,0.022004944986552814,1817.818395004892,475.8600157000001,0.028577302631578948,0.0,1.2107130973670148,0.7488756226641512,0.14131030701754385,166166.50958164153,1817.818395004892,89.14357250738993,8.058511618896292,True,4486,4556,-983.7530637525269,4578,4641,-983.7530637525269,4189,4211,-365.6409314304992,4170,4197,-367.30804119406275,0,0,0.010923108781899844,0,0,0.010887619410284545,0,0,0.02198801531845227,0,0,0.022004944986552814,7.179295089619419e-06,0.05738760964912281,0.0001960196103521552,0.09838952850877193,True,0,90,2,0,2,695,132.0,0.9605652242702891,0.21838876002819185,78.85184932135775,16.46995171701989,1.0,0.0,0.0,1.0,,throughput,False,data\dvfs\results\cohort_isqp\cohort\cohort_B0032_z1__isqp_none.npz,44345b86544f4b19b1a040857ef1b1ded377a2709cf854e8de700755e90178ce
cohort_B0032_z96__isqp_none,cohort_B0032_z96,cohort,isqp_none,,Laplacian (RegTools),3x1x320x456,193,0,115.37981059208926,0.0,86,0,-4.652382116980377,0.022631114534229384,36.54446904977082,71.3586894,0.0011992872807017544,0.0,0.2710589256941896,0.14093626836546955,0.1307154605263158,1008.37277304967,36.54446904977082,5.975680543902374,0.05286635068940285,True,479,576,-5.503845501885689,545,644,-6.29126745970958,287,337,-10.925402121943904,175,193,-4.652382116980377,0,0,0.010999999999948773,0,0,0.010999925467260203,0,0,0.021999999999885556,0,0,0.022631114534229384,6.215682178807371e-06,0.025712719298245614,0.0010555697627448648,0.026720120614035087,True,0,20,2,0,1,88,447.0,0.018153679676249812,0.014422330529435583,0.21904352914803726,0.30585797257339314,80.0,40.0,68.0,19.0,,throughput,False,data\dvfs\results\cohort_isqp\cohort\cohort_B0032_z96__isqp_none.npz,8e2375b0b8132dec5207b2c7d488cb93d02bc800d809d9523232a02cfec44935
cohort_B0032_z48__isqp_l2,cohort_B0032_z48,cohort,isqp_l2,,Laplacian (RegTools),3x1x320x456,118,0,76.314611079838,0.0,50,0,-4.607686112526327,0.0222998908309189,26.182282690092734,163.98339009999836,0.0007058662280701755,0.0,0.21367205310646673,0.1278810383559858,0.08074972587719298,454.0839760508186,26.182282690092734,7.543060138319257,0.038537212598728554,True,307,363,-12.274275842457321,336,389,-12.28811331387179,188,210,-9.39527050487601,103,118,-4.607686112526327,0,0,0.010577088697601975,0,0,0.010577088697601975,0,0,0.021154177395199307,0,0,0.0222998908309189,0.00030707929752045806,0.015145285087719298,0.0009930232592633352,0.015604440789473685,True,0,10,1,0,1,86,268.0,0.02554879652277193,0.014994702024205633,0.3302246695450407,0.450406910964562,38.0,21.0,22.0,10.0,,throughput,False,data\dvfs\results\cohort_isqp\cohort\cohort_B0032_z48__isqp_l2.npz,92706f7e1d58824d391985d9f211c4a211460ac6e63244f425a6192002821e36
cohort_B0032_z96__isqp_l2,cohort_B0032_z96,cohort,isqp_l2,,Laplacian (RegTools),3x1x320x456,193,0,115.37981059208926,0.0,86,0,-4.652382116980377,0.022318119247277786,28.895220967565006,193.42524460000277,0.0011992872807017544,0.0,0.2710589256941896,0.1493866229737561,0.11284265350877193,649.2660355576359,28.895220967565006,5.159692772995001,0.03943070785604493,True,479,576,-5.503845501885689,545,644,-6.29126745970958,287,337,-10.925402121943904,175,193,-4.652382116980377,0,0,0.010156310280741598,0,0,0.010156310280741598,0,0,0.0212396227720396,0,0,0.022318119247277786,6.215682178807371e-06,0.025712719298245614,0.0008031568006333458,0.02627467105263158,True,0,21,2,0,1,170,447.0,0.018153679676249812,0.014422330529435583,0.16536359810376627,0.23293482008699173,73.0,40.0,62.0,19.0,,throughput,False,data\dvfs\results\cohort_isqp\cohort\cohort_B0032_z96__isqp_l2.npz,d29c0933b6b6eb8926e94cb261fb8e39317b5eb812507b44c1ffdc176b441c49
cohort_B0032_z0__isqp_l2,cohort_B0032_z0,cohort,isqp_l2,,Laplacian (RegTools),3x1x320x456,4216,0,10752.734665494721,0.0,14,0,-65.33949266403215,0.021945259627580784,1452.720663536436,847.2890817999978,0.02866639254385965,0.0,1.2079326618113981,0.832303206928095,0.13895285087719297,99533.294911596,1452.720663536436,63.99212438476249,4.908921627125468,True,4427,4509,-83.01363502957429,4508,4584,-83.01363502957429,4180,4222,-83.84443469423786,4183,4216,-65.33949266403215,0,0,0.010201663768369663,0,0,0.010201663768369663,0,0,0.02040332753672903,0,0,0.021945259627580784,4.2361457192854894e-05,0.05729851973684211,0.00032840626934606726,0.08569764254385964,True,0,111,2,0,2,739,-1.0,-1.0,-1.0,-1.0,-1.0,-1.0,-1.0,-1.0,-1.0,,throughput,False,data\dvfs\results\cohort_isqp\cohort\cohort_B0032_z0__isqp_l2.npz,49d292ee270f872a92d74af1ae57ebc5d5e5094e88119620488b00ddde1bcb89
cohort_B0032_z144__isqp_none,cohort_B0032_z144,cohort,isqp_none,,Laplacian (RegTools),3x1x320x456,276,0,150.8601920730482,0.0,141,0,-5.260162351299369,0.022945162826499315,40.749485930066456,231.71661769999992,0.001713267543859649,0.0,0.3210186373809863,0.16298021752972938,0.2849917763157895,1250.8619505205188,40.749485930066456,5.737516220367948,0.030078919600839676,True,672,865,-8.168649360238433,789,983,-9.818507054778024,394,500,-8.900309939197982,250,276,-5.260162351299369,0,0,0.010999999999996162,0,0,0.010999999999996162,0,0,0.02199999999999928,0,0,0.022945162826499315,2.9460016857472326e-05,0.039857456140350876,0.0014691946307227605,0.04111842105263158,True,0,54,3,0,1,211,716.0,0.018153679676249812,0.014994702024205633,0.22953884871047836,0.3162345284231464,104.0,42.0,88.0,32.0,,throughput,False,data\dvfs\results\cohort_isqp\cohort\cohort_B0032_z144__isqp_none.npz,c3cf715fb32d146c696cf5fa93d73961f05650281c1bd0f47fdbcb3a0f69bf3e
cohort_B0032_z1__isqp_l2,cohort_B0032_z1,cohort,isqp_l2,,Laplacian (RegTools),3x1x320x456,4197,0,16615.928064878233,0.0,25,0,-367.30804119406275,0.02190870056152025,1575.3042455152724,876.7295158999987,0.028577302631578948,0.0,1.2107130973670148,0.8275850222152081,0.13843201754385964,105729.24588139768,1575.3042455152724,86.7016654953747,5.234121083237509,True,4486,4556,-983.7530637525269,4578,4641,-983.7530637525269,4189,4211,-365.6409314304992,4170,4197,-367.30804119406275,0,0,0.010722969155522073,0,0,0.010530102129661434,0,0,0.02144593831104473,0,0,0.02190870056152025,7.179295089619419e-06,0.05738760964912281,0.00018352591021647243,0.08623218201754386,True,0,123,2,0,2,698,132.0,0.9605652242702891,0.21838876002819185,77.50508955240615,14.240283526195014,1.0,0.0,0.0,1.0,,throughput,False,data\dvfs\results\cohort_isqp\cohort\cohort_B0032_z1__isqp_l2.npz,c6466372f3af324de534e0a78b547232d27a7167bf343c553d9c9936eca338f0
cohort_B0032_z192__isqp_none,cohort_B0032_z192,cohort,isqp_none,,Laplacian (RegTools),3x1x320x456,287,0,154.14446750583775,0.0,155,0,-5.355621909680561,0.022183388658833885,39.390224113630595,144.96396129999994,0.0016241776315789474,0.0,0.3199010207411794,0.1672816225100724,0.28299753289473684,1309.2637925551903,39.390224113630595,5.714147309851275,0.03170514087795594,True,773,1016,-7.714829873919342,891,1128,-8.694479675325411,438,552,-8.641250488575158,237,287,-5.355621909680561,0,0,0.010996420330672302,0,0,0.010996420330672302,0,0,0.0219928406613297,0,0,0.022183388658833885,1.0540674849761706e-05,0.04417489035087719,0.0005379689937232592,0.04569627192982456,True,0,46,4,0,1,183,893.0,0.011646308822484734,0.017266817460215866,0.14723935874756316,0.20992394682803026,149.0,25.0,145.0,33.0,,throughput,False,data\dvfs\results\cohort_isqp\cohort\cohort_B0032_z192__isqp_none.npz,08ff8fb411d0dde7e90a712d1b310cb42d7e84a2755baf6cb4ee5728f1ae2957
cohort_B0032_z240__isqp_none,cohort_B0032_z240,cohort,isqp_none,,Laplacian (RegTools),3x1x320x456,378,0,171.46017053294298,0.0,163,0,-4.955838265910245,0.022610264399918607,44.09560256529151,176.11312289999842,0.002227247807017544,0.0,0.3664468544020618,0.19151725829093644,0.32513020833333334,1516.9929026849409,44.09560256529151,6.7935871089071584,0.031975062763420124,True,851,1117,-6.397427475139182,986,1249,-6.397427475139182,506,632,-8.641203399224253,325,378,-4.955838265910245,0,0,0.010999811411637146,0,0,0.010990239423918718,0,0,0.021999622823275115,0,0,0.022610264399918607,0.00011791183349733277,0.04825246710526316,0.0010146533995203466,0.05027412280701754,True,0,50,3,0,1,187,977.0,0.01607978343963623,0.011919943463802337,0.1819254405876388,0.2568082570849754,149.0,86.0,117.0,28.0,,throughput,False,data\dvfs\results\cohort_isqp\cohort\cohort_B0032_z240__isqp_none.npz,501511bb699bb372357be2745f0b1f453b5bd5bec66ccc9866f7376a474f495b
cohort_B0032_z192__isqp_l2,cohort_B0032_z192,cohort,isqp_l2,,Laplacian (RegTools),3x1x320x456,287,0,154.14446750583775,0.0,155,0,-5.355621909680561,0.022001366302410442,34.12713549183899,371.25214929999856,0.0016241776315789474,0.0,0.3199010207411794,0.17729150599680005,0.25215871710526316,964.4449153433134,34.12713549183899,5.704077810573386,0.026211303583185578,True,773,1016,-7.714829873919342,891,1128,-8.694479675325411,438,552,-8.641250488575158,237,287,-5.355621909680561,0,0,0.010601696542459998,0,0,0.010576905947921485,0,0,0.021203393084924343,0,0,0.022001366302410442,1.0540674849761706e-05,0.04417489035087719,0.00048568981419971555,0.045100054824561406,True,0,46,4,0,1,306,893.0,0.011646308822484734,0.017266817460215866,0.12673651229939273,0.18453693300075324,124.0,25.0,120.0,33.0,,throughput,False,data\dvfs\results\cohort_isqp\cohort\cohort_B0032_z192__isqp_l2.npz,9e162ce21a6aaa4e7f6be9855d9b2b1f5456defb58feb9ba2f353e7124eeebb5
cohort_B0032_z144__isqp_l2,cohort_B0032_z144,cohort,isqp_l2,,Laplacian (RegTools),3x1x320x456,276,0,150.8601920730482,0.0,141,0,-5.260162351299369,0.022019889505681668,32.78163360573821,569.3066130000007,0.001713267543859649,0.0,0.3210186373809863,0.17505285017434163,0.23584155701754386,852.3472263751996,32.78163360573821,5.690168083020705,0.024767455871889336,True,672,865,-8.168649360238433,789,983,-9.818507054778024,394,500,-8.900309939197982,250,276,-5.260162351299369,0,0,0.010536327153567834,0,0,0.010515515884045416,0,0,0.02107265430713271,0,0,0.022019889505681668,2.9460016857472326e-05,0.039857456140350876,0.00043596046433988034,0.04054961622807018,True,0,58,3,0,1,291,716.0,0.018153679676249812,0.014994702024205633,0.18116785526076418,0.2561076279369863,97.0,42.0,83.0,32.0,,throughput,False,data\dvfs\results\cohort_isqp\cohort\cohort_B0032_z144__isqp_l2.npz,a13330683a80c5cf2a2089cc98f20e3b439d6874c3391a9c3ea934329013f0eb
cohort_B0032_z240__isqp_l2,cohort_B0032_z240,cohort,isqp_l2,,Laplacian (RegTools),3x1x320x456,378,0,171.46017053294298,0.0,163,0,-4.955838265910245,0.021999329112365993,36.420758379791685,444.6054729999996,0.002227247807017544,0.0,0.3664468544020618,0.20821162207358138,0.3013637609649123,1039.5030185872308,36.420758379791685,6.544119494374242,0.023638499569919973,True,851,1117,-6.397427475139182,986,1249,-6.397427475139182,506,632,-8.641203399224253,325,378,-4.955838265910245,0,0,0.010697434154280113,0,0,0.010621859559859198,0,0,0.0215042564630963,0,0,0.021999329112365993,0.00011791183349733277,0.04825246710526316,0.0006401303366144244,0.049732730263157894,True,0,50,3,0,1,329,977.0,0.01607978343963623,0.011919943463802337,0.13383200342786064,0.18770485902749218,155.0,86.0,128.0,28.0,,throughput,False,data\dvfs\results\cohort_isqp\cohort\cohort_B0032_z240__isqp_l2.npz,b443be4a37c0fa3d5d95fa1b0e4026499d1cbb53c1bac766b893ac637cab1e46
cohort_B0032_z288__isqp_none,cohort_B0032_z288,cohort,isqp_none,,Laplacian (RegTools),3x1x320x456,419,0,262.10188788512886,0.0,195,0,-6.1187592550385945,0.022233809885357968,53.69382021933927,485.688177,0.0025767543859649125,0.0,0.38801091038043445,0.1882941250130587,0.393249725877193,2044.270919477839,53.69382021933927,6.848212013245941,0.035625026915250844,True,994,1287,-7.945871421393198,1129,1417,-13.341903910127812,582,737,-13.038152393051448,376,419,-6.1187592550385945,0,0,0.010963946450058385,0,0,0.010963946450058385,0,0,0.021999974266262948,0,0,0.022233809885357968,5.184906503463646e-06,0.053782894736842106,0.0005834464060177464,0.055989583333333336,True,0,93,3,0,1,483,1077.0,0.018153679676249812,0.014422330529435583,0.2477374706780565,0.3504583213103431,153.0,49.0,140.0,42.0,,throughput,False,data\dvfs\results\cohort_isqp\cohort\cohort_B0032_z288__isqp_none.npz,fe35cebe2e38366c03239763d5d57c2ce0e32a86d7a7ec1a1a1f8b82c98a9813
cohort_B0032_z336__isqp_none,cohort_B0032_z336,cohort,isqp_none,,Laplacian (RegTools),3x1x320x456,350,0,129.6896899242514,0.0,162,0,-2.7299563469611856,0.02202733718176854,40.94177470550944,248.5345490999971,0.0020422149122807016,0.0,0.3592969834035038,0.19711019934230292,0.3610402960526316,1499.5026424075513,40.94177470550944,5.4240004731172995,0.028462742106705224,True,803,1065,-4.660057652474052,956,1221,-5.0762409845788525,479,613,-9.320115304948104,298,350,-2.7299563469611856,0,0,0.010999999999993723,0,0,0.010996683415500178,0,0,0.021999999999999874,0,0,0.02202733718176854,4.5993306791016445e-05,0.051953125,0.0008375003767402966,0.054159813596491226,True,0,49,4,0,1,195,904.0,0.01685190200805664,0.013064686453342437,0.16907499008197835,0.23451384563430064,163.0,84.0,122.0,20.0,,throughput,False,data\dvfs\results\cohort_isqp\cohort\cohort_B0032_z336__isqp_none.npz,6c4fb1391b3bcfc35f1ff1b1405eafa64b6710e94ef9a88e5b64c6ed4b6bf6f4
cohort_B0032_z384__isqp_none,cohort_B0032_z384,cohort,isqp_none,,Laplacian (RegTools),3x1x320x456,446,0,205.11647945894236,0.0,192,0,-5.346025456937705,0.022320973544971336,46.72569226904117,301.7377419000004,0.0027549342105263157,0.0,0.41397732430281514,0.22349417555632264,0.3841077302631579,1877.2937029267168,46.72569226904117,7.69276832623491,0.03349379476755548,True,1036,1265,-8.578338125709756,1198,1434,-8.578338125709756,623,731,-17.156676251419512,402,446,-5.346025456937705,0,0,0.010999997067265633,0,0,0.010998060921891253,0,0,0.02199999413454123,0,0,0.022320973544971336,1.2117092978193356e-05,0.06260279605263158,0.0007688372381697509,0.06552220394736842,True,0,50,4,0,1,219,951.0,0.01867154145097676,0.015762483891415803,0.24177380694028108,0.33566539802454376,152.0,90.0,97.0,26.0,,throughput,False,data\dvfs\results\cohort_isqp\cohort\cohort_B0032_z384__isqp_none.npz,345ba7549b12d90ca37d8e00d781cc409e76a63c66e7d487a5e5ce5d897e7052
cohort_B0032_z432__isqp_none,cohort_B0032_z432,cohort,isqp_none,,Laplacian (RegTools),3x1x320x456,827,0,451.7918835874255,0.0,281,0,-7.793314619961869,0.022213699737888254,75.61473527592265,202.92826059999788,0.005215186403508772,0.0,0.564316699877114,0.3140119983756556,0.2828810307017544,4102.325787986754,75.61473527592265,7.097406122954435,0.09938286225075717,True,1527,1842,-12.502739210005188,1778,2095,-16.327967103851776,985,1138,-23.95101528204842,761,827,-7.793314619961869,0,0,0.01099999830567322,0,0,0.010999916777697273,0,0,0.02199999661137253,0,0,0.022213699737888254,4.025689974006052e-06,0.07972861842105264,0.0005825248362722862,0.08512883771929824,True,0,40,5,0,1,222,1088.0,0.03464947711038326,0.02638668484670945,0.4690277995392823,0.6415246219553822,77.0,26.0,54.0,26.0,,throughput,False,data\dvfs\results\cohort_isqp\cohort\cohort_B0032_z432__isqp_none.npz,d6cdcd944b7f9a75738c72ee27e09f2b6c591c4dc66e79af275d2ef04cbb957e
cohort_B0032_z288__isqp_l2,cohort_B0032_z288,cohort,isqp_l2,,Laplacian (RegTools),3x1x320x456,419,0,262.10188788512886,0.0,195,0,-6.1187592550385945,0.0220404474519871,44.78177629022379,868.0879070999981,0.0025767543859649125,0.0,0.38801091038043445,0.20713656625087218,0.3391378837719298,1411.7361084272693,44.78177629022379,6.65745025355193,0.02852741343034068,True,994,1287,-7.945871421393198,1129,1417,-13.341903910127812,582,737,-13.038152393051448,376,419,-6.1187592550385945,0,0,0.010917735567419332,0,0,0.010822922683258962,0,0,0.021851000354685124,0,0,0.0220404474519871,5.184906503463646e-06,0.053782894736842106,0.00030862091256203734,0.05505071271929825,True,0,121,3,0,1,511,1077.0,0.018153679676249812,0.014422330529435583,0.19332191044893174,0.27415909254227677,137.0,49.0,124.0,42.0,,throughput,False,data\dvfs\results\cohort_isqp\cohort\cohort_B0032_z288__isqp_l2.npz,14f26a09bc8d2ce4ae666853cdb6a925d6ee0dee6b9c9895765ae2f2e66aaf28
cohort_B0032_z336__isqp_l2,cohort_B0032_z336,cohort,isqp_l2,,Laplacian (RegTools),3x1x320x456,350,0,129.6896899242514,0.0,162,0,-2.7299563469611856,0.02212496364818299,32.81544387876177,697.7359539999998,0.0020422149122807016,0.0,0.3592969834035038,0.20476204073392712,0.33289473684210524,1074.48273115236,32.81544387876177,5.708874232989086,0.022119621441707014,True,803,1065,-4.660057652474052,956,1221,-5.0762409845788525,479,613,-9.320115304948104,298,350,-2.7299563469611856,0,0,0.01065083028596996,0,0,0.010388335226909507,0,0,0.02130166057194237,0,0,0.02212496364818299,4.5993306791016445e-05,0.051953125,0.0005672787607339677,0.05329632675438596,True,0,52,4,0,1,385,904.0,0.01685190200805664,0.013064686453342437,0.1315170558561545,0.18306688194660867,170.0,84.0,131.0,20.0,,throughput,False,data\dvfs\results\cohort_isqp\cohort\cohort_B0032_z336__isqp_l2.npz,3cddd0bfbbb330a9ad0c35ffd159960e4262b001d2d2c497780065ce72baf8c5
cohort_B0032_z384__isqp_l2,cohort_B0032_z384,cohort,isqp_l2,,Laplacian (RegTools),3x1x320x456,446,0,205.11647945894236,0.0,192,0,-5.346025456937705,0.022083553806598696,37.8445519184155,742.3275196000031,0.0027549342105263157,0.0,0.41397732430281514,0.23738440877969044,0.3122875548245614,1246.9849575371852,37.8445519184155,7.989004444370399,0.02736476458858402,True,1036,1265,-8.578338125709756,1198,1434,-8.578338125709756,623,731,-17.156676251419512,402,446,-5.346025456937705,0,0,0.010578125315847139,0,0,0.010517869106638976,0,0,0.02172501134694025,0,0,0.022083553806598696,1.2117092978193356e-05,0.06260279605263158,0.0006621775201286599,0.06425438596491229,True,0,60,4,0,1,396,951.0,0.01867154145097676,0.015762483891415803,0.18555692992630163,0.26261020424673254,149.0,90.0,99.0,26.0,,throughput,False,data\dvfs\results\cohort_isqp\cohort\cohort_B0032_z384__isqp_l2.npz,c199a43217f9995c26dbf869a779eea867a8dc8193da2f7db9c5284c91233968
cohort_B0032_z480__isqp_none,cohort_B0032_z480,cohort,isqp_none,,Laplacian (RegTools),3x1x320x456,547,0,286.0327143034129,0.0,209,0,-7.026694011343039,0.022324222336314266,61.21972007181069,243.95282050000242,0.003248355263157895,0.0,0.46271396074135923,0.2679598985122238,0.32120339912280704,2736.3811930250204,61.21972007181069,8.140955250020733,0.05838235956955452,True,1058,1286,-8.17794239724293,1238,1466,-9.402726610689356,677,775,-15.166849105589733,474,547,-7.026694011343039,0,0,0.010999999841660335,0,0,0.010999999175888918,0,0,0.021999999973912953,0,0,0.022324222336314266,2.080969521750301e-05,0.05542763157894737,0.0003375551506497483,0.05988898026315789,True,0,72,2,0,1,250,752.0,0.03215956687927246,0.02822020329076891,0.5174279169447673,0.7049798167974792,33.0,1.0,23.0,20.0,,throughput,False,data\dvfs\results\cohort_isqp\cohort\cohort_B0032_z480__isqp_none.npz,96961a3fcbc1b55dfd620d06b9f6c4bd6fd45934d1329b5f6b7e3a08a87f37e1
cohort_B0032_z432__isqp_l2,cohort_B0032_z432,cohort,isqp_l2,,Laplacian (RegTools),3x1x320x456,827,0,451.7918835874255,0.0,281,0,-7.793314619961869,0.021961622479684688,60.274037635989764,548.8527931999997,0.005215186403508772,0.0,0.564316699877114,0.33387946053111994,0.25341968201754383,2537.7463941780534,60.274037635989764,7.667232258720798,0.06862669066708275,True,1527,1842,-12.502739210005188,1778,2095,-16.327967103851776,985,1138,-23.95101528204842,761,827,-7.793314619961869,0,0,0.010636560521032875,0,0,0.010416749731748413,0,0,0.021273121042061572,0,0,0.021961622479684688,4.025689974006052e-06,0.07972861842105264,0.0003821197713481988,0.08283305921052632,True,0,40,5,0,1,449,1088.0,0.03464947711038326,0.02638668484670945,0.33962414629012294,0.46980600470713024,129.0,26.0,112.0,26.0,,throughput,False,data\dvfs\results\cohort_isqp\cohort\cohort_B0032_z432__isqp_l2.npz,203c7c2b663c5997ad827a42e1826beeb264040658a0e753f01355b157117281
cohort_B0032_z480__isqp_l2,cohort_B0032_z480,cohort,isqp_l2,,Laplacian (RegTools),3x1x320x456,547,0,286.0327143034129,0.0,209,0,-7.026694011343039,0.022077774561060096,47.76152781631453,718.0239996000018,0.003248355263157895,0.0,0.46271396074135923,0.2819535341382315,0.2777549342105263,1643.1397351303744,47.76152781631453,8.772612084174385,0.04054132087664383,True,1058,1286,-8.17794239724293,1238,1466,-9.402726610689356,677,775,-15.166849105589733,474,547,-7.026694011343039,0,0,0.010642155098318238,0,0,0.010642155098318238,0,0,0.021284310196639834,0,0,0.022077774561060096,2.080969521750301e-05,0.05542763157894737,0.0006501880354173085,0.05786047149122807,True,0,72,2,0,1,485,752.0,0.03215956687927246,0.02822020329076891,0.39287780927040017,0.5348036025762217,55.0,1.0,51.0,20.0,,throughput,False,data\dvfs\results\cohort_isqp\cohort\cohort_B0032_z480__isqp_l2.npz,4658ba14c9ee700312d15cffa2a5ba0f0eee856f5a338c10b18a7d9c75817a64
cohort_B0039_z0__isqp_none,cohort_B0039_z0,cohort,isqp_none,,Laplacian (RegTools),3x1x320x456,3751,0,6543.709673929857,0.0,7,0,-32.869649247622874,0.022118731887646067,2304.487810726135,860.0852135000023,0.02549342105263158,0.0,1.1451838456310157,0.6665418448095735,0.08412828947368421,192813.1538196994,2304.487810726135,107.24983782423794,15.706513018874176,True,3874,3951,-23.420365352532826,3890,3965,-23.420365352532826,3738,3774,-35.5450483280365,3720,3751,-32.869649247622874,0,0,0.010899023967720047,0,0,0.010899023967720047,0,0,0.02199773421554582,0,0,0.022118731887646067,1.4709367996163184e-05,0.04499040570175439,0.0001233489917556368,0.07627467105263158,True,0,79,1,1,4,1240,-1.0,-1.0,-1.0,-1.0,-1.0,-1.0,-1.0,-1.0,-1.0,,throughput,False,data\dvfs\results\cohort_isqp\cohort\cohort_B0039_z0__isqp_none.npz,7359a9b07afe4d279afdf517f3f4bbfeb335d98f3ff1bc5f11c47a5194b424be
cohort_B0039_z1__isqp_none,cohort_B0039_z1,cohort,isqp_none,,Laplacian (RegTools),3x1x320x456,3753,0,8108.872388806084,0.0,8,0,-164.91149836874683,0.022099944681937777,2416.944281400806,738.2071471999989,0.025390625,0.0,1.1452791873933257,0.6692847701230671,0.08595120614035087,201324.4791405854,2416.944281400806,145.02870860970884,16.052023532178712,True,3873,3957,-328.84915726303007,3892,3975,-341.4062403142743,3740,3780,-657.6983145260601,3705,3753,-164.91149836874683,0,0,0.010850592265129036,0,0,0.010850592265129036,0,0,0.021917709444321826,0,0,0.022099944681937777,1.0232705484584949e-05,0.04548382675438596,3.883264884429963e-05,0.07845394736842105,True,0,53,1,0,3,1238,20.0,1.5647910744941576,0.08612963232145836,135.10448453546167,1.7975661299495813,7.0,4.0,3.0,0.0,,throughput,False,data\dvfs\results\cohort_isqp\cohort\cohort_B0039_z1__isqp_none.npz,d965d885e8e0802518b29fcade7a506905628c64b4b35ba352f52c595fb6684b
cohort_B0039_z0__isqp_l2,cohort_B0039_z0,cohort,isqp_l2,,Laplacian (RegTools),3x1x320x456,3751,0,6543.709673929857,0.0,7,0,-32.869649247622874,0.022004514595542597,1938.3450084319481,1211.5555889999996,0.02549342105263158,0.0,1.1451838456310157,0.7644632194790494,0.08718475877192983,120153.99319251523,1938.3450084319481,102.48614285148605,9.444583649781107,True,3874,3951,-23.420365352532826,3890,3965,-23.420365352532826,3738,3774,-35.5450483280365,3720,3751,-32.869649247622874,0,0,0.010663333079610208,0,0,0.010618381974136702,0,0,0.02133526128482089,0,0,0.022004514595542597,1.4709367996163184e-05,0.04499040570175439,0.00013407651412381235,0.06857867324561404,True,0,56,1,0,2,1279,-1.0,-1.0,-1.0,-1.0,-1.0,-1.0,-1.0,-1.0,-1.0,,throughput,False,data\dvfs\results\cohort_isqp\cohort\cohort_B0039_z0__isqp_l2.npz,bb0419eff067ebb3dcc9cbebba56be3c70f8ffef095b7cdeac2c0d719832f349
cohort_B0039_z11__isqp_none,cohort_B0039_z11,cohort,isqp_none,,Laplacian (RegTools),3x1x320x456,2714,0,3562.3957696034995,0.0,36,0,-144.50919144562522,0.022039056177732226,736.9329409097144,230.00523539999995,0.01826343201754386,0.0,0.986485252544742,0.6067940874346319,0.09435992324561404,56985.0033315934,736.9329409097144,46.99779345732378,4.138645023719471,True,2954,3049,-134.01104384772043,3041,3135,-134.01104384772043,2659,2712,-268.02208769544086,2665,2714,-144.50919144562522,0,0,0.010880642667000794,0,0,0.010880642667000794,0,0,0.02176128533398332,0,0,0.022039056177732226,2.381167877631567e-05,0.046799616228070176,0.00025982325270704806,0.06885964912280702,True,0,18,1,0,1,159,131.0,0.15286791690024512,0.1030855201833938,7.861078735542212,5.513189576000869,24.0,23.0,18.0,1.0,,throughput,False,data\dvfs\results\cohort_isqp\cohort\cohort_B0039_z11__isqp_none.npz,828744172aecaedddd02a20d379cee8e707fb34770061583f722c27de26c1bef
cohort_B0039_z1__isqp_l2,cohort_B0039_z1,cohort,isqp_l2,,Laplacian (RegTools),3x1x320x456,3753,0,8108.872388806084,0.0,8,0,-164.91149836874683,0.022000451648800115,2038.1926989634505,1155.1209142000007,0.025390625,0.0,1.1452791873933257,0.7596826096590352,0.08556743421052632,122571.47102910167,2038.1926989634505,144.16383379194116,9.816712400216376,True,3873,3957,-328.84915726303007,3892,3975,-341.4062403142743,3740,3780,-657.6983145260601,3705,3753,-164.91149836874683,0,0,0.010464517622904334,0,0,0.010464517622904334,0,0,0.021456536801467224,0,0,0.022000451648800115,1.0232705484584949e-05,0.04548382675438596,0.00012180611831476462,0.06810581140350877,True,0,60,1,0,2,1395,20.0,1.5647910744941576,0.08612963232145836,132.6581921447664,2.069484239334362,4.0,4.0,0.0,0.0,,throughput,False,data\dvfs\results\cohort_isqp\cohort\cohort_B0039_z1__isqp_l2.npz,1af294bd32cf3c7d0e067e2df1c4b5f14e44eba205b30495084153373863077a
cohort_B0039_z16__isqp_none,cohort_B0039_z16,cohort,isqp_none,,Laplacian (RegTools),3x1x320x456,1690,0,1368.9753860725896,0.0,49,0,-22.727169770150454,0.022081794212162574,227.67729433901926,85.96107309999934,0.011362390350877194,0.0,0.8000588554014755,0.4864980628732871,0.11705043859649122,11281.087090390036,227.67729433901926,22.51274647637102,0.6604851926457866,True,2060,2131,-32.340133992468054,2143,2203,-32.340133992468054,1752,1812,-64.68026798493611,1658,1690,-22.727169770150454,0,0,0.010999999949994368,0,0,0.010999999700426422,0,0,0.021999999899996146,0,0,0.022081794212162574,8.050212493457092e-05,0.04731359649122807,0.0005918610386658926,0.05620202850877193,True,0,27,3,0,1,144,287.0,0.03560146523251373,0.013923021645353785,2.3483365154248053,3.060972592003341,25.0,0.0,20.0,5.0,,throughput,False,data\dvfs\results\cohort_isqp\cohort\cohort_B0039_z16__isqp_none.npz,f3152f2ce5a311f4b5f008f91a1a533c50675c2213c42ebb09e7e7091de2af93
cohort_B0039_z16__isqp_l2,cohort_B0039_z16,cohort,isqp_l2,,Laplacian (RegTools),3x1x320x456,1690,0,1368.9753860725896,0.0,49,0,-22.727169770150454,0.02199968892991195,189.60259528507552,207.6344188999974,0.011362390350877194,0.0,0.8000588554014755,0.516689152635452,0.11657072368421052,7603.1228526767745,189.60259528507552,22.14077452226423,0.4469795915741784,True,2060,2131,-32.340133992468054,2143,2203,-32.340133992468054,1752,1812,-64.68026798493611,1658,1690,-22.727169770150454,0,0,0.010365260714111212,0,0,0.010225410284893155,0,0,0.02073052142822729,0,0,0.02199968892991195,8.050212493457092e-05,0.04731359649122807,0.0005859961394049583,0.05398848684210526,True,0,27,3,0,1,255,287.0,0.03560146523251373,0.013923021645353785,1.8105015802939943,2.530365987876117,26.0,0.0,21.0,5.0,,throughput,False,data\dvfs\results\cohort_isqp\cohort\cohort_B0039_z16__isqp_l2.npz,a60c2c12e02ca07c59a8c77bfc19bc4b98699c3175b7d079606aed7fa673f3d1
cohort_B0039_z2__isqp_l2,cohort_B0039_z2,cohort,isqp_l2,,Laplacian (RegTools),3x1x320x456,3695,0,7134.047373201501,0.0,7,0,-72.97379828666453,0.022017160414405355,1977.8372884985033,1009.7781260999982,0.02504111842105263,0.0,1.137648213980554,0.7588232211397297,0.0837376644736842,120044.6307805641,1977.8372884985033,131.1273727972973,9.824423502787797,True,3839,3909,-63.24384272992029,3862,3935,-73.40456092689419,3711,3742,-126.48768545984058,3654,3695,-72.97379828666453,0,0,0.010534810295871312,0,0,0.010534810295871312,0,0,0.02141345964698702,0,0,0.022017160414405355,1.9460203994384254e-05,0.045730537280701755,0.00014830085081130403,0.0687842653508772,True,0,56,1,0,2,1235,17.0,1.5125170760393363,0.1628986619656872,123.95676818312275,3.571459192271954,2.0,0.0,0.0,2.0,,throughput,False,data\dvfs\results\cohort_isqp\cohort\cohort_B0039_z2__isqp_l2.npz,5d750141d1ee59182fdb0e8e589304c57b7b53d6de98b17ae8629c563f1adc85
cohort_B0039_z48__isqp_none,cohort_B0039_z48,cohort,isqp_none,,Laplacian (RegTools),3x1x320x456,139,0,74.22738012563019,0.0,86,0,-6.972721279238879,0.023544803961611998,29.93264455612132,79.03104419999727,0.0009388706140350877,0.0,0.23559754590866863,0.12397895672617508,0.10659950657894737,647.0606513578713,29.93264455612132,7.0890112825243135,0.041598241810213515,True,480,489,-10.929998891818064,535,545,-15.536924122875405,275,285,-21.85999778363613,137,139,-6.972721279238879,0,0,0.010999999999985133,0,0,0.010999999999985133,0,0,0.022000000000000974,0,0,0.023544803961611998,2.0105044901004056e-05,0.021340460526315788,0.0012862109124200725,0.0223547149122807,True,0,32,1,0,1,151,396.0,0.011512279510498047,0.011378147935867309,0.20340536103800072,0.2892426249677429,53.0,23.0,38.0,16.0,,throughput,False,data\dvfs\results\cohort_isqp\cohort\cohort_B0039_z48__isqp_none.npz,d2ca55f5085c3ec224858e6987e7324fc1b31e7f04b71813e9b11f4f14a882d2
cohort_B0039_z2__isqp_none,cohort_B0039_z2,cohort,isqp_none,,Laplacian (RegTools),3x1x320x456,3695,0,7134.047373201501,0.0,7,0,-72.97379828666453,0.021726166490305666,2341.102443447981,1338.9106686000014,0.02504111842105263,0.0,1.137648213980554,0.6890726722651376,0.08801398026315789,197653.66381869628,2341.102443447981,133.18706922267978,15.389991732359752,True,3839,3909,-63.24384272992029,3862,3935,-73.40456092689419,3711,3742,-126.48768545984058,3654,3695,-72.97379828666453,0,0,0.010683278952482883,0,0,0.010683278952482883,0,0,0.021366557904614576,0,0,0.021726166490305666,1.9460203994384254e-05,0.045730537280701755,4.476862457775733e-05,0.07778919956140351,True,0,93,1,13,4,1770,17.0,1.5125170760393363,0.1628986619656872,127.23107428300406,2.0029276138641836,2.0,0.0,0.0,2.0,,throughput,False,data\dvfs\results\cohort_isqp\cohort\cohort_B0039_z2__isqp_none.npz,f22224b5dd80dd255d12951dc6c88ae681c37295c59f7cf57c48e8fa43e30b98
cohort_B0039_z48__isqp_l2,cohort_B0039_z48,cohort,isqp_l2,,Laplacian (RegTools),3x1x320x456,139,0,74.22738012563019,0.0,86,0,-6.972721279238879,0.022278548140322877,24.326280935016268,180.6950771999982,0.0009388706140350877,0.0,0.23559754590866863,0.13054772403162648,0.10484512061403509,452.48347151178797,24.326280935016268,7.103823662456226,0.02957601617829845,True,480,489,-10.929998891818064,535,545,-15.536924122875405,275,285,-21.85999778363613,137,139,-6.972721279238879,0,0,0.01062352478617121,0,0,0.01062352478617121,0,0,0.0212470495723631,0,0,0.022278548140322877,2.0105044901004056e-05,0.021340460526315788,0.0009922894004433013,0.021991502192982456,True,0,44,1,0,1,255,396.0,0.011512279510498047,0.011378147935867309,0.16706229091915015,0.24199974097858487,49.0,23.0,35.0,16.0,,throughput,False,data\dvfs\results\cohort_isqp\cohort\cohort_B0039_z48__isqp_l2.npz,097e3713770b909d70873cfa6c2969652c248e881871d351217ddec9c5edf971
cohort_B0039_z96__isqp_none,cohort_B0039_z96,cohort,isqp_none,,Laplacian (RegTools),3x1x320x456,165,0,74.06629572546657,0.0,91,0,-3.4875348086503424,0.022259532713166226,25.990430895704666,155.72308689999772,0.0011170504385964912,0.0,0.2529921644895079,0.12257560362574488,0.20130208333333333,706.8193575851182,25.990430895704666,3.8078130583678904,0.024062754734973723,True,607,618,-4.195390016930808,682,695,-6.535248463547319,354,369,-5.721083399793052,163,165,-3.4875348086503424,0,0,0.010999999999991017,0,0,0.010999999999991017,0,0,0.02200000000000342,0,0,0.022259532713166226,6.85750730248854e-05,0.02894736842105263,0.0006431430653275246,0.029721765350877193,True,0,42,3,0,1,118,543.0,0.009456899050964215,0.008739032132628834,0.08549651779212977,0.1147127392419032,114.0,56.0,102.0,26.0,,throughput,False,data\dvfs\results\cohort_isqp\cohort\cohort_B0039_z96__isqp_none.npz,02a69106e8037c29d1c5f5e2dbed6d3db7f108f932f4304129ba985a02d76032
cohort_B0039_z144__isqp_none,cohort_B0039_z144,cohort,isqp_none,,Laplacian (RegTools),3x1x320x456,254,0,135.3726401866041,0.0,125,0,-3.2635899868175766,0.022277550335566956,37.13851322097044,177.08237699999881,0.0017201206140350876,0.0,0.30743162217297404,0.14298865869012128,0.24832099780701755,1143.8537920772396,37.13851322097044,5.929494423845677,0.031567649843445275,True,804,820,-6.328473526114209,906,924,-10.64163085081591,483,498,-9.068562735716114,251,254,-3.2635899868175766,0,0,0.010999178212586301,0,0,0.010999178212586301,0,0,0.021998356425145013,0,0,0.022277550335566956,0.00011342196825220161,0.03904879385964912,0.0010462980897683783,0.04039884868421053,True,0,33,3,0,1,141,769.0,0.008643150329589844,0.00852875324476219,0.15520124486793938,0.2197691792994189,141.0,61.0,122.0,42.0,,throughput,False,data\dvfs\results\cohort_isqp\cohort\cohort_B0039_z144__isqp_none.npz,4f36ad83f16b53eb08aa71ecf2ac5bf33a73b02ed4ed22d4df5f0152d811a977
cohort_B0039_z11__isqp_l2,cohort_B0039_z11,cohort,isqp_l2,,Laplacian (RegTools),3x1x320x456,2714,0,3562.3957696034995,0.0,36,0,-144.50919144562522,0.02200228868440245,566.0494094112997,919.5489381000007,0.01826343201754386,0.0,0.986485252544742,0.6653755756984497,0.09446957236842106,36559.450242268234,566.0494094112997,49.91834529781093,2.6521182620433974,True,2954,3049,-134.01104384772043,3041,3135,-134.01104384772043,2659,2712,-268.02208769544086,2665,2714,-144.50919144562522,0,0,0.010521726196428527,0,0,0.010521726196428527,0,0,0.021835542060930406,0,0,0.02200228868440245,2.381167877631567e-05,0.046799616228070176,0.00015994955824169462,0.06479577850877193,True,0,67,1,1,3,864,131.0,0.15286791690024512,0.1030855201833938,8.009778761632218,6.232428157954358,24.0,23.0,23.0,1.0,,throughput,False,data\dvfs\results\cohort_isqp\cohort\cohort_B0039_z11__isqp_l2.npz,0b543e5d57ffa10954cb083c09740441cb149889c2db3483ace6094dfe72e927
cohort_B0039_z96__isqp_l2,cohort_B0039_z96,cohort,isqp_l2,,Laplacian (RegTools),3x1x320x456,165,0,74.06629572546657,0.0,91,0,-3.4875348086503424,0.022327284990547102,22.362947173673888,341.6340624000004,0.0011170504385964912,0.0,0.2529921644895079,0.13363854874139394,0.18243558114035088,523.6989750370725,22.362947173673888,4.3227212971753275,0.019672400549831805,True,607,618,-4.195390016930808,682,695,-6.535248463547319,354,369,-5.721083399793052,163,165,-3.4875348086503424,0,0,0.010740943663491345,0,0,0.010721128158297346,0,0,0.021721297131292353,0,0,0.022327284990547102,6.85750730248854e-05,0.02894736842105263,0.000434037270553033,0.029523026315789475,True,0,57,3,0,1,213,543.0,0.009456899050964215,0.008739032132628834,0.06487942842364457,0.08969244100704521,94.0,56.0,82.0,26.0,,throughput,False,data\dvfs\results\cohort_isqp\cohort\cohort_B0039_z96__isqp_l2.npz,cbcc330f91626de281aa5ba7c64a51e4247dc23f494d252a2bf1527524e9ad9d
cohort_B0039_z192__isqp_none,cohort_B0039_z192,cohort,isqp_none,,Laplacian (RegTools),3x1x320x456,276,0,142.52371941018924,0.0,147,0,-4.143628585741685,0.022650170354546327,40.24688904664376,190.59536519999892,0.0018640350877192982,0.0,0.3204774763882875,0.15258268749003384,0.3274191337719298,1278.6489126055003,40.24688904664376,6.265274788626975,0.02676285477542542,True,954,964,-9.16670760903935,1035,1048,-9.16670760903935,544,571,-18.3334152180787,272,276,-4.143628585741685,0,0,0.010996277026348616,0,0,0.010996277026348616,0,0,0.021999776561160866,0,0,0.022650170354546327,3.676406458299146e-05,0.04311266447368421,0.0009355536987152689,0.04453125,True,0,63,3,0,1,218,875.0,0.008643150329589844,0.012814334678649902,0.08809990174727947,0.12507700634236685,178.0,82.0,164.0,34.0,,throughput,False,data\dvfs\results\cohort_isqp\cohort\cohort_B0039_z192__isqp_none.npz,5f3814cceadd449c7512454eae1cf62896ac88579dc685cb572b535f34dd214d
cohort_B0039_z240__isqp_none,cohort_B0039_z240,cohort,isqp_none,,Laplacian (RegTools),3x1x320x456,250,0,97.75575956670932,0.0,160,0,-5.920141741881052,0.023254693546385298,35.97069875365727,85.05708869999944,0.001631030701754386,0.0,0.30700581791496934,0.1585665713079994,0.30585252192982454,1145.3991331119407,35.97069875365727,7.083448780952043,0.02566433190929735,True,966,988,-9.722145503989566,1058,1087,-12.365988174393294,545,582,-16.164868076342586,238,250,-5.920141741881052,0,0,0.01099999689801244,0,0,0.01099999689801244,0,0,0.021999993796031694,0,0,0.023254693546385298,3.518604633023191e-05,0.04555921052631579,0.0008174338416509097,0.047190241228070175,True,0,45,5,0,1,204,975.0,0.008643150329589844,0.007124377012252808,0.07122860399799501,0.1031681610106902,146.0,47.0,130.0,32.0,,throughput,False,data\dvfs\results\cohort_isqp\cohort\cohort_B0039_z240__isqp_none.npz,46fa1b83fe13e7b624acc0aed2ecec7a2587c6eec67f6091fe4b8f176a0f2ef9
cohort_B0039_z144__isqp_l2,cohort_B0039_z144,cohort,isqp_l2,,Laplacian (RegTools),3x1x320x456,254,0,135.3726401866041,0.0,125,0,-3.2635899868175766,0.022002697845861428,31.18240502842339,391.57360510000217,0.0017201206140350876,0.0,0.30743162217297404,0.15281926365909404,0.24656661184210527,806.226024690205,31.18240502842339,6.6906283033083,0.0224082388251537,True,804,820,-6.328473526114209,906,924,-10.64163085081591,483,498,-9.068562735716114,251,254,-3.2635899868175766,0,0,0.010540768581369844,0,0,0.010538871369403326,0,0,0.0210815371628119,0,0,0.022002697845861428,0.00011342196825220161,0.03904879385964912,0.0008709761277107927,0.039816337719298246,True,0,46,3,0,1,291,769.0,0.008643150329589844,0.00852875324476219,0.11477028010177051,0.16795456141478765,141.0,61.0,123.0,42.0,,throughput,False,data\dvfs\results\cohort_isqp\cohort\cohort_B0039_z144__isqp_l2.npz,827b1a656a063b03f98af228f9fdd24222361319fa6e8a2dcb05159f744b072c
cohort_B0039_z264__isqp_none,cohort_B0039_z264,cohort,isqp_none,,Laplacian (RegTools),3x1x320x456,306,0,133.45570962418722,0.0,188,0,-3.491226293058075,0.023221299224278492,45.95285703144956,70.81158270000014,0.0020764802631578947,0.0,0.33736161904597456,0.16601317776074892,0.29059073464912283,1582.724350114905,45.95285703144956,6.150216742474386,0.037325763510008846,True,1112,1121,-7.422033348526725,1224,1244,-7.422033348526725,637,660,-14.84406669705345,303,306,-3.491226293058075,0,0,0.010999272212979527,0,0,0.010999272212979527,0,0,0.021998544425930633,0,0,0.023221299224278492,0.00014814128057898695,0.0516515899122807,0.0011605493260646628,0.05380345394736842,True,0,37,6,0,1,175,1127.0,0.008643150329589844,0.007124377012252808,0.0663278705092939,0.09581459089626373,180.0,58.0,171.0,44.0,,throughput,False,data\dvfs\results\cohort_isqp\cohort\cohort_B0039_z264__isqp_none.npz,11a2d38abc9dd942bb3f718cad3d61fd0f08017ac075619feb724286374b0557
cohort_B0039_z192__isqp_l2,cohort_B0039_z192,cohort,isqp_l2,,Laplacian (RegTools),3x1x320x456,276,0,142.52371941018924,0.0,147,0,-4.143628585741685,0.022000077630769502,35.05935673658744,315.16597230000116,0.0018640350877192982,0.0,0.3204774763882875,0.16769989220737028,0.28175712719298246,948.7776175579779,35.05935673658744,6.0413000584538965,0.023076752871478763,True,954,964,-9.16670760903935,1035,1048,-9.16670760903935,544,571,-18.3334152180787,272,276,-4.143628585741685,0,0,0.010346414073293664,0,0,0.010346414073293664,0,0,0.021208859868939937,0,0,0.022000077630769502,3.676406458299146e-05,0.04311266447368421,0.0005417831969581981,0.04399671052631579,True,0,63,3,0,1,333,875.0,0.008643150329589844,0.012814334678649902,0.05867781315416688,0.08698736491302807,147.0,82.0,131.0,34.0,,throughput,False,data\dvfs\results\cohort_isqp\cohort\cohort_B0039_z192__isqp_l2.npz,eedb524557167fef208ae8609f0470df35af9cae4941bd04da782b96261d83b0
cohort_B0039_z240__isqp_l2,cohort_B0039_z240,cohort,isqp_l2,,Laplacian (RegTools),3x1x320x456,250,0,97.75575956670932,0.0,160,0,-5.920141741881052,0.021999816475369284,29.909204423400595,159.9503552999995,0.001631030701754386,0.0,0.30700581791496934,0.16198758238841574,0.2433730811403509,783.5007000769344,29.909204423400595,7.267287626634007,0.022062363080475725,True,966,988,-9.722145503989566,1058,1087,-12.365988174393294,545,582,-16.164868076342586,238,250,-5.920141741881052,0,0,0.010559044875479187,0,0,0.010559044875479187,0,0,0.02111808975095719,0,0,0.021999816475369284,3.518604633023191e-05,0.04555921052631579,0.0006285360396256576,0.0466625548245614,True,0,46,5,0,1,328,975.0,0.008643150329589844,0.007124377012252808,0.04782891902938044,0.07088628781506445,121.0,47.0,101.0,32.0,,throughput,False,data\dvfs\results\cohort_isqp\cohort\cohort_B0039_z240__isqp_l2.npz,40f2febbf619ddd915ed761f5af57aa7545fb0a103088ab05489d424fadbbca2
cohort_B0039_z288__isqp_none,cohort_B0039_z288,cohort,isqp_none,,Laplacian (RegTools),3x1x320x456,319,0,151.15467329068034,0.0,169,0,-5.252654832788053,0.023080729244356734,40.210406775644145,89.24532700000054,0.0021381578947368422,0.0,0.3450253752521538,0.16078628365340997,0.3667900219298246,1359.000770592455,40.210406775644145,7.114496865487424,0.02539144222174909,True,1052,1069,-8.996955141738113,1174,1198,-8.996955141738113,621,641,-16.94333103069789,312,319,-5.252654832788053,0,0,0.010999999708960928,0,0,0.010998128505430027,0,0,0.021999999999841986,0,0,0.023080729244356734,3.658185508798947e-05,0.05013706140350877,0.001104771902038311,0.05148026315789474,True,0,39,6,0,1,184,1082.0,0.008643150329589844,0.007124377012252808,0.11089265385796301,0.16082968806604486,172.0,57.0,164.0,42.0,,throughput,False,data\dvfs\results\cohort_isqp\cohort\cohort_B0039_z288__isqp_none.npz,f5fe5d102f6238d896d6088191da5bbd577eab542d80d86011ca0885d63ebc95
cohort_B0039_z264__isqp_l2,cohort_B0039_z264,cohort,isqp_l2,,Laplacian (RegTools),3x1x320x456,306,0,133.45570962418722,0.0,188,0,-3.491226293058075,0.02211732935880931,36.788384903725046,177.15711939999892,0.0020764802631578947,0.0,0.33736161904597456,0.17118248839201305,0.2599986293859649,1037.2234331431725,36.788384903725046,6.3519848386175966,0.02733924017879155,True,1112,1121,-7.422033348526725,1224,1244,-7.422033348526725,637,660,-14.84406669705345,303,306,-3.491226293058075,0,0,0.010002246317852487,0,0,0.010002246317852487,0,0,0.020004492635718102,0,0,0.02211732935880931,0.00014814128057898695,0.0516515899122807,0.00040697408900137853,0.052713815789473685,True,0,50,6,0,1,340,1127.0,0.008643150329589844,0.007124377012252808,0.041681634451280015,0.0617961841465434,141.0,58.0,128.0,44.0,,throughput,False,data\dvfs\results\cohort_isqp\cohort\cohort_B0039_z264__isqp_l2.npz,1470c79270f7ea40f5c1663654a0238ac4eb4829769ee231082cbd3fa9909726
cohort_B0039_z336__isqp_none,cohort_B0039_z336,cohort,isqp_none,,Laplacian (RegTools),3x1x320x456,280,0,159.57005089500666,0.0,144,0,-5.75232253098477,0.022176645568164937,39.99490591128395,70.99212640000042,0.0018777412280701754,0.0,0.32604145351261643,0.16789824064620643,0.30776452850877195,1357.3502089599683,39.99490591128395,4.253315116623413,0.03022445854861984,True,928,956,-7.658915737870075,1054,1079,-9.562817996600131,552,573,-14.816923110657285,274,280,-5.75232253098477,0,0,0.010999999999949939,0,0,0.010999935745297507,0,0,0.021999999999999808,0,0,0.022176645568164937,8.856094940589654e-06,0.04917077850877193,0.0008746131277483997,0.050856633771929824,True,0,39,4,0,1,166,967.0,0.008643150329589844,0.007124377012252808,0.0589025918560822,0.08198523093995132,217.0,147.0,157.0,62.0,,throughput,False,data\dvfs\results\cohort_isqp\cohort\cohort_B0039_z336__isqp_none.npz,254dd0baf4fe9e4fbd64c90636330ad9950c6397a0f319a1efd66fb993e62cff
cohort_B0039_z384__isqp_none,cohort_B0039_z384,cohort,isqp_none,,Laplacian (RegTools),3x1x320x456,472,0,183.683243437662,0.0,224,0,-4.1683294363107315,0.022442995888573538,42.41865861822309,106.20441769999888,0.0031455592105263156,0.0,0.4287009554123702,0.2218739854479852,0.33905564692982454,1731.8555214832595,42.41865861822309,5.9922285972615965,0.03500465935287033,True,1284,1315,-9.84724016252133,1449,1479,-9.84724016252133,741,786,-19.69448032504266,459,472,-4.1683294363107315,0,0,0.01098759078981229,0,0,0.01098759078981229,0,0,0.021999999993120335,0,0,0.022442995888573538,1.164401720025802e-05,0.061300712719298246,0.0011298686753552466,0.06352796052631579,True,0,47,5,0,1,240,1056.0,0.011559395130405591,0.011448001553942233,0.20602415269754726,0.2919359687789211,143.0,50.0,122.0,19.0,,throughput,False,data\dvfs\results\cohort_isqp\cohort\cohort_B0039_z384__isqp_none.npz,a960c9d9ca0242d048f7b9745b5a901f360f7cd07e633c3599a9a8b7ef055902
cohort_B0039_z288__isqp_l2,cohort_B0039_z288,cohort,isqp_l2,,Laplacian (RegTools),3x1x320x456,319,0,151.15467329068034,0.0,169,0,-5.252654832788053,0.022067881852677943,33.218273459200546,209.55547469999874,0.0021381578947368422,0.0,0.3450253752521538,0.175573642443796,0.32606222587719297,916.7231051266648,33.218273459200546,6.748597821347566,0.01926738908187782,True,1052,1069,-8.996955141738113,1174,1198,-8.996955141738113,621,641,-16.94333103069789,312,319,-5.252654832788053,0,0,0.010598259959644425,0,0,0.01007935417974172,0,0,0.021264160378809738,0,0,0.022067881852677943,3.658185508798947e-05,0.05013706140350877,0.0006506819828831167,0.05091831140350877,True,0,51,6,0,1,306,1082.0,0.008643150329589844,0.007124377012252808,0.06355050838348708,0.09421839818946057,140.0,57.0,128.0,42.0,,throughput,False,data\dvfs\results\cohort_isqp\cohort\cohort_B0039_z288__isqp_l2.npz,c612b3c1b56f763f7206f2514d03bce679c01307f77a28f59616472bc19e28a4
cohort_B0039_z336__isqp_l2,cohort_B0039_z336,cohort,isqp_l2,,Laplacian (RegTools),3x1x320x456,280,0,159.57005089500666,0.0,144,0,-5.75232253098477,0.022123250625755944,31.24860431035234,227.22008089999872,0.0018777412280701754,0.0,0.32604145351261643,0.176881860406889,0.24903371710526315,855.8599670683877,31.24860431035234,4.809429111137436,0.023552105645955796,True,928,956,-7.658915737870075,1054,1079,-9.562817996600131,552,573,-14.816923110657285,274,280,-5.75232253098477,0,0,0.01060442532344489,0,0,0.01060442532344489,0,0,0.021388057269374032,0,0,0.022123250625755944,8.856094940589654e-06,0.04917077850877193,0.0007016300069971454,0.050212445175438596,True,0,61,4,0,1,310,967.0,0.008643150329589844,0.007124377012252808,0.040397582686570156,0.05873364239221027,191.0,147.0,123.0,62.0,,throughput,False,data\dvfs\results\cohort_isqp\cohort\cohort_B0039_z336__isqp_l2.npz,4ec66677aa75535a519e53831e5331f331fc544e252349b5dce67ddd1597ab4f
cohort_B0039_z384__isqp_l2,cohort_B0039_z384,cohort,isqp_l2,,Laplacian (RegTools),3x1x320x456,472,0,183.683243437662,0.0,224,0,-4.1683294363107315,0.022066993426995335,35.993451981085336,260.182867800002,0.0031455592105263156,0.0,0.4287009554123702,0.23478213172918524,0.2874794407894737,1231.069851569306,35.993451981085336,6.402489897438834,0.02934682236928904,True,1284,1315,-9.84724016252133,1449,1479,-9.84724016252133,741,786,-19.69448032504266,459,472,-4.1683294363107315,0,0,0.010346581740264824,0,0,0.010346581740264824,0,0,0.0210260667923494,0,0,0.022066993426995335,1.164401720025802e-05,0.061300712719298246,0.000665183285426982,0.06257538377192982,True,0,47,5,0,1,397,1056.0,0.011559395130405591,0.011448001553942233,0.1806382112908922,0.255221315564869,127.0,50.0,106.0,19.0,,throughput,False,data\dvfs\results\cohort_isqp\cohort\cohort_B0039_z384__isqp_l2.npz,9f6ae0b32c32ff4acf16e6169dbc787845742e4f6ac12193317e9d2889d0d997
cohort_B0039_z432__isqp_none,cohort_B0039_z432,cohort,isqp_none,,Laplacian (RegTools),3x1x320x456,689,0,366.53127325677804,0.0,275,0,-6.016493187962707,0.02229221857206133,68.40818381636646,189.87624460000006,0.004625822368421052,0.0,0.5150522518538421,0.26991246538598146,0.41870888157894737,3472.0130096330736,68.40818381636646,7.787874082861402,0.056826950303333554,True,1712,1751,-14.097683209357456,1935,1981,-17.15599813925786,1035,1088,-25.564516271971115,675,689,-6.016493187962707,0,0,0.010999999999973562,0,0,0.010999999999973562,0,0,0.021999999999955555,0,0,0.02229221857206133,6.450380010606944e-05,0.0802905701754386,0.000919409260242467,0.08523848684210526,True,0,68,5,0,1,339,1171.0,0.017286300659179688,0.014461279146963234,0.3056798045134288,0.43067651096759746,155.0,96.0,106.0,33.0,,throughput,False,data\dvfs\results\cohort_isqp\cohort\cohort_B0039_z432__isqp_none.npz,85cf69a9c56ffa40033226f0801d03e714369b0eb2fe99e4dcc2945e1acf253e
cohort_B0049_z0__isqp_none,cohort_B0049_z0,cohort,isqp_none,,Laplacian (RegTools),3x1x320x456,647,0,387.6758911949189,0.0,11,0,-5.394965602060438,0.02205132908967422,81.89724340305594,9.80298010000115,0.004351699561403508,0.0,0.49225739836902893,0.29849537096953555,0.029975328947368422,3410.4368840532743,81.89724340305594,6.799752500390909,0.7797066493034464,True,693,728,-4.146920716294517,764,788,-5.572778147439749,634,656,-6.148813657946448,635,647,-5.394965602060438,0,0,0.010999999999996022,0,0,0.010999999999996022,0,0,0.02200048755641954,0,0,0.02205132908967422,0.00029056844931406415,0.014576480263157894,0.0026457379464044878,0.01903782894736842,True,0,5,0,0,1,39,-1.0,-1.0,-1.0,-1.0,-1.0,-1.0,-1.0,-1.0,-1.0,,throughput,False,data\dvfs\results\cohort_isqp\cohort\cohort_B0049_z0__isqp_none.npz,8eb463961ad9d0536134b7a8421b1f173b414b85f7f015f6b276e2e2ec2282c3
cohort_B0049_z0__isqp_l2,cohort_B0049_z0,cohort,isqp_l2,,Laplacian (RegTools),3x1x320x456,647,0,387.6758911949189,0.0,11,0,-5.394965602060438,0.02200483558101862,69.80547892043967,23.32316880000144,0.004351699561403508,0.0,0.49225739836902893,0.3124720786618446,0.029475054824561402,2701.431448016272,69.80547892043967,7.152220881683654,0.6280938033053411,True,693,728,-4.146920716294517,764,788,-5.572778147439749,634,656,-6.148813657946448,635,647,-5.394965602060438,0,0,0.010510407902176163,0,0,0.010510407902176163,0,0,0.021020815804351806,0,0,0.02200483558101862,0.00029056844931406415,0.014576480263157894,0.001946017004449329,0.018578673245614036,True,0,5,0,0,1,67,-1.0,-1.0,-1.0,-1.0,-1.0,-1.0,-1.0,-1.0,-1.0,,throughput,False,data\dvfs\results\cohort_isqp\cohort\cohort_B0049_z0__isqp_l2.npz,c965715d89f00ff87ba3db5a1933ac94d0419a61555d0e2d7e456a83e551ed45
cohort_B0049_z48__isqp_none,cohort_B0049_z48,cohort,isqp_none,,Laplacian (RegTools),3x1x320x456,192,0,111.39929224734777,0.0,92,0,-4.7586708770023565,0.022605165270802686,41.30993246935743,57.57024199999796,0.0013157894736842105,0.0,0.2706521167472828,0.13833013855010978,0.14757401315789473,1054.9137743717147,41.30993246935743,7.042095294972932,0.048988287098157085,True,515,527,-11.345190257807694,596,612,-11.345190257807694,312,336,-22.690380515615388,192,192,-4.7586708770023565,0,0,0.010925765422794498,0,0,0.010925765422794498,0,0,0.022002036132070614,0,0,0.022605165270802686,2.394179422332148e-05,0.022286184210526316,0.0014007366381495077,0.023649945175438596,True,0,19,2,0,1,107,404.0,0.006786346435546875,0.0052876981258392335,0.2969788439454804,0.40252686505267415,67.0,37.0,44.0,30.0,,throughput,False,data\dvfs\results\cohort_isqp\cohort\cohort_B0049_z48__isqp_none.npz,e3b0bcdf175550ebc243ae59a459ea3ed9e343c229c402790b74170eeb6cd2eb
cohort_B0039_z480__isqp_none,cohort_B0039_z480,cohort,isqp_none,,Laplacian (RegTools),3x1x320x456,521,0,282.7133140680283,0.0,192,0,-11.110580129727595,0.022208660630551325,65.60855443440288,195.89283000000069,0.0034676535087719298,0.0,0.4458612807618409,0.23768762120541945,0.3888157894736842,2833.6986772818555,65.60855443440288,9.14423156001606,0.04994533765654709,True,1257,1307,-17.88562396070631,1428,1483,-17.88562396070631,743,798,-21.863570467870204,506,521,-11.110580129727595,0,0,0.01099999999915805,0,0,0.010999989880114379,0,0,0.02199999999884388,0,0,0.022208660630551325,2.432286197863457e-05,0.05579769736842105,0.0008282016852794535,0.05958059210526316,True,0,72,3,0,1,312,839.0,0.017286300659179688,0.012814334678649902,0.32508943530638085,0.4491619340119718,130.0,90.0,81.0,25.0,,throughput,False,data\dvfs\results\cohort_isqp\cohort\cohort_B0039_z480__isqp_none.npz,c648e0fa99edeefe5b3fbf494bd3be468eba8e5be9602a3701ca2a053e94a186
cohort_B0049_z96__isqp_none,cohort_B0049_z96,cohort,isqp_none,,Laplacian (RegTools),3x1x320x456,189,0,84.37668391234374,0.0,102,0,-3.3074797455457556,0.023148453858364178,27.970111682957015,57.22294160000092,0.0012678179824561404,0.0,0.26693210123325184,0.12784631250567421,0.20512609649122807,786.5263897605056,27.970111682957015,5.564486666342036,0.02627710776962801,True,613,624,-4.438491727595995,704,721,-4.617481062379284,371,390,-8.87698345519199,185,189,-3.3074797455457556,0,0,0.010993735746638787,0,0,0.010993735746638787,0,0,0.021987471493288134,0,0,0.023148453858364178,3.720802425454284e-05,0.029180372807017543,0.0006978908524594486,0.030057565789473686,True,0,20,1,0,1,93,555.0,0.004677714490627756,0.00693517950380471,0.16705785683746271,0.23751360481965839,73.0,9.0,73.0,6.0,,throughput,False,data\dvfs\results\cohort_isqp\cohort\cohort_B0049_z96__isqp_none.npz,529828d0a682903a319ae02d981b860654ac60f19d749d816d43b50a84c9415d
cohort_B0049_z48__isqp_l2,cohort_B0049_z48,cohort,isqp_l2,,Laplacian (RegTools),3x1x320x456,192,0,111.39929224734777,0.0,92,0,-4.7586708770023565,0.022240307177030766,34.01296129445065,150.94226740000158,0.0013157894736842105,0.0,0.2706521167472828,0.14580649644120355,0.136218475877193,706.8715698110532,34.01296129445065,5.674784475159839,0.0355622865528527,True,515,527,-11.345190257807694,596,612,-11.345190257807694,312,336,-22.690380515615388,192,192,-4.7586708770023565,0,0,0.010634411153584655,0,0,0.010634411153584655,0,0,0.02126882230717118,0,0,0.022240307177030766,2.394179422332148e-05,0.022286184210526316,0.0005572224870090043,0.02294407894736842,True,0,31,2,0,1,196,404.0,0.006786346435546875,0.0052876981258392335,0.27932354769089096,0.39607658046439076,58.0,37.0,33.0,30.0,,throughput,False,data\dvfs\results\cohort_isqp\cohort\cohort_B0049_z48__isqp_l2.npz,db33c559de480d079008549109ab1a92fc0f4c56ffd9391424fc3d78752c4ebe
cohort_B0039_z432__isqp_l2,cohort_B0039_z432,cohort,isqp_l2,,Laplacian (RegTools),3x1x320x456,689,0,366.53127325677804,0.0,275,0,-6.016493187962707,0.021947984106776567,50.67715005182576,477.44239150000067,0.004625822368421052,0.0,0.5150522518538421,0.2874575302739816,0.37933114035087717,2016.9272041308216,50.67715005182576,7.056503418880366,0.0364381992363568,True,1712,1751,-14.097683209357456,1935,1981,-17.15599813925786,1035,1088,-25.564516271971115,675,689,-6.016493187962707,0,0,0.01060754621525283,0,0,0.01060754621525283,0,0,0.02121509243050123,0,0,0.021947984106776567,6.450380010606944e-05,0.0802905701754386,0.0005034891231912536,0.08268914473684211,True,0,86,5,0,1,553,1171.0,0.017286300659179688,0.014461279146963234,0.2334128463416077,0.33336117205481697,182.0,96.0,150.0,33.0,,throughput,False,data\dvfs\results\cohort_isqp\cohort\cohort_B0039_z432__isqp_l2.npz,ca19d61c93b18935cb3cf5102feee0d6667c029274dbc0f396eac0a50007b3c6
cohort_B0049_z144__isqp_none,cohort_B0049_z144,cohort,isqp_none,,Laplacian (RegTools),3x1x320x456,191,0,105.92713999993526,0.0,114,0,-5.187572066027455,0.022885260353686765,31.921202530499468,61.61021510000137,0.0012815241228070176,0.0,0.26840785510140214,0.1258683355909964,0.23177768640350876,893.6075079306235,31.921202530499468,6.181101996925786,0.0264216761163367,True,757,770,-6.237167319705609,836,853,-9.71751138571365,440,458,-12.474334639411218,187,191,-5.187572066027455,0,0,0.010999999994881271,0,0,0.010999638014561948,0,0,0.021999999999811382,0,0,0.022885260353686765,8.941844404031838e-06,0.037438322368421054,0.0007059473564560153,0.038308662280701754,True,0,34,3,0,1,126,775.0,0.0033931732177734375,0.005030718612670898,0.07840895053439484,0.11448144337544047,122.0,34.0,115.0,25.0,,throughput,False,data\dvfs\results\cohort_isqp\cohort\cohort_B0049_z144__isqp_none.npz,692870d1d1847acf0aeddb5b933943b4e4ccbb661fa129da42cde0df1cfc7043
cohort_B0049_z96__isqp_l2,cohort_B0049_z96,cohort,isqp_l2,,Laplacian (RegTools),3x1x320x456,189,0,84.37668391234374,0.0,102,0,-3.3074797455457556,0.022011805175689264,23.546831391747617,139.0402060000015,0.0012678179824561404,0.0,0.26693210123325184,0.1405519062334303,0.15911458333333334,570.1340184978333,23.546831391747617,5.618868035681673,0.024555690347912537,True,613,624,-4.438491727595995,704,721,-4.617481062379284,371,390,-8.87698345519199,185,189,-3.3074797455457556,0,0,0.01061029966225903,0,0,0.010388192676718847,0,0,0.02122059932452113,0,0,0.022011805175689264,3.720802425454284e-05,0.029180372807017543,0.0007106773573695585,0.029913651315789474,True,0,20,1,0,1,159,555.0,0.004677714490627756,0.00693517950380471,0.1461929364930889,0.21197952446315105,62.0,9.0,62.0,6.0,,throughput,False,data\dvfs\results\cohort_isqp\cohort\cohort_B0049_z96__isqp_l2.npz,7c3b63bfb2506e774ca28aa1a99225171b7bcf79b912d957f4a73c2875e3a3f4
cohort_B0039_z480__isqp_l2,cohort_B0039_z480,cohort,isqp_l2,,Laplacian (RegTools),3x1x320x456,521,0,282.7133140680283,0.0,192,0,-11.110580129727595,0.022291204644812265,51.39490773115484,460.7859997000014,0.0034676535087719298,0.0,0.4458612807618409,0.2497365569695874,0.3363555372807018,1650.600621679328,51.39490773115484,10.667678163202213,0.03363013430205839,True,1257,1307,-17.88562396070631,1428,1483,-17.88562396070631,743,798,-21.863570467870204,506,521,-11.110580129727595,0,0,0.010856787902900284,0,0,0.010771329907794232,0,0,0.021754645356399857,0,0,0.022291204644812265,2.432286197863457e-05,0.05579769736842105,0.0007122006938975025,0.057545230263157894,True,0,112,3,0,1,520,839.0,0.017286300659179688,0.012814334678649902,0.24691760036000845,0.350270214243897,135.0,90.0,93.0,25.0,,throughput,False,data\dvfs\results\cohort_isqp\cohort\cohort_B0039_z480__isqp_l2.npz,e0886c93950bb1b37f3d84781401c2231bcdd5320ec25533a989065d16975e89
cohort_B0049_z192__isqp_none,cohort_B0049_z192,cohort,isqp_none,,Laplacian (RegTools),3x1x320x456,312,0,145.3232157462926,0.0,161,0,-6.440856330414306,0.022892261884924242,45.58370115754364,142.78104189999794,0.0021381578947368422,0.0,0.3372626379416493,0.15632087496792868,0.35013020833333336,1358.7504506586674,45.58370115754364,9.665468761389674,0.02659471238884867,True,982,998,-8.462801837826905,1081,1102,-8.462801837826905,548,584,-16.92560367565381,312,312,-6.440856330414306,0,0,0.010999999937029672,0,0,0.010996343843639789,0,0,0.021999999934705028,0,0,0.022892261884924242,5.904560771929863e-05,0.04276315789473684,0.0006377857329504128,0.04412006578947368,True,0,49,4,0,1,235,908.0,0.004677714490627756,0.00693517950380471,0.14451138598709845,0.20862822167960185,134.0,24.0,130.0,38.0,,throughput,False,data\dvfs\results\cohort_isqp\cohort\cohort_B0049_z192__isqp_none.npz,1853494a6b1e3ab5693367921455b50fc06c5333e7127d35ef67fab087248549
cohort_B0049_z144__isqp_l2,cohort_B0049_z144,cohort,isqp_l2,,Laplacian (RegTools),3x1x320x456,191,0,105.92713999993526,0.0,114,0,-5.187572066027455,0.02206447509951074,27.11358576164876,164.76495099999738,0.0012815241228070176,0.0,0.26840785510140214,0.13729845576071478,0.20943667763157894,646.1505672488213,27.11358576164876,6.445131728478748,0.021142978542875602,True,757,770,-6.237167319705609,836,853,-9.71751138571365,440,458,-12.474334639411218,187,191,-5.187572066027455,0,0,0.010848071229948887,0,0,0.010848071229948887,0,0,0.02193816981228084,0,0,0.02206447509951074,8.941844404031838e-06,0.037438322368421054,0.0008572742328322392,0.037972861842105264,True,0,54,3,0,1,229,775.0,0.0033931732177734375,0.005030718612670898,0.05416961294352163,0.0803109359690893,102.0,34.0,92.0,25.0,,throughput,False,data\dvfs\results\cohort_isqp\cohort\cohort_B0049_z144__isqp_l2.npz,b212d3bbc6da95f739fc20743ba1eabc04176dc4482d0e72bc21f7a57f2e3967
cohort_B0049_z240__isqp_none,cohort_B0049_z240,cohort,isqp_none,,Laplacian (RegTools),3x1x320x456,291,0,169.4017549906045,0.0,151,0,-10.830204215330815,0.022630698015781527,48.228050946020936,48.887907799999084,0.0019120065789473685,0.0,0.3266711379083746,0.15093442210859814,0.23140762061403508,1522.9690617604256,48.228050946020936,7.273522352465115,0.0451022910463004,True,966,988,-7.276950828592874,1077,1103,-14.055912159572387,551,588,-14.278024918656453,279,291,-10.830204215330815,0,0,0.01099990460357296,0,0,0.010993828394440804,0,0,0.02199980920711525,0,0,0.022630698015781527,2.4677306894588733e-05,0.04505208333333333,0.0010730248275720984,0.046600877192982455,True,0,30,4,0,1,155,1020.0,0.0033931732177734375,0.005030718612670898,0.09329511344919258,0.13805262872991722,172.0,69.0,162.0,46.0,,throughput,False,data\dvfs\results\cohort_isqp\cohort\cohort_B0049_z240__isqp_none.npz,e382ba5baacffd4e3698b61eb69c39f2f1672d41cd4bbfade1ba7203183dae92
cohort_B0049_z288__isqp_none,cohort_B0049_z288,cohort,isqp_none,,Laplacian (RegTools),3x1x320x456,372,0,192.92975562204356,0.0,189,0,-4.952799529426581,0.022121609947255913,44.485078310645704,66.93400310000288,0.0025013706140350877,0.0,0.36737801618790267,0.16731189017202078,0.2966968201754386,1561.7161539103859,44.485078310645704,6.051569601090225,0.03607234614289245,True,1082,1101,-8.880955745175953,1209,1234,-8.880955745175953,619,655,-17.761911490351906,365,372,-4.952799529426581,0,0,0.010999490814119509,0,0,0.010999490814119509,0,0,0.021998981628223835,0,0,0.022121609947255913,9.454623245211843e-05,0.049732730263157894,0.0011186157240930933,0.05143914473684211,True,0,35,5,0,1,153,1067.0,0.0033931732177734375,0.005030718612670898,0.12517088208464916,0.18421061490555782,222.0,54.0,219.0,40.0,,throughput,False,data\dvfs\results\cohort_isqp\cohort\cohort_B0049_z288__isqp_none.npz,3ab802ee844367be8c394f6a14ba1e3e03674f01d69bc5e2e16ab2f68809d873
cohort_B0049_z192__isqp_l2,cohort_B0049_z192,cohort,isqp_l2,,Laplacian (RegTools),3x1x320x456,312,0,145.3232157462926,0.0,161,0,-6.440856330414306,0.022116967437012205,35.92493294257968,229.46492299999954,0.0021381578947368422,0.0,0.3372626379416493,0.16761915533934732,0.2564830043859649,951.1205357294194,35.92493294257968,7.7036474206237,0.025413363323075387,True,982,998,-8.462801837826905,1081,1102,-8.462801837826905,548,584,-16.92560367565381,312,312,-6.440856330414306,0,0,0.01065050785190444,0,0,0.0105213970090813,0,0,0.021301015703819093,0,0,0.022116967437012205,5.904560771929863e-05,0.04276315789473684,0.0006053776392425135,0.04371573464912281,True,0,52,4,0,1,330,908.0,0.004677714490627756,0.00693517950380471,0.10919110973708372,0.16187997602812748,137.0,24.0,133.0,38.0,,throughput,False,data\dvfs\results\cohort_isqp\cohort\cohort_B0049_z192__isqp_l2.npz,b15bed98ef0f7108fc3f213c2bdf8f6cc868a13eac5727436204e173cc8fc80a
cohort_B0049_z240__isqp_l2,cohort_B0049_z240,cohort,isqp_l2,,Laplacian (RegTools),3x1x320x456,291,0,169.4017549906045,0.0,151,0,-10.830204215330815,0.02199824342624357,38.44547727665512,120.07966179999858,0.0019120065789473685,0.0,0.3266711379083746,0.16478909646210607,0.17740542763157896,959.1068223484338,38.44547727665512,7.828699422193813,0.037049747840554474,True,966,988,-7.276950828592874,1077,1103,-14.055912159572387,551,588,-14.278024918656453,279,291,-10.830204215330815,0,0,0.01054566053098693,0,0,0.010529782876006533,0,0,0.02111753439309577,0,0,0.02199824342624357,2.4677306894588733e-05,0.04505208333333333,0.0005975382979741045,0.04579906798245614,True,0,31,4,0,1,257,1020.0,0.0033931732177734375,0.005030718612670898,0.04589390610044848,0.06804230518452492,145.0,69.0,134.0,46.0,,throughput,False,data\dvfs\results\cohort_isqp\cohort\cohort_B0049_z240__isqp_l2.npz,eadc71fbfb557562cccf63207c60e572e6e2fecf477086edde51d70b4171b31f
cohort_B0049_z336__isqp_none,cohort_B0049_z336,cohort,isqp_none,,Laplacian (RegTools),3x1x320x456,283,0,121.06131971297201,0.0,144,0,-5.711314085446546,0.02364158635559725,38.732342949349864,62.468239199999516,0.0019120065789473685,0.0,0.32781950106199004,0.16299330199105463,0.24699150219298247,1302.2541371978082,38.732342949349864,5.35550153953967,0.036132575045026726,True,919,938,-14.205591880481222,1054,1070,-15.881361281155591,552,575,-8.867219308089261,279,283,-5.711314085446546,0,0,0.01099999924192243,0,0,0.010986305232723885,0,0,0.021999998483825424,0,0,0.02364158635559725,3.175403085218383e-05,0.04915021929824561,0.0011674650442408583,0.051137609649122805,True,0,40,5,0,1,167,936.0,0.0033931732177734375,0.004516759586334228,0.06272052317325301,0.0879591202728722,127.0,47.0,115.0,29.0,,throughput,False,data\dvfs\results\cohort_isqp\cohort\cohort_B0049_z336__isqp_none.npz,e134549abbb8805aab60845abd06a59d7fa75d9b9a92bbc0595193635a956798
cohort_B0049_z288__isqp_l2,cohort_B0049_z288,cohort,isqp_l2,,Laplacian (RegTools),3x1x320x456,372,0,192.92975562204356,0.0,189,0,-4.952799529426581,0.02200003116046708,36.66218424899715,164.89095590000215,0.0025013706140350877,0.0,0.36737801618790267,0.18657891336808863,0.2295641447368421,1093.0342085604368,36.66218424899715,5.724533029301485,0.03262983487254274,True,1082,1101,-8.880955745175953,1209,1234,-8.880955745175953,619,655,-17.761911490351906,365,372,-4.952799529426581,0,0,0.010638287667546202,0,0,0.0106202710144771,0,0,0.02127657533509296,0,0,0.02200003116046708,9.454623245211843e-05,0.049732730263157894,0.0008387568440704863,0.05064418859649123,True,0,36,5,0,1,270,1067.0,0.0033931732177734375,0.005030718612670898,0.09566100201859284,0.14182688362263415,172.0,54.0,164.0,40.0,,throughput,False,data\dvfs\results\cohort_isqp\cohort\cohort_B0049_z288__isqp_l2.npz,342f4175c7c93fa62a93f6278e03f3c2337463e5006aab4c0f8499e40d7f6223
cohort_B0049_z384__isqp_none,cohort_B0049_z384,cohort,isqp_none,,Laplacian (RegTools),3x1x320x456,493,0,230.90619253365938,0.0,233,0,-6.15536692275046,0.022650816557454826,54.99327627151019,89.371105299997,0.0032689144736842107,0.0,0.43446571588422006,0.22318395019363382,0.3221628289473684,2346.1368957539366,54.99327627151019,7.291612070552205,0.049907187742053535,True,1409,1441,-10.83375487767853,1590,1622,-11.079735498911418,813,867,-21.66750975535706,477,493,-6.15536692275046,0,0,0.010999282741730135,0,0,0.010999282741730135,0,0,0.021998565483452286,0,0,0.022650816557454826,1.746380232686425e-05,0.0682702850877193,0.0006179272398810835,0.07092927631578948,True,0,45,5,0,1,217,1080.0,0.006786346435546875,0.0052876981258392335,0.2594444287317457,0.3621849021752738,149.0,84.0,104.0,41.0,,throughput,False,data\dvfs\results\cohort_isqp\cohort\cohort_B0049_z384__isqp_none.npz,60569260622cb14d48fa16c135b39b2cd3aea97b7df5970a7d4b333800fd8d76
cohort_B0049_z336__isqp_l2,cohort_B0049_z336,cohort,isqp_l2,,Laplacian (RegTools),3x1x320x456,283,0,121.06131971297201,0.0,144,0,-5.711314085446546,0.022091185968670317,29.340809306903978,165.40522639999836,0.0019120065789473685,0.0,0.32781950106199004,0.1701357384303459,0.21664610745614035,796.933271500243,29.340809306903978,5.108834143364348,0.02520903651979385,True,919,938,-14.205591880481222,1054,1070,-15.881361281155591,552,575,-8.867219308089261,279,283,-5.711314085446546,0,0,0.01059795474873987,0,0,0.01059795474873987,0,0,0.02119590949747493,0,0,0.022091185968670317,3.175403085218383e-05,0.04915021929824561,0.000434892483691806,0.050322094298245613,True,0,48,5,0,1,314,936.0,0.0033931732177734375,0.004516759586334228,0.03837191474245118,0.05635188615055494,111.0,47.0,98.0,29.0,,throughput,False,data\dvfs\results\cohort_isqp\cohort\cohort_B0049_z336__isqp_l2.npz,a103b7363f207efbbb956283fb348feb632ca42ee5e5c3bac031d4ffb199e79b
cohort_B0049_z432__isqp_none,cohort_B0049_z432,cohort,isqp_none,,Laplacian (RegTools),3x1x320x456,561,0,342.91222175543834,0.0,227,0,-12.222088472250604,0.02216752404104757,80.73182719553202,112.90797060000114,0.0037828947368421053,0.0,0.4629897515883839,0.2383457785066211,0.30700383771929823,3641.6230680950384,80.73182719553202,11.695114737344317,0.0812898582100772,True,1420,1452,-44.35991770886801,1583,1617,-54.25308823975536,856,896,-19.713232874753828,552,561,-12.222088472250604,0,0,0.010997961116534505,0,0,0.010996794208883873,0,0,0.021995922233065957,0,0,0.02216752404104757,7.499111007160434e-06,0.06800986842105264,0.00045376669463191924,0.07238898026315789,True,0,56,5,0,1,347,964.0,0.006439685821533203,0.004773739099502563,0.332861103166848,0.4688163426535907,163.0,134.0,89.0,51.0,,throughput,False,data\dvfs\results\cohort_isqp\cohort\cohort_B0049_z432__isqp_none.npz,d6bfa096622bce16d5117387e3a62e11e5a431719443e38242b27c903de3ddb8
cohort_B0049_z480__isqp_none,cohort_B0049_z480,cohort,isqp_none,,Laplacian (RegTools),3x1x320x456,520,0,316.2502098397641,0.0,227,0,-9.570320035979522,0.022002073158974955,64.51674504149562,75.2691405000005,0.0034745065789473684,0.0,0.44725078270560964,0.22982129401155038,0.286156798245614,2895.011354654748,64.51674504149562,8.445672059009,0.06933162550662775,True,1328,1370,-15.992774793607396,1549,1587,-24.18826068651139,775,830,-15.828429563996764,507,520,-9.570320035979522,0,0,0.010996911210215881,0,0,0.010996911210215881,0,0,0.02199911850522724,0,0,0.022002073158974955,8.057581600161727e-06,0.06308251096491228,0.0006776019537630371,0.0671532346491228,True,0,58,7,0,1,261,1018.0,0.006786346435546875,0.0052876981258392335,0.25559058785779454,0.3644993512728401,182.0,109.0,138.0,67.0,,throughput,False,data\dvfs\results\cohort_isqp\cohort\cohort_B0049_z480__isqp_none.npz,a75f246a3e66a15219dd4200575d8b4429d0a4a6a793269e27de19b00f0eaeab
cohort_B0053_z0__isqp_none,cohort_B0053_z0,cohort,isqp_none,,Laplacian (RegTools),3x1x320x456,652,0,226.549270997131,0.0,23,0,-4.73507465036073,0.022639046162188117,70.83264897821455,6.511289800000668,0.004351699561403508,0.0,0.5141818030384844,0.32414020158306056,0.03246299342105263,3071.277955017866,70.83264897821455,5.6647805988614515,0.6483592896385616,True,763,800,-4.869220538514693,789,825,-4.869220538514693,655,665,-9.738441077029385,635,652,-4.73507465036073,0,0,0.010999999991957665,0,0,0.010999999991957665,0,0,0.021999999983916496,0,0,0.022639046162188117,7.566204432611828e-05,0.02558251096491228,0.0039443301310176215,0.029475054824561402,True,0,11,0,0,1,70,-1.0,-1.0,-1.0,-1.0,-1.0,-1.0,-1.0,-1.0,-1.0,,throughput,False,data\dvfs\results\cohort_isqp\cohort\cohort_B0053_z0__isqp_none.npz,9d2b5b604421ec1c41a2d02d0f3ca6d1a0588abb61ca43f6c9f5be6043a52580
cohort_B0053_z0__isqp_l2,cohort_B0053_z0,cohort,isqp_l2,,Laplacian (RegTools),3x1x320x456,652,0,226.549270997131,0.0,23,0,-4.73507465036073,0.022032841866372832,59.39848561913314,16.647065100001782,0.004351699561403508,0.0,0.5141818030384844,0.3425503175959756,0.03125,2361.8468581034567,59.39848561913314,5.243023104651289,0.517948872391109,True,763,800,-4.869220538514693,789,825,-4.869220538514693,655,665,-9.738441077029385,635,652,-4.73507465036073,0,0,0.010523740724413963,0,0,0.010523740724413963,0,0,0.021214211760879675,0,0,0.022032841866372832,7.566204432611828e-05,0.02558251096491228,0.0023671739732345565,0.028549890350877193,True,0,13,0,0,1,155,-1.0,-1.0,-1.0,-1.0,-1.0,-1.0,-1.0,-1.0,-1.0,,throughput,False,data\dvfs\results\cohort_isqp\cohort\cohort_B0053_z0__isqp_l2.npz,f411b98e491e66d59352e590e6fc2702336fb19fe790e0f7bdae1b846fa6d921
cohort_B0049_z384__isqp_l2,cohort_B0049_z384,cohort,isqp_l2,,Laplacian (RegTools),3x1x320x456,493,0,230.90619253365938,0.0,233,0,-6.15536692275046,0.022002337234432224,43.0114558541356,223.40546890000041,0.0032689144736842107,0.0,0.43446571588422006,0.23279283082811847,0.29913651315789475,1450.2946060178233,43.0114558541356,8.55631842707951,0.03322553507486422,True,1409,1441,-10.83375487767853,1590,1622,-11.079735498911418,813,867,-21.66750975535706,477,493,-6.15536692275046,0,0,0.010506693187752653,0,0,0.010506693187752653,0,0,0.02101338637550342,0,0,0.022002337234432224,1.746380232686425e-05,0.0682702850877193,0.000350437759987517,0.0696203399122807,True,0,73,5,0,1,395,1080.0,0.006786346435546875,0.0052876981258392335,0.18716575302920116,0.2717962627318891,158.0,84.0,118.0,41.0,,throughput,False,data\dvfs\results\cohort_isqp\cohort\cohort_B0049_z384__isqp_l2.npz,cc280c9479f87b6f434fa2c9c8d73dd2bb9e625ddb9897ce58f57a5cce2d920d
cohort_B0053_z48__isqp_none,cohort_B0053_z48,cohort,isqp_none,,Laplacian (RegTools),3x1x320x456,215,0,119.35143799391179,0.0,73,0,-5.574235161594942,0.024759787465560755,37.61547248418406,22.291566899999452,0.0014391447368421052,0.0,0.2938116196569869,0.16038957576646135,0.10292626096491228,969.2378925986427,37.61547248418406,6.649594484714379,0.06453411629260555,True,499,524,-11.221446547212594,550,573,-11.221446547212594,302,324,-13.298411276266506,210,215,-5.574235161594942,0,0,0.010994697996737052,0,0,0.010994697996737052,0,0,0.02200000000000015,0,0,0.024759787465560755,3.5334445928740722e-06,0.021175986842105265,0.0017013729418324157,0.022868695175438596,True,0,13,2,0,1,70,315.0,0.015969514846801758,0.018040704131126403,0.3928955613309039,0.5385059145927715,52.0,24.0,30.0,10.0,,throughput,False,data\dvfs\results\cohort_isqp\cohort\cohort_B0053_z48__isqp_none.npz,7fc0bfb438187a93b3eb7ecd5f851e5c437bd82234876b9020e26d1381386a01
cohort_B0053_z48__isqp_l2,cohort_B0053_z48,cohort,isqp_l2,,Laplacian (RegTools),3x1x320x456,215,0,119.35143799391179,0.0,73,0,-5.574235161594942,0.022111558809313623,28.964406472237233,61.04669130000184,0.0014391447368421052,0.0,0.2938116196569869,0.1685529045474746,0.09261924342105263,615.3287109673242,28.964406472237233,6.023865189977796,0.04552931638677945,True,499,524,-11.221446547212594,550,573,-11.221446547212594,302,324,-13.298411276266506,210,215,-5.574235161594942,0,0,0.010646904601766764,0,0,0.010646904601766764,0,0,0.021293809203531966,0,0,0.022111558809313623,3.5334445928740722e-06,0.021175986842105265,0.0008940218894499381,0.021998355263157895,True,0,13,2,0,1,145,315.0,0.015969514846801758,0.018040704131126403,0.28398861088947575,0.400453902532843,53.0,24.0,34.0,10.0,,throughput,False,data\dvfs\results\cohort_isqp\cohort\cohort_B0053_z48__isqp_l2.npz,f4c9706f84bb9e5d6bd3f556dfa7a01d0c6adc063121fb77ee6ae4095f6f1b6e
cohort_B0053_z96__isqp_none,cohort_B0053_z96,cohort,isqp_none,,Laplacian (RegTools),3x1x320x456,219,0,118.54178005524169,0.0,115,0,-4.001596259770096,0.022865717523683427,36.637566399713926,56.5028413,0.0014871162280701755,0.0,0.2852702119419681,0.13316590567759387,0.17751507675438596,1006.2053083275011,36.637566399713926,6.3502386110399325,0.038845126368663906,True,626,630,-4.733183098644851,706,712,-4.733183098644851,370,384,-9.466366197289702,217,219,-4.001596259770096,0,0,0.010996625917420177,0,0,0.010996625917420177,0,0,0.02199325183483225,0,0,0.022865717523683427,9.422824525486152e-05,0.026877741228070174,0.0005866303931144081,0.028159265350877195,True,0,16,2,0,1,142,472.0,0.01102513701739969,0.010710169561254897,0.2561285283078536,0.3538775715327472,58.0,34.0,44.0,13.0,,throughput,False,data\dvfs\results\cohort_isqp\cohort\cohort_B0053_z96__isqp_none.npz,f74acd5db6dae9410932fe0e207e049fa5b074d3d3851f4bce0fabb16c32f2ae
cohort_B0049_z432__isqp_l2,cohort_B0049_z432,cohort,isqp_l2,,Laplacian (RegTools),3x1x320x456,561,0,342.91222175543834,0.0,227,0,-12.222088472250604,0.021791467607041815,58.72531674028074,245.59923790000175,0.0037828947368421053,0.0,0.4629897515883839,0.2476951101885702,0.2624520285087719,2036.8381844006758,58.72531674028074,13.167540022737638,0.053185319591630566,True,1420,1452,-44.35991770886801,1583,1617,-54.25308823975536,856,896,-19.713232874753828,552,561,-12.222088472250604,0,0,0.010555574015795089,0,0,0.010518899763243945,0,0,0.02111114803159008,0,0,0.021791467607041815,7.499111007160434e-06,0.06800986842105264,0.00033906801563598257,0.0700657894736842,True,0,62,5,0,1,579,964.0,0.006439685821533203,0.004773739099502563,0.21086041479665107,0.3082696034284713,174.0,134.0,115.0,51.0,,throughput,False,data\dvfs\results\cohort_isqp\cohort\cohort_B0049_z432__isqp_l2.npz,f083410b67cfbfce40d527acd5d86f25175aff8c1aabe9fc8d7fb767cf79bd7f
cohort_B0053_z144__isqp_none,cohort_B0053_z144,cohort,isqp_none,,Laplacian (RegTools),3x1x320x456,225,0,121.02697504452678,0.0,139,0,-4.721719532079373,0.023003742412400555,34.42470495633362,49.723971999999776,0.0015008223684210525,0.0,0.29004885776197303,0.13395437733109417,0.20455043859649122,991.0137677723953,34.42470495633362,5.78641719814837,0.03320201580582938,True,769,778,-6.4864981485299005,860,865,-6.4864981485299005,454,471,-12.972996297059801,219,225,-4.721719532079373,0,0,0.010995663499183829,0,0,0.010987119547779279,0,0,0.021991326998365923,0,0,0.023003742412400555,6.963444816270582e-05,0.03768503289473684,0.0012542782125455703,0.03889802631578947,True,0,28,2,0,1,118,785.0,0.007984757423400879,0.011838201355934143,0.06512181788521144,0.09628878469018066,132.0,38.0,127.0,33.0,,throughput,False,data\dvfs\results\cohort_isqp\cohort\cohort_B0053_z144__isqp_none.npz,60054ba4e74eaf560f03fd7fa399701a59a5566e5abd6cbf4e2fa40d7766dffd
cohort_B0049_z480__isqp_l2,cohort_B0049_z480,cohort,isqp_l2,,Laplacian (RegTools),3x1x320x456,520,0,316.2502098397641,0.0,227,0,-9.570320035979522,0.022053786938451087,51.33023451167694,221.96466780000264,0.0034745065789473684,0.0,0.44725078270560964,0.24716553645130487,0.25057565789473685,1720.1836490536073,51.33023451167694,8.461689212087924,0.04704582783758909,True,1328,1370,-15.992774793607396,1549,1587,-24.18826068651139,775,830,-15.828429563996764,507,520,-9.570320035979522,0,0,0.01051739913226861,0,0,0.01051739913226861,0,0,0.02116839391203118,0,0,0.022053786938451087,8.057581600161727e-06,0.06308251096491228,0.0006298415403144324,0.06531661184210526,True,0,58,7,0,1,483,1018.0,0.006786346435546875,0.0052876981258392335,0.18715680230060494,0.2725550098551729,192.0,109.0,159.0,67.0,,throughput,False,data\dvfs\results\cohort_isqp\cohort\cohort_B0049_z480__isqp_l2.npz,d10ccc582736059dc5ef5a743cd2fdc1187d6533cfba6ecb36ed44e913f1f9b9
cohort_B0053_z192__isqp_none,cohort_B0053_z192,cohort,isqp_none,,Laplacian (RegTools),3x1x320x456,302,0,99.55408734497703,0.0,156,0,-3.8876666141905343,0.023016362873233876,30.3334088733925,105.55011659999946,0.0020285087719298244,0.0,0.3326061858657704,0.1537432279207535,0.3560169956140351,1011.0772656871216,30.3334088733925,5.846007912063478,0.019462507520445073,True,998,1020,-7.881484848888405,1087,1115,-8.56341547430086,571,613,-15.76296969777681,296,302,-3.8876666141905343,0,0,0.01099805774922231,0,0,0.010994889200365524,0,0,0.02199999256242827,0,0,0.023016362873233876,3.367137515303092e-05,0.04312637061403509,0.000955782437316669,0.0443188048245614,True,0,63,2,0,1,204,901.0,0.008843397248570585,0.010565181951137535,0.15765773446891967,0.22782219195756345,113.0,60.0,92.0,26.0,,throughput,False,data\dvfs\results\cohort_isqp\cohort\cohort_B0053_z192__isqp_none.npz,4456356b489f0a204bfc3baa2eaec2206505d093fdcf82743a1e9b2987c225fe
cohort_B0053_z96__isqp_l2,cohort_B0053_z96,cohort,isqp_l2,,Laplacian (RegTools),3x1x320x456,219,0,118.54178005524169,0.0,115,0,-4.001596259770096,0.022113210610117506,29.873085873364456,174.5643717999992,0.0014871162280701755,0.0,0.2852702119419681,0.14286830731659064,0.1413514254385965,669.8174861259536,29.873085873364456,5.5261648160468155,0.03247442480975243,True,626,630,-4.733183098644851,706,712,-4.733183098644851,370,384,-9.466366197289702,217,219,-4.001596259770096,0,0,0.010586663993338404,0,0,0.010586663993338404,0,0,0.021409636851377797,0,0,0.022113210610117506,9.422824525486152e-05,0.026877741228070174,0.00043132959427840675,0.027521929824561402,True,0,28,2,0,1,173,472.0,0.01102513701739969,0.010710169561254897,0.21771760283306757,0.30990040026570376,52.0,34.0,37.0,13.0,,throughput,False,data\dvfs\results\cohort_isqp\cohort\cohort_B0053_z96__isqp_l2.npz,1caa1abc46252056737985cc983426f082ba307a02f6cc6a93495565ac1cba43
cohort_B0053_z144__isqp_l2,cohort_B0053_z144,cohort,isqp_l2,,Laplacian (RegTools),3x1x320x456,225,0,121.02697504452678,0.0,139,0,-4.721719532079373,0.02240583767826311,29.77325927849216,176.56618400000298,0.0015008223684210525,0.0,0.29004885776197303,0.14182078446336827,0.19354440789473684,729.9063638994127,29.77325927849216,5.871333752210697,0.025844712268940324,True,769,778,-6.4864981485299005,860,865,-6.4864981485299005,454,471,-12.972996297059801,219,225,-4.721719532079373,0,0,0.01079738302806698,0,0,0.010688701241088727,0,0,0.021594766056135185,0,0,0.02240583767826311,6.963444816270582e-05,0.03768503289473684,0.0010766058176713764,0.03830180921052632,True,0,40,2,0,1,268,785.0,0.007984757423400879,0.011838201355934143,0.048280570561331504,0.07158076603156324,113.0,38.0,106.0,33.0,,throughput,False,data\dvfs\results\cohort_isqp\cohort\cohort_B0053_z144__isqp_l2.npz,4911c321b5c91d574c70ae31fb0e76fe89ef5e0c6d1498744da46485c519afda
cohort_B0053_z240__isqp_none,cohort_B0053_z240,cohort,isqp_none,,Laplacian (RegTools),3x1x320x456,285,0,128.03142901786083,0.0,150,0,-5.094493292876804,0.02312080681802867,41.2316347988409,68.68874000000142,0.00190515350877193,0.0,0.3255429112891991,0.15762525199405897,0.290344024122807,1242.4460128205383,41.2316347988409,9.051085227675815,0.029325796323094348,True,994,1009,-10.086310741461148,1078,1099,-10.897885221922778,552,585,-10.501767996084727,278,285,-5.094493292876804,0,0,0.010989424810199613,0,0,0.010989424810199613,0,0,0.021978849620395008,0,0,0.02312080681802867,4.3317793161993284e-05,0.04564830043859649,0.0007758650388376099,0.04706688596491228,True,0,35,4,0,1,176,1012.0,0.007984757423400879,0.011838201355934143,0.07252979345989644,0.10753182251102164,153.0,56.0,140.0,49.0,,throughput,False,data\dvfs\results\cohort_isqp\cohort\cohort_B0053_z240__isqp_none.npz,7995c5a934c98750ce240ac83b05bef518fd9a3e60eed94e77b155b069d3823b
cohort_B0053_z288__isqp_none,cohort_B0053_z288,cohort,isqp_none,,Laplacian (RegTools),3x1x320x456,301,0,130.94032777206888,0.0,158,0,-2.717074595528029,0.02233315259664064,36.48858337731162,82.10234029999992,0.0020422149122807016,0.0,0.33467515878404047,0.16161192063669785,0.33631441885964913,1277.3114054795055,36.48858337731162,5.492852567900295,0.026027741324085696,True,1028,1050,-6.2729299099412685,1155,1178,-7.384068050600341,599,621,-7.214562282549878,298,301,-2.717074595528029,0,0,0.010991565641522861,0,0,0.010991565641522861,0,0,0.021999355826888868,0,0,0.02233315259664064,7.506393362201028e-05,0.048752741228070176,0.0010613225651250643,0.05029468201754386,True,0,51,5,0,1,234,1080.0,0.007984757423400879,0.008802407488761179,0.06602964982908191,0.09751291288052619,161.0,60.0,148.0,43.0,,throughput,False,data\dvfs\results\cohort_isqp\cohort\cohort_B0053_z288__isqp_none.npz,148f9719f8a50e41a751f7e531d957f5d4f98d1e0154b2927135919ccfa713fc
cohort_B0053_z192__isqp_l2,cohort_B0053_z192,cohort,isqp_l2,,Laplacian (RegTools),3x1x320x456,302,0,99.55408734497703,0.0,156,0,-3.8876666141905343,0.021999248441221364,26.05244332295928,207.45188609999968,0.0020285087719298244,0.0,0.3326061858657704,0.16550530326656704,0.30002741228070173,751.9556122040431,26.05244332295928,5.13467002944676,0.01717577917323077,True,998,1020,-7.881484848888405,1087,1115,-8.56341547430086,571,613,-15.76296969777681,296,302,-3.8876666141905343,0,0,0.01067145016433801,0,0,0.01067145016433801,0,0,0.021422319658119873,0,0,0.021999248441221364,3.367137515303092e-05,0.04312637061403509,0.0008793411595517972,0.04401041666666667,True,0,63,2,0,1,318,901.0,0.008843397248570585,0.010565181951137535,0.13159915010976603,0.19460992682825567,112.0,60.0,89.0,26.0,,throughput,False,data\dvfs\results\cohort_isqp\cohort\cohort_B0053_z192__isqp_l2.npz,5c4c871ada4fa03d8de00115385e07fa17ff3141bf157a256e6415ff375098a4
cohort_B0053_z240__isqp_l2,cohort_B0053_z240,cohort,isqp_l2,,Laplacian (RegTools),3x1x320x456,285,0,128.03142901786083,0.0,150,0,-5.094493292876804,0.022003035708019515,33.597346532640245,164.0921860999988,0.00190515350877193,0.0,0.3255429112891991,0.1679841076742409,0.26172560307017545,838.6824818423047,33.597346532640245,8.377585872469497,0.02196021266377693,True,994,1009,-10.086310741461148,1078,1099,-10.897885221922778,552,585,-10.501767996084727,278,285,-5.094493292876804,0,0,0.01054113834507522,0,0,0.010324139074847315,0,0,0.02108227669013865,0,0,0.022003035708019515,4.3317793161993284e-05,0.04564830043859649,0.0005284610508267261,0.04662828947368421,True,0,35,4,0,1,299,1012.0,0.007984757423400879,0.011838201355934143,0.04671713007396851,0.06926277299507382,130.0,56.0,109.0,49.0,,throughput,False,data\dvfs\results\cohort_isqp\cohort\cohort_B0053_z240__isqp_l2.npz,af2d5c30ecfd97d955c48a6b8a833e3ab19ac2487a78f872541787c49c3aa0f9
cohort_B0053_z336__isqp_none,cohort_B0053_z336,cohort,isqp_none,,Laplacian (RegTools),3x1x320x456,285,0,135.30847554796384,0.0,135,0,-3.67042192057126,0.022811443971812423,35.99395860302484,76.85134959999777,0.0018914473684210527,0.0,0.3280605242708026,0.16326631483415566,0.3220326206140351,1240.3936318705196,35.99395860302484,5.7128410614629335,0.02639640850100061,True,872,886,-4.615290343981659,980,999,-4.615290343981659,507,530,-8.226079490771696,276,285,-3.67042192057126,0,0,0.010967775013164927,0,0,0.010967775013164927,0,0,0.021994807129429986,0,0,0.022811443971812423,7.648895611370132e-05,0.044661458333333334,0.0011817654710255397,0.047347861842105265,True,0,43,4,0,1,178,891.0,0.007984757423400879,0.006202502775192261,0.06679340825298923,0.09339220849513993,190.0,141.0,135.0,44.0,,throughput,False,data\dvfs\results\cohort_isqp\cohort\cohort_B0053_z336__isqp_none.npz,7c972cd49c1df4e2c4ac24a9ac42c216c92df8c697cd52af5986d7e7d320aae2
cohort_B0053_z288__isqp_l2,cohort_B0053_z288,cohort,isqp_l2,,Laplacian (RegTools),3x1x320x456,301,0,130.94032777206888,0.0,158,0,-2.717074595528029,0.021962116261352003,30.04003733085914,177.3546583999996,0.0020422149122807016,0.0,0.33467515878404047,0.16866688027412197,0.3043379934210526,910.8828602169324,30.04003733085914,5.218249143702373,0.020511222054469418,True,1028,1050,-6.2729299099412685,1155,1178,-7.384068050600341,599,621,-7.214562282549878,298,301,-2.717074595528029,0,0,0.0106263293661319,0,0,0.0106263293661319,0,0,0.02125265873225618,0,0,0.021962116261352003,7.506393362201028e-05,0.048752741228070176,0.0005143560836271301,0.049636787280701755,True,0,51,5,0,1,367,1080.0,0.007984757423400879,0.008802407488761179,0.04151137163066372,0.0615426998377782,130.0,60.0,113.0,43.0,,throughput,False,data\dvfs\results\cohort_isqp\cohort\cohort_B0053_z288__isqp_l2.npz,1a81ee40497d1081f00253b50f28ad3919c99a603ff49556a1c097b30462d489
cohort_B0053_z432__isqp_none,cohort_B0053_z432,cohort,isqp_none,,Laplacian (RegTools),3x1x320x456,967,0,675.6918856255655,0.0,178,0,-11.36211772634232,0.022066690932877584,142.7469178312695,51.918931899999734,0.006510416666666667,0.0,0.5981460700858743,0.32981909194119613,0.23763706140350876,6565.09837693258,142.7469178312695,19.058200001443346,0.18932686517858405,True,1724,1769,-21.132419266550787,1896,1944,-21.132419266550787,1215,1263,-25.56723823507309,950,967,-11.36211772634232,0,0,0.01099929132590306,0,0,0.010999288714605315,0,0,0.021998767965486887,0,0,0.022066690932877584,6.718877536934335e-05,0.06287691885964912,0.0003461629128352554,0.07108004385964913,True,0,35,4,0,1,208,878.0,0.008843397248570585,0.007529388083964573,0.20066388766495696,0.2875864910573056,185.0,109.0,162.0,49.0,,throughput,False,data\dvfs\results\cohort_isqp\cohort\cohort_B0053_z432__isqp_none.npz,991523ab6305a22744fe3723460af507fce467f90c0d727b614e2fbfa18a301f
cohort_B0053_z384__isqp_none,cohort_B0053_z384,cohort,isqp_none,,Laplacian (RegTools),3x1x320x456,438,0,207.03180267357402,0.0,235,0,-11.183116433908909,0.022750822919051786,61.41220732223888,123.02763370000321,0.0029605263157894738,0.0,0.4102123409589271,0.20787660682003012,0.3611979166666667,2419.2076480331057,61.41220732223888,6.237132251479746,0.04590004265231863,True,1278,1303,-13.959384137923081,1447,1473,-13.959384137923081,742,780,-27.918768275846162,432,438,-11.183116433908909,0,0,0.010986097021571266,0,0,0.010986097021571266,0,0,0.021999999981235585,0,0,0.022750822919051786,1.3586975282977084e-05,0.06193804824561404,0.0006513598684568051,0.06503563596491228,True,0,56,4,0,1,311,1092.0,0.008843397248570585,0.010565181951137535,0.20705594276419337,0.2949987046521429,186.0,138.0,109.0,45.0,,throughput,False,data\dvfs\results\cohort_isqp\cohort\cohort_B0053_z384__isqp_none.npz,99c5a6cd9e04967b585104b9d82f307f8a25ea918f301667ef3fec01e2501933
cohort_B0053_z336__isqp_l2,cohort_B0053_z336,cohort,isqp_l2,,Laplacian (RegTools),3x1x320x456,285,0,135.30847554796384,0.0,135,0,-3.67042192057126,0.02206044344335584,30.2522008981494,182.8305747000013,0.0018914473684210527,0.0,0.3280605242708026,0.16948425539723572,0.23972724780701754,832.5573966892083,30.2522008981494,6.342029415012136,0.02380027434004769,True,872,886,-4.615290343981659,980,999,-4.615290343981659,507,530,-8.226079490771696,276,285,-3.67042192057126,0,0,0.010530417024154031,0,0,0.010530417024154031,0,0,0.021060834048302023,0,0,0.02206044344335584,7.648895611370132e-05,0.044661458333333334,0.0006950018165105372,0.046306195175438596,True,0,44,4,0,1,328,891.0,0.007984757423400879,0.006202502775192261,0.04415817118348884,0.06502827675152277,173.0,141.0,110.0,44.0,,throughput,False,data\dvfs\results\cohort_isqp\cohort\cohort_B0053_z336__isqp_l2.npz,65152364c5224c68d9676f30ebb39b48f508f3189ecc54d935d347d16ec98855
cohort_B0053_z432__isqp_l2,cohort_B0053_z432,cohort,isqp_l2,,Laplacian (RegTools),3x1x320x456,967,0,675.6918856255655,0.0,178,0,-11.36211772634232,0.02201531851070124,110.85361031091665,154.75298889999976,0.006510416666666667,0.0,0.5981460700858743,0.35942493735522835,0.2228138706140351,3908.991543342354,110.85361031091665,21.580609591178458,0.12022857144349502,True,1724,1769,-21.132419266550787,1896,1944,-21.132419266550787,1215,1263,-25.56723823507309,950,967,-11.36211772634232,0,0,0.010693630321445474,0,0,0.010520869176874668,0,0,0.021387260642894163,0,0,0.02201531851070124,6.718877536934335e-05,0.06287691885964912,0.0005272896626826153,0.06755756578947368,True,0,35,4,0,1,366,878.0,0.008843397248570585,0.007529388083964573,0.14024210644455504,0.2022872484339554,198.0,109.0,177.0,49.0,,throughput,False,data\dvfs\results\cohort_isqp\cohort\cohort_B0053_z432__isqp_l2.npz,96a1bae3774dcd464bc2095176d1ac2cdf25ef61b64dc57e378624b0b1945ca6
cohort_B0200_z0__isqp_none,cohort_B0200_z0,cohort,isqp_none,,Laplacian (RegTools),3x1x320x456,218,0,24.67138921137777,0.0,26,0,-0.9534318751967312,0.022962143177794637,9.846406368163796,3.561699800000497,0.0013706140350877192,0.0,0.35351990630472185,0.26738016758306266,0.02778234649122807,253.31994195853147,9.846406368163796,1.64925412932703,0.06248641883535557,True,300,341,-0.9305917937235222,327,376,-0.9305917937235222,243,258,-1.8611835874470444,200,218,-0.9534318751967312,0,0,0.010999999998332708,0,0,0.010999999998332708,0,0,0.02200000000000124,0,0,0.022962143177794637,4.469770825066622e-05,0.021840734649122808,0.007904167246892775,0.022491776315789472,True,0,14,0,0,1,74,-1.0,-1.0,-1.0,-1.0,-1.0,-1.0,-1.0,-1.0,-1.0,,throughput,False,data\dvfs\results\cohort_isqp\cohort\cohort_B0200_z0__isqp_none.npz,664561ec7c9543665f5dabc6757796b3a80e048528fa9cd71b6aa94963621b86
cohort_B0200_z0__isqp_l2,cohort_B0200_z0,cohort,isqp_l2,,Laplacian (RegTools),3x1x320x456,218,0,24.67138921137777,0.0,26,0,-0.9534318751967312,0.022002983991367464,8.83152964469346,6.6943131999978505,0.0013706140350877192,0.0,0.35351990630472185,0.27100438901795476,0.025459155701754384,220.1133141967985,8.83152964469346,1.4904081089916374,0.05924988269092827,True,300,341,-0.9305917937235222,327,376,-0.9305917937235222,243,258,-1.8611835874470444,200,218,-0.9534318751967312,0,0,0.010868808709719714,0,0,0.010868808709719714,0,0,0.021737617419445972,0,0,0.022002983991367464,4.469770825066622e-05,0.021840734649122808,0.005311270602928078,0.022478070175438597,True,0,14,0,0,1,102,-1.0,-1.0,-1.0,-1.0,-1.0,-1.0,-1.0,-1.0,-1.0,,throughput,False,data\dvfs\results\cohort_isqp\cohort\cohort_B0200_z0__isqp_l2.npz,f24f96fbc23238c2e5f61b69c20b232b7a2e5951f643ff82c520161248e6c19c
cohort_B0053_z480__isqp_none,cohort_B0053_z480,cohort,isqp_none,,Laplacian (RegTools),3x1x320x456,562,0,378.8990664569514,0.0,175,0,-7.73477629836151,0.022067886364790873,83.04633249393257,176.08836789999987,0.0037280701754385964,0.0,0.4567216309578874,0.23256781906788004,0.21133497807017543,3538.8463034476,83.04633249393257,11.758678334464774,0.11475602514584603,True,1259,1301,-25.388508956706602,1418,1466,-26.019655609199646,797,835,-38.14094154952812,544,562,-7.73477629836151,0,0,0.010988715711010011,0,0,0.010988715711010011,0,0,0.021999998991157652,0,0,0.022067886364790873,2.8091100592465705e-05,0.05461896929824561,0.0010984042926658602,0.05842927631578947,True,0,25,4,0,1,326,891.0,0.008843397248570585,0.01122667446189563,0.215023228048946,0.3106759839209168,192.0,90.0,177.0,59.0,,throughput,False,data\dvfs\results\cohort_isqp\cohort\cohort_B0053_z480__isqp_none.npz,9791b8481f6b42d7c14f5203dc9fd340b8f53ece5dec45d39c89bd350b6bb19c
cohort_B0200_z48__isqp_none,cohort_B0200_z48,cohort,isqp_none,,Laplacian (RegTools),3x1x320x456,226,0,139.48696863559618,0.0,107,0,-7.160781829056276,0.0225999196027607,38.32581461199643,59.50584660000095,0.001528234649122807,0.0,0.2937226072576202,0.13960456857989714,0.17228618421052633,1093.6689451756997,38.32581461199643,8.442082007352623,0.04350314022178599,True,604,622,-10.509385018794774,665,681,-10.509385018794774,365,384,-21.018770037589547,223,226,-7.160781829056276,0,0,0.010999999998199103,0,0,0.010999999998199103,0,0,0.021999999996425046,0,0,0.0225999196027607,2.9996666196735796e-06,0.025500274122807018,0.000406582601160532,0.026692708333333332,True,0,13,1,0,1,79,468.0,0.02500977291848749,0.02038186867473953,0.39961017611939703,0.5417338068733757,32.0,4.0,24.0,8.0,,throughput,False,data\dvfs\results\cohort_isqp\cohort\cohort_B0200_z48__isqp_none.npz,e3b7d871fb476318166576514acc23b1edbeec9248574d7cb6ba05c3966169e6
cohort_B0053_z384__isqp_l2,cohort_B0053_z384,cohort,isqp_l2,,Laplacian (RegTools),3x1x320x456,438,0,207.03180267357402,0.0,235,0,-11.183116433908909,0.022000471920757,47.723614323305476,322.49460559999716,0.0029605263157894738,0.0,0.4102123409589271,0.223024242483486,0.34004934210526316,1540.172117404849,47.723614323305476,6.540826779425768,0.031039341342298445,True,1278,1303,-13.959384137923081,1447,1473,-13.959384137923081,742,780,-27.918768275846162,432,438,-11.183116433908909,0,0,0.010336778839896707,0,0,0.010336778839896707,0,0,0.020673557679791774,0,0,0.022000471920757,1.3586975282977084e-05,0.06193804824561404,0.00026368444148026644,0.06398026315789473,True,0,57,4,0,1,577,1092.0,0.008843397248570585,0.010565181951137535,0.1565048396724149,0.23033202775343342,187.0,138.0,113.0,45.0,,throughput,False,data\dvfs\results\cohort_isqp\cohort\cohort_B0053_z384__isqp_l2.npz,157964ea540e02327d9a05ec030b790ed34fa5172e8233f0ad2976634dabad3c
cohort_B0200_z96__isqp_none,cohort_B0200_z96,cohort,isqp_none,,Laplacian (RegTools),3x1x320x456,184,0,97.97534456683124,0.0,107,0,-4.709392876668765,0.02264571703172899,36.575494961922864,100.71576819999973,0.0012266995614035087,0.0,0.26392446601059266,0.12402968338015738,0.2091625548245614,1027.023055926104,36.575494961922864,5.04332954556903,0.03364971842095947,True,638,644,-6.57756903834861,720,727,-7.047372357695792,357,367,-13.15513807669722,179,184,-4.709392876668765,0,0,0.010999999996550094,0,0,0.010999999996550094,0,0,0.021999999993112456,0,0,0.02264571703172899,1.3626189690704538e-05,0.02909813596491228,0.0015386627465337535,0.030276864035087718,True,0,37,3,0,1,127,547.0,0.01578998565673828,0.011705116367340087,0.14734710499276674,0.20913317327183123,91.0,34.0,90.0,20.0,,throughput,False,data\dvfs\results\cohort_isqp\cohort\cohort_B0200_z96__isqp_none.npz,aac4b2e14dad058352d05508f6ae0577d2888cff202134e0feed0ffb27dd15fd
cohort_B0200_z144__isqp_none,cohort_B0200_z144,cohort,isqp_none,,Laplacian (RegTools),3x1x320x456,205,0,94.6908578050411,0.0,122,0,-3.3444292593715126,0.023018238439409353,29.00158570081954,40.504864700000326,0.0013569078947368422,0.0,0.27799605338813643,0.13235775811879255,0.19418859649122808,809.8361909954141,29.00158570081954,4.680420992754522,0.028579763939702643,True,744,759,-7.808828559765644,841,855,-8.053402082624594,433,448,-6.344617833713585,198,205,-3.3444292593715126,0,0,0.010999998244814069,0,0,0.010999998244814069,0,0,0.0219999999778974,0,0,0.023018238439409353,5.589533429444771e-05,0.03752741228070176,0.0009019154804946237,0.03833607456140351,True,0,20,2,0,1,95,782.0,0.0112623908365102,0.009839389247598548,0.07321611683879939,0.10523394836612965,117.0,56.0,101.0,31.0,,throughput,False,data\dvfs\results\cohort_isqp\cohort\cohort_B0200_z144__isqp_none.npz,d55ccbc1144baa07b48d7c918268ef302aa7148895f692ff378a7764e6a0d48a
cohort_B0200_z48__isqp_l2,cohort_B0200_z48,cohort,isqp_l2,,Laplacian (RegTools),3x1x320x456,226,0,139.48696863559618,0.0,107,0,-7.160781829056276,0.02200707747028674,31.76540347664078,184.6019378000019,0.001528234649122807,0.0,0.2937226072576202,0.15292396639731853,0.1452919407894737,726.6932198660616,31.76540347664078,8.132909654640093,0.034276365259471794,True,604,622,-10.509385018794774,665,681,-10.509385018794774,365,384,-21.018770037589547,223,226,-7.160781829056276,0,0,0.010847835432592337,0,0,0.010781064255423484,0,0,0.021737550380730383,0,0,0.02200707747028674,2.9996666196735796e-06,0.025500274122807018,0.00045100850782367946,0.026247258771929825,True,0,13,1,0,1,160,468.0,0.02500977291848749,0.02038186867473953,0.31628334218040854,0.44062201033738296,35.0,4.0,31.0,8.0,,throughput,False,data\dvfs\results\cohort_isqp\cohort\cohort_B0200_z48__isqp_l2.npz,2f6ea4a1ecc86afda7923a88b6cc37cbc5e9623fb1d2a61882583451e58ce524
cohort_B0053_z480__isqp_l2,cohort_B0053_z480,cohort,isqp_l2,,Laplacian (RegTools),3x1x320x456,562,0,378.8990664569514,0.0,175,0,-7.73477629836151,0.021994286826907575,62.69245671990138,363.0573691999998,0.0037280701754385964,0.0,0.4567216309578874,0.2460960379356094,0.2036184210526316,2052.237934977662,62.69245671990138,11.489082250982701,0.06907101288966283,True,1259,1301,-25.388508956706602,1418,1466,-26.019655609199646,797,835,-38.14094154952812,544,562,-7.73477629836151,0,0,0.010069065204379779,0,0,0.010069065204379779,0,0,0.020138130408760092,0,0,0.021994286826907575,2.8091100592465705e-05,0.05461896929824561,0.0005363067067979002,0.05629797149122807,True,0,26,4,0,1,667,891.0,0.008843397248570585,0.01122667446189563,0.13283963285042016,0.19557636507144835,220.0,90.0,208.0,59.0,,throughput,False,data\dvfs\results\cohort_isqp\cohort\cohort_B0053_z480__isqp_l2.npz,e831c01791a06436548b1c34a1f47a20d9d561cb88f1d2b8016da39b10cdd071
cohort_B0200_z192__isqp_none,cohort_B0200_z192,cohort,isqp_none,,Laplacian (RegTools),3x1x320x456,248,0,110.93459757578141,0.0,143,0,-5.1727364254087504,0.022697368432516813,31.816812434385334,51.84640390000277,0.0016721491228070175,0.0,0.3066207999973479,0.1506818267764836,0.2545298793859649,984.7964267722422,31.816812434385334,6.072188259170099,0.026515075705345635,True,903,925,-4.247553012579317,1011,1031,-5.994606720250488,518,552,-8.495106025158634,244,248,-5.1727364254087504,0,0,0.010999999993751897,0,0,0.010999601321872696,0,0,0.021999999998101524,0,0,0.022697368432516813,2.085844140819828e-05,0.041666666666666664,0.0007794758934372461,0.042708333333333334,True,0,36,5,0,1,136,894.0,0.008031845092773438,0.011908013534545897,0.074689789100517,0.10812433207716221,148.0,46.0,141.0,24.0,,throughput,False,data\dvfs\results\cohort_isqp\cohort\cohort_B0200_z192__isqp_none.npz,a3e55853423f503e5e953677aa4acd5588e256cb240a31142cfb695a97ceec8f
cohort_B0200_z96__isqp_l2,cohort_B0200_z96,cohort,isqp_l2,,Laplacian (RegTools),3x1x320x456,184,0,97.97534456683124,0.0,107,0,-4.709392876668765,0.021946385958996558,29.566601087796975,193.82222199999887,0.0012266995614035087,0.0,0.26392446601059266,0.13583211588791172,0.17158031798245615,664.1735565182349,29.566601087796975,6.269069624777156,0.02652768129241662,True,638,644,-6.57756903834861,720,727,-7.047372357695792,357,367,-13.15513807669722,179,184,-4.709392876668765,0,0,0.010843030744922698,0,0,0.010843030744922698,0,0,0.02189357668230933,0,0,0.021946385958996558,1.3626189690704538e-05,0.02909813596491228,0.0004708917293566141,0.029708059210526317,True,0,37,3,0,1,187,547.0,0.01578998565673828,0.011705116367340087,0.09762944280882549,0.14471314201925478,89.0,34.0,83.0,20.0,,throughput,False,data\dvfs\results\cohort_isqp\cohort\cohort_B0200_z96__isqp_l2.npz,e1ae98fdfbd76a5bca776698d596f3f1a48eeee454a7cfa9ab6cdab466776aae
cohort_B0200_z144__isqp_l2,cohort_B0200_z144,cohort,isqp_l2,,Laplacian (RegTools),3x1x320x456,205,0,94.6908578050411,0.0,122,0,-3.3444292593715126,0.02201322719421787,25.639771976816554,90.10263549999945,0.0013569078947368422,0.0,0.27799605338813643,0.14356770959752316,0.17711759868421054,620.4688396480943,25.639771976816554,4.794533120568605,0.024007306622096897,True,744,759,-7.808828559765644,841,855,-8.053402082624594,433,448,-6.344617833713585,198,205,-3.3444292593715126,0,0,0.010317781661306199,0,0,0.010317781661306199,0,0,0.021782624395997725,0,0,0.02201322719421787,5.589533429444771e-05,0.03752741228070176,0.0005455344574673101,0.03809621710526316,True,0,20,2,0,1,143,782.0,0.0112623908365102,0.009839389247598548,0.05777429866962912,0.08565076343371017,102.0,56.0,82.0,31.0,,throughput,False,data\dvfs\results\cohort_isqp\cohort\cohort_B0200_z144__isqp_l2.npz,48b0f5d52c309efcc0fc7961de7c58f29325696db946704b5c1308064c334453
cohort_B0200_z240__isqp_none,cohort_B0200_z240,cohort,isqp_none,,Laplacian (RegTools),3x1x320x456,348,0,154.00585303067626,0.0,163,0,-4.775183855320186,0.023042773747460856,45.196907756051175,74.22983709999971,0.002357456140350877,0.0,0.35703419150419524,0.17064291296940076,0.2938870614035088,1510.8061842543764,45.196907756051175,6.633078628294552,0.035230066790746584,True,1066,1086,-8.577847743991697,1176,1194,-8.577847743991697,618,646,-13.486635614555837,344,348,-4.775183855320186,0,0,0.01099999883244665,0,0,0.010999994031859613,0,0,0.021999999999998465,0,0,0.023042773747460856,3.1481693104930456e-05,0.04624451754385965,0.00088239922821651,0.04806743421052632,True,0,48,5,0,1,189,968.0,0.0112623908365102,0.007118406414881774,0.0847218353438578,0.11684844288357604,209.0,138.0,150.0,47.0,,throughput,False,data\dvfs\results\cohort_isqp\cohort\cohort_B0200_z240__isqp_none.npz,5908562fad6e882b3621afe997e3bad17170c00a81430a329ac3e5c13c14dac2
cohort_B0200_z192__isqp_l2,cohort_B0200_z192,cohort,isqp_l2,,Laplacian (RegTools),3x1x320x456,248,0,110.93459757578141,0.0,143,0,-5.1727364254087504,0.021970144020271462,28.162149587821755,125.46207879999929,0.0016721491228070175,0.0,0.3066207999973479,0.16336903960877872,0.25060992324561404,758.8077781938355,28.162149587821755,6.397479165885869,0.020750028116542304,True,903,925,-4.247553012579317,1011,1031,-5.994606720250488,518,552,-8.495106025158634,244,248,-5.1727364254087504,0,0,0.010187287888015444,0,0,0.01007861599969203,0,0,0.021134448156659193,0,0,0.021970144020271462,2.085844140819828e-05,0.041666666666666664,0.000698598357458002,0.042256030701754384,True,0,36,5,0,1,226,894.0,0.008031845092773438,0.011908013534545897,0.05354214892426005,0.07936982372523341,121.0,46.0,112.0,24.0,,throughput,False,data\dvfs\results\cohort_isqp\cohort\cohort_B0200_z192__isqp_l2.npz,f64609c16b184b8a06b81d2f31b7b2d053c4d7bca8b6528b66bfdee6ec57dae1
cohort_B0200_z288__isqp_none,cohort_B0200_z288,cohort,isqp_none,,Laplacian (RegTools),3x1x320x456,351,0,184.0204637833573,0.0,174,0,-3.9935175825808495,0.022338272540966427,44.32063588795608,78.42710000000079,0.0023711622807017544,0.0,0.35977321483469016,0.1706027587444935,0.31342516447368424,1514.155613928211,44.32063588795608,6.220729957271387,0.03310715237625912,True,1118,1130,-8.817799206686388,1226,1244,-8.817799206686388,655,670,-17.635598413372776,346,351,-3.9935175825808495,0,0,0.010999647627813424,0,0,0.010983466548716847,0,0,0.021999295255599065,0,0,0.022338272540966427,9.910915187315164e-05,0.050308388157894735,0.0007529998722898362,0.051939418859649124,True,0,34,5,0,1,182,1076.0,0.008031845092773438,0.011908013534545897,0.08679974558985805,0.12289243129122407,178.0,62.0,171.0,66.0,,throughput,False,data\dvfs\results\cohort_isqp\cohort\cohort_B0200_z288__isqp_none.npz,69032a82807a94aca988fe4a52b0b14867cceba4f0e5474bec26d363aceafa02
cohort_B0200_z336__isqp_none,cohort_B0200_z336,cohort,isqp_none,,Laplacian (RegTools),3x1x320x456,247,0,93.93699174168225,0.0,138,0,-3.073410107306299,0.0224900421376262,41.73235897196802,45.502531300000555,0.0016721491228070175,0.0,0.30880866184447586,0.16111942430805917,0.22358826754385966,1170.2124521829305,41.73235897196802,6.717374866836767,0.035867481523414776,True,881,896,-5.0870793039389355,970,991,-5.110275455466251,511,524,-10.174158607877871,244,247,-3.073410107306299,0,0,0.010999636152846992,0,0,0.010999636152846992,0,0,0.021999581955529812,0,0,0.0224900421376262,0.0001329365509646355,0.044956140350877194,0.0010931603060469245,0.046415844298245613,True,0,24,3,0,1,124,843.0,0.01578998565673828,0.011502219200134276,0.07114083180999474,0.0937682808741581,107.0,30.0,102.0,32.0,,throughput,False,data\dvfs\results\cohort_isqp\cohort\cohort_B0200_z336__isqp_none.npz,e45b660b50756af2e2b5f40fc8868d22828242c0bd3e4b745fdd498bd6cc7327
cohort_B0200_z240__isqp_l2,cohort_B0200_z240,cohort,isqp_l2,,Laplacian (RegTools),3x1x320x456,348,0,154.00585303067626,0.0,163,0,-4.775183855320186,0.022181334338922516,36.44716078082061,170.8484994999999,0.002357456140350877,0.0,0.35703419150419524,0.1839611807864177,0.25439281798245617,1023.4119281145637,36.44716078082061,6.216236425742834,0.02756962172663893,True,1066,1086,-8.577847743991697,1176,1194,-8.577847743991697,618,646,-13.486635614555837,344,348,-4.775183855320186,0,0,0.01065503552751457,0,0,0.010564597165071117,0,0,0.021310071055030542,0,0,0.022181334338922516,3.1481693104930456e-05,0.04624451754385965,0.0005467867931107496,0.04738212719298246,True,0,49,5,0,1,330,968.0,0.0112623908365102,0.007118406414881774,0.05849759208429479,0.08649038223621654,190.0,138.0,124.0,47.0,,throughput,False,data\dvfs\results\cohort_isqp\cohort\cohort_B0200_z240__isqp_l2.npz,f4b3030698166ca073175f1db8fd50083d66fa3c4949d068dc3861cf742fad56
cohort_B0200_z336__isqp_l2,cohort_B0200_z336,cohort,isqp_l2,,Laplacian (RegTools),3x1x320x456,247,0,93.93699174168225,0.0,138,0,-3.073410107306299,0.02213978382872052,32.361713451700595,111.85416169999735,0.0016721491228070175,0.0,0.30880866184447586,0.17063259538536152,0.2104029605263158,806.5676996313656,32.361713451700595,6.0210786050119305,0.02627085204974808,True,881,896,-5.0870793039389355,970,991,-5.110275455466251,511,524,-10.174158607877871,244,247,-3.073410107306299,0,0,0.010745666089065575,0,0,0.010551565535773508,0,0,0.021530813250621617,0,0,0.02213978382872052,0.0001329365509646355,0.044956140350877194,0.0009166465469578581,0.04596354166666667,True,0,28,3,0,1,227,843.0,0.01578998565673828,0.011502219200134276,0.04781368795212554,0.05918345739048123,87.0,30.0,80.0,32.0,,throughput,False,data\dvfs\results\cohort_isqp\cohort\cohort_B0200_z336__isqp_l2.npz,a8d2900d1b614c081dab97332d8162b970e287d5d529ac43b8bea2db17b1049a
cohort_B0200_z384__isqp_none,cohort_B0200_z384,cohort,isqp_none,,Laplacian (RegTools),3x1x320x456,451,0,229.11448549021725,0.0,207,0,-7.103489441158118,0.022409535761386164,60.700668717600166,91.13505729999815,0.003056469298245614,0.0,0.4223034160743265,0.22616617765561262,0.3144188596491228,2440.639377128444,60.700668717600166,10.962280774034802,0.0531961503297394,True,1292,1329,-13.725912164052374,1439,1475,-13.725912164052374,762,802,-19.0676857883077,446,451,-7.103489441158118,0,0,0.01099954977622236,0,0,0.01099954977622236,0,0,0.021999099552439123,0,0,0.022409535761386164,1.2047123021106712e-05,0.06133497807017544,0.0007692674372744723,0.06456962719298245,True,0,58,4,0,1,278,968.0,0.01789896796290879,0.014628996367262672,0.22063046040464998,0.3070183072818994,162.0,77.0,131.0,44.0,,throughput,False,data\dvfs\results\cohort_isqp\cohort\cohort_B0200_z384__isqp_none.npz,11f4717d62a09728ade3e450f5645a6c8680adfaf7bd3bdf63d8626e855fe131
cohort_B0200_z288__isqp_l2,cohort_B0200_z288,cohort,isqp_l2,,Laplacian (RegTools),3x1x320x456,351,0,184.0204637833573,0.0,174,0,-3.9935175825808495,0.022056559523859154,36.59914145044978,186.12652049999815,0.0023711622807017544,0.0,0.35977321483469016,0.18607948523340606,0.22346491228070176,1044.4601018394774,36.59914145044978,6.260286482675408,0.03203079311333039,True,1118,1130,-8.817799206686388,1226,1244,-8.817799206686388,655,670,-17.635598413372776,346,351,-3.9935175825808495,0,0,0.01051292784589733,0,0,0.01051292784589733,0,0,0.02102585569178622,0,0,0.022056559523859154,9.910915187315164e-05,0.050308388157894735,0.0005932651845048153,0.05134320175438596,True,0,38,5,0,1,435,1076.0,0.008031845092773438,0.011908013534545897,0.060790099284750036,0.09011504616169837,153.0,62.0,142.0,66.0,,throughput,False,data\dvfs\results\cohort_isqp\cohort\cohort_B0200_z288__isqp_l2.npz,91116542c34b9549510cdd6d723756cd6197cabe7013d00b86dc879a6e9c2560
cohort_B0200_z480__isqp_none,cohort_B0200_z480,cohort,isqp_none,,Laplacian (RegTools),3x1x320x456,500,0,325.05754622360905,0.0,194,0,-15.4159769092802,0.022139404009901855,68.4300213118295,90.78706120000061,0.003364857456140351,0.0,0.43616195640810745,0.2241462722456189,0.2536732456140351,2918.989203470376,68.4300213118295,7.393281233252886,0.07885749955344651,True,1157,1194,-8.086235532346038,1332,1369,-18.43052326206316,725,767,-16.172471064692076,491,500,-15.4159769092802,0,0,0.01099999996309391,0,0,0.01099999840650306,0,0,0.021999999926190884,0,0,0.022139404009901855,1.3524315622622191e-05,0.05103481359649123,0.0007436277010432759,0.05519462719298246,True,0,56,3,0,1,257,772.0,0.01789896796290879,0.014831893534468482,0.41342805917267644,0.5785935478355673,97.0,57.0,60.0,34.0,,throughput,False,data\dvfs\results\cohort_isqp\cohort\cohort_B0200_z480__isqp_none.npz,106abc8d05413aef7892bd93e158db0194014b5705876966458d007c6b1c4151
cohort_B0200_z432__isqp_none,cohort_B0200_z432,cohort,isqp_none,,Laplacian (RegTools),3x1x320x456,1128,0,668.7620293022862,0.0,232,0,-11.077145174348413,0.02217662642399775,132.0718330973482,124.67264179999984,0.007510964912280702,0.0,0.6528631075310979,0.380937848317486,0.35332373903508774,7561.633868665815,132.0718330973482,12.644030967520616,0.14666551328948182,True,1957,2015,-15.99102759912057,2182,2243,-15.99102759912057,1286,1335,-31.384508928264367,1096,1128,-11.077145174348413,0,0,0.010749591661559837,0,0,0.010725085921275855,0,0,0.02149918332311689,0,0,0.02217662642399775,1.9791044036150588e-05,0.07099095394736842,0.0003268388802523914,0.0791186951754386,True,0,52,5,0,1,349,946.0,0.0225247816730204,0.021487227773874146,0.46620858418675737,0.665396277207725,133.0,93.0,83.0,36.0,,throughput,False,data\dvfs\results\cohort_isqp\cohort\cohort_B0200_z432__isqp_none.npz,c2dd5183f0cafa0ae6391549c1ee8a20223dc3b22e65b8e987cadd7b1b95f2a4
cohort_B0213_z0__isqp_none,cohort_B0213_z0,cohort,isqp_none,,Laplacian (RegTools),3x1x320x456,632,0,219.05990886120156,0.0,36,0,-3.356119537915731,0.02212244592237547,35.06410750064931,7.420065599999361,0.004207785087719298,0.0,0.509265371833329,0.31944560178227194,0.0463952850877193,1475.6483712029617,35.06410750064931,3.6733359181082648,0.21796874020723217,True,774,832,-5.5155524115818935,834,892,-5.5155524115818935,631,655,-3.6141795516677853,614,632,-3.356119537915731,0,0,0.010999999998998103,0,0,0.010999999947910677,0,0,0.02200000000180579,0,0,0.02212244592237547,3.895155908202499e-06,0.029461348684210527,0.0022422138245533152,0.031524122807017545,True,0,12,0,0,1,75,-1.0,-1.0,-1.0,-1.0,-1.0,-1.0,-1.0,-1.0,-1.0,,throughput,False,data\dvfs\results\cohort_isqp\cohort\cohort_B0213_z0__isqp_none.npz,20cdb2bceb299a19539cbd52948204e51dac5d25675851d16f60eee63cd0bbc5
cohort_B0213_z0__isqp_l2,cohort_B0213_z0,cohort,isqp_l2,,Laplacian (RegTools),3x1x320x456,632,0,219.05990886120156,0.0,36,0,-3.356119537915731,0.022008948813266677,31.528453744184205,19.319719799997984,0.004207785087719298,0.0,0.509265371833329,0.3348147804771804,0.04355811403508772,1273.1293008984735,31.528453744184205,3.5841508465424567,0.20030354010359872,True,774,832,-5.5155524115818935,834,892,-5.5155524115818935,631,655,-3.6141795516677853,614,632,-3.356119537915731,0,0,0.010816177823763401,0,0,0.010547358061521543,0,0,0.02163461543081519,0,0,0.022008948813266677,3.895155908202499e-06,0.029461348684210527,0.0010170115912538852,0.03135279605263158,True,0,11,0,0,1,121,-1.0,-1.0,-1.0,-1.0,-1.0,-1.0,-1.0,-1.0,-1.0,,throughput,False,data\dvfs\results\cohort_isqp\cohort\cohort_B0213_z0__isqp_l2.npz,9023328a4e44a58da59ad739eb11c36636ed3a8a4d3794a4e9ba295f34ecc2b0
cohort_B0200_z384__isqp_l2,cohort_B0200_z384,cohort,isqp_l2,,Laplacian (RegTools),3x1x320x456,451,0,229.11448549021725,0.0,207,0,-7.103489441158118,0.02200838939218696,46.047440273562046,223.56700289999935,0.003056469298245614,0.0,0.4223034160743265,0.24229568393590473,0.2875890899122807,1527.7164522494738,46.047440273562046,9.16553796912519,0.036404538359334535,True,1292,1329,-13.725912164052374,1439,1475,-13.725912164052374,762,802,-19.0676857883077,446,451,-7.103489441158118,0,0,0.01058863968264856,0,0,0.01058863968264856,0,0,0.021377119086224267,0,0,0.02200838939218696,1.2047123021106712e-05,0.06133497807017544,0.0004607613858062048,0.06294544956140351,True,0,68,4,0,1,472,968.0,0.01789896796290879,0.014628996367262672,0.16263520352085753,0.22890865594668236,172.0,77.0,147.0,44.0,,throughput,False,data\dvfs\results\cohort_isqp\cohort\cohort_B0200_z384__isqp_l2.npz,2ca4bc9e751575636f394421cad0d80d64662e1bb239107c240b9bdfb87313f4
cohort_B0213_z48__isqp_none,cohort_B0213_z48,cohort,isqp_none,,Laplacian (RegTools),3x1x320x456,183,0,105.14611702164063,0.0,94,0,-6.5096942979251935,0.023073249420110128,30.50856162485516,58.75547919999735,0.0011239035087719298,0.0,0.25805987358234694,0.13002328568245305,0.17238212719298246,730.0340533135549,30.50856162485516,7.425790660782414,0.02902258302113202,True,453,588,-12.497935398736729,524,645,-17.708236806484024,255,336,-24.995870797473458,164,183,-6.5096942979251935,0,0,0.010999999999976542,0,0,0.010999999999976542,0,0,0.021999999999999346,0,0,0.023073249420110128,6.678411073938748e-05,0.024376370614035088,0.0011577965631445928,0.025239857456140352,True,0,13,1,0,1,81,489.0,0.012016100591552612,0.009574678915285843,0.17809521169942102,0.2484697236082025,82.0,28.0,74.0,11.0,,throughput,False,data\dvfs\results\cohort_isqp\cohort\cohort_B0213_z48__isqp_none.npz,1a7d44a0fe004ce3d1a4dc526aa92a118e61b98a9cde3fd114de69c66e729cc6
cohort_B0213_z96__isqp_none,cohort_B0213_z96,cohort,isqp_none,,Laplacian (RegTools),3x1x320x456,208,0,118.2832795996732,0.0,113,0,-4.048273802007834,0.02229224775949011,39.895614732408816,83.70335179999893,0.0012609649122807018,0.0,0.27455513407579435,0.13769082654428833,0.19832785087719298,1162.4223568257667,39.895614732408816,6.113016583071393,0.040166632924179914,True,519,645,-5.936445988067021,631,746,-7.149652513317733,290,361,-11.872891976134042,184,208,-4.048273802007834,0,0,0.010986624180409764,0,0,0.010986624180409764,0,0,0.02197324836081639,0,0,0.02229224775949011,2.5257272062688796e-06,0.02983141447368421,0.0014602076749548481,0.031160910087719297,True,0,25,3,0,1,145,548.0,0.016799711791368854,0.0117206127987443,0.2363816692749513,0.3164549935497835,78.0,37.0,71.0,17.0,,throughput,False,data\dvfs\results\cohort_isqp\cohort\cohort_B0213_z96__isqp_none.npz,5a4c0f2831b4204d6911f4a9bd648966aa9f72dfbda3cb92520061dcb36b351d
cohort_B0213_z48__isqp_l2,cohort_B0213_z48,cohort,isqp_l2,,Laplacian (RegTools),3x1x320x456,183,0,105.14611702164063,0.0,94,0,-6.5096942979251935,0.022053420976521146,26.348869448474773,133.5470205999991,0.0011239035087719298,0.0,0.25805987358234694,0.1399583473346963,0.15952576754385964,517.8740318329087,26.348869448474773,8.557310011378961,0.02224735938795896,True,453,588,-12.497935398736729,524,645,-17.708236806484024,255,336,-24.995870797473458,164,183,-6.5096942979251935,0,0,0.010572069386742641,0,0,0.010572069386742641,0,0,0.021144138773486296,0,0,0.022053420976521146,6.678411073938748e-05,0.024376370614035088,0.0009716359895289873,0.024890350877192984,True,0,13,1,0,1,133,489.0,0.012016100591552612,0.009574678915285843,0.14304872191657886,0.20543824077840708,78.0,28.0,68.0,11.0,,throughput,False,data\dvfs\results\cohort_isqp\cohort\cohort_B0213_z48__isqp_l2.npz,e90d5336410a92d27396c914bb4b3e06974b4c7b2ab02a116cecc80975df5689
cohort_B0200_z432__isqp_l2,cohort_B0200_z432,cohort,isqp_l2,,Laplacian (RegTools),3x1x320x456,1128,0,668.7620293022862,0.0,232,0,-11.077145174348413,0.022000630859328324,101.44839092417536,305.36245549999876,0.007510964912280702,0.0,0.6528631075310979,0.396193437222084,0.29614857456140353,4564.5763090953205,101.44839092417536,11.588797830211684,0.10562725758076828,True,1957,2015,-15.99102759912057,2182,2243,-15.99102759912057,1286,1335,-31.384508928264367,1096,1128,-11.077145174348413,0,0,0.01055342967634432,0,0,0.01055342967634432,0,0,0.021106859352685213,0,0,0.022000630859328324,1.9791044036150588e-05,0.07099095394736842,0.00022760541575780148,0.0760827850877193,True,0,67,5,0,1,605,946.0,0.0225247816730204,0.021487227773874146,0.3367577165504389,0.4824502150620541,149.0,93.0,110.0,36.0,,throughput,False,data\dvfs\results\cohort_isqp\cohort\cohort_B0200_z432__isqp_l2.npz,852c4c76eaa16ed4eba515411aad3f567513a560c57b27d96b6173dc98f7df5a
cohort_B0200_z480__isqp_l2,cohort_B0200_z480,cohort,isqp_l2,,Laplacian (RegTools),3x1x320x456,500,0,325.05754622360905,0.0,194,0,-15.4159769092802,0.022028732300687012,49.8366240069962,224.20660480000151,0.003364857456140351,0.0,0.43616195640810745,0.23933802124496817,0.19954084429824562,1668.8706765103123,49.8366240069962,7.373782567746742,0.057316024195841336,True,1157,1194,-8.086235532346038,1332,1369,-18.43052326206316,725,767,-16.172471064692076,491,500,-15.4159769092802,0,0,0.010631604687274983,0,0,0.010587410819968246,0,0,0.021353440418385685,0,0,0.022028732300687012,1.3524315622622191e-05,0.05103481359649123,0.0005570112334669023,0.053234649122807016,True,0,56,3,0,1,452,772.0,0.01789896796290879,0.014831893534468482,0.31305120525172814,0.4429237215235905,98.0,57.0,74.0,34.0,,throughput,False,data\dvfs\results\cohort_isqp\cohort\cohort_B0200_z480__isqp_l2.npz,46973594150c42a47f953033d65b6601208fe867c93d5921f2e54eaa81a03ae4
cohort_B0213_z144__isqp_none,cohort_B0213_z144,cohort,isqp_none,,Laplacian (RegTools),3x1x320x456,220,0,108.47514896499865,0.0,127,0,-4.626061273318047,0.022872438801764153,35.14222112067732,53.369904600000154,0.0013637609649122806,0.0,0.2835880946076992,0.13760020147729388,0.24213952850877193,1015.5476216561169,35.14222112067732,6.150451576557476,0.028742184973144565,True,616,810,-6.036524513806839,739,925,-6.036524513806839,339,430,-9.733604425541586,199,220,-4.626061273318047,0,0,0.010999946037360197,0,0,0.010997778218842902,0,0,0.02199989207473842,0,0,0.022872438801764153,8.84199604669167e-05,0.0389391447368421,0.0010133277176209185,0.03993969298245614,True,0,31,4,0,1,129,755.0,0.009237066522434152,0.007116446724621262,0.09623896818803282,0.13067248798080908,143.0,91.0,112.0,26.0,,throughput,False,data\dvfs\results\cohort_isqp\cohort\cohort_B0213_z144__isqp_none.npz,eea88ea6c9998bfba73f9ee1d29b578966043c63ac36db9363c057a56c984f60
cohort_B0213_z144__isqp_l2,cohort_B0213_z144,cohort,isqp_l2,,Laplacian (RegTools),3x1x320x456,220,0,108.47514896499865,0.0,127,0,-4.626061273318047,0.02202040700774892,29.106991935587676,123.33983760000046,0.0013637609649122806,0.0,0.2835880946076992,0.14908015320564524,0.21506304824561404,712.8666784528848,29.106991935587676,6.289145555068048,0.02271578224628401,True,616,810,-6.036524513806839,739,925,-6.036524513806839,339,430,-9.733604425541586,199,220,-4.626061273318047,0,0,0.010593104420021676,0,0,0.010571127304962518,0,0,0.021743291137245203,0,0,0.02202040700774892,8.84199604669167e-05,0.0389391447368421,0.0010419199024384294,0.039535361842105265,True,0,31,4,0,1,193,755.0,0.009237066522434152,0.007116446724621262,0.053957063758815406,0.07341831782589993,126.0,91.0,89.0,26.0,,throughput,False,data\dvfs\results\cohort_isqp\cohort\cohort_B0213_z144__isqp_l2.npz,4a850144acf8054096552a4cf607aa685146fdd9eadde89f1945241d99132f0e
cohort_B0213_z192__isqp_none,cohort_B0213_z192,cohort,isqp_none,,Laplacian (RegTools),3x1x320x456,275,0,120.8294218267558,0.0,154,0,-3.0514496876407247,0.0233282810052718,35.09312689675158,106.17285459999766,0.0016515899122807017,0.0,0.31352023613614205,0.15402540877302037,0.325890899122807,1174.4756836343051,35.09312689675158,4.109253404389676,0.024697726450651998,True,745,964,-3.8492540854602737,874,1080,-3.975873548464733,442,542,-7.698508170920547,241,275,-3.0514496876407247,0,0,0.010998840780902366,0,0,0.010998840780902366,0,0,0.021997681561999174,0,0,0.0233282810052718,5.2677157014367224e-05,0.04334566885964912,0.00036576359924770415,0.04475054824561404,True,0,38,4,0,1,161,883.0,0.009237066522434152,0.007116446724621262,0.17410161297910942,0.24387354243944057,173.0,138.0,107.0,19.0,,throughput,False,data\dvfs\results\cohort_isqp\cohort\cohort_B0213_z192__isqp_none.npz,2da386421c7b18e22f0d02d8c892e853094d1ff264a0ec38e8fa6970593a1997
cohort_B0213_z96__isqp_l2,cohort_B0213_z96,cohort,isqp_l2,,Laplacian (RegTools),3x1x320x456,208,0,118.2832795996732,0.0,113,0,-4.048273802007834,0.022159712810510015,31.580497808751677,175.82568000000174,0.0012609649122807018,0.0,0.27455513407579435,0.14762533674856343,0.16626233552631578,733.7481573971622,31.580497808751677,5.976125643998242,0.030243937075848572,True,519,645,-5.936445988067021,631,746,-7.149652513317733,290,361,-11.872891976134042,184,208,-4.048273802007834,0,0,0.0104572778468044,0,0,0.010021001618736952,0,0,0.020914555693635213,0,0,0.022159712810510015,2.5257272062688796e-06,0.02983141447368421,0.0007172611073609785,0.030489309210526314,True,0,25,3,0,1,205,548.0,0.016799711791368854,0.0117206127987443,0.15852044596791137,0.21872202298447524,81.0,37.0,76.0,17.0,,throughput,False,data\dvfs\results\cohort_isqp\cohort\cohort_B0213_z96__isqp_l2.npz,0d25e2c72756735bf587ea7eafa89e6d87a6c3b885291e1f77b836b7f1af6a20
cohort_B0213_z240__isqp_none,cohort_B0213_z240,cohort,isqp_none,,Laplacian (RegTools),3x1x320x456,290,0,130.2924056302638,0.0,171,0,-3.864843795267376,0.022279699793961195,44.692309592354725,63.1357766000001,0.0017201206140350876,0.0,0.322770233770779,0.16498213933244507,0.25718201754385966,1415.136916688688,44.692309592354725,8.692055577023512,0.03770882851973694,True,750,1000,-8.638934270274632,897,1141,-12.96655432424177,442,563,-15.758200208295449,251,290,-3.864843795267376,0,0,0.010999996464221853,0,0,0.010994131171738863,0,0,0.02199999292843688,0,0,0.022279699793961195,1.3044803130887308e-05,0.04594298245614035,0.0011194052540669896,0.04746436403508772,True,0,46,2,0,1,171,997.0,0.009237066522434152,0.007116446724621262,0.07116982834651456,0.09814073318316671,209.0,134.0,164.0,59.0,,throughput,False,data\dvfs\results\cohort_isqp\cohort\cohort_B0213_z240__isqp_none.npz,4915d4317bd78f32e92a6922466802b88d9dc872d520679d04235db46a679563
cohort_B0213_z288__isqp_none,cohort_B0213_z288,cohort,isqp_none,,Laplacian (RegTools),3x1x320x456,278,0,133.42848289074317,0.0,152,0,-8.773606029929057,0.02341690361266304,35.05124841017071,57.177142299999105,0.0017064144736842106,0.0,0.3150133216703161,0.15013904647854348,0.30361156798245614,1105.4201639281437,35.05124841017071,7.000341022313153,0.024951361396026085,True,725,986,-5.323407954632367,850,1092,-10.392770324827488,408,540,-8.648861450036442,249,278,-8.773606029929057,0,0,0.010993384642387971,0,0,0.010993384642387971,0,0,0.021999999306695932,0,0,0.02341690361266304,1.600634200469632e-05,0.04931469298245614,0.0008231176273652854,0.05071271929824561,True,0,39,6,0,1,170,1060.0,0.008101582527160645,0.005432978153228759,0.08022558915980459,0.11276975742156414,207.0,159.0,129.0,37.0,,throughput,False,data\dvfs\results\cohort_isqp\cohort\cohort_B0213_z288__isqp_none.npz,abd43914409cd44e46c2004f0014b18bc6a1bf3b8bc14bfe4b7daf65e9dcc7ee
cohort_B0213_z192__isqp_l2,cohort_B0213_z192,cohort,isqp_l2,,Laplacian (RegTools),3x1x320x456,275,0,120.8294218267558,0.0,154,0,-3.0514496876407247,0.02202896196503461,30.120411734809547,222.32361279999895,0.0016515899122807017,0.0,0.31352023613614205,0.1655037534812031,0.2720189144736842,855.4291309379353,30.120411734809547,4.277522440814777,0.021551133220918936,True,745,964,-3.8492540854602737,874,1080,-3.975873548464733,442,542,-7.698508170920547,241,275,-3.0514496876407247,0,0,0.010655730266390705,0,0,0.010618507686948745,0,0,0.021311460532783492,0,0,0.02202896196503461,5.2677157014367224e-05,0.04334566885964912,0.00037605495507231194,0.04429824561403509,True,0,43,4,0,1,242,883.0,0.009237066522434152,0.007116446724621262,0.12927266914159735,0.18507634778866555,181.0,138.0,122.0,19.0,,throughput,False,data\dvfs\results\cohort_isqp\cohort\cohort_B0213_z192__isqp_l2.npz,e07e0b9599bf5c2a7bd630261fcafc8f82bc50ab0aef3bbadd2908777a8a1c9f
cohort_B0213_z240__isqp_l2,cohort_B0213_z240,cohort,isqp_l2,,Laplacian (RegTools),3x1x320x456,290,0,130.2924056302638,0.0,171,0,-3.864843795267376,0.021999695864649997,36.67961889698159,152.1411550999983,0.0017201206140350876,0.0,0.322770233770779,0.17555687379118912,0.2256030701754386,960.2974685514762,36.67961889698159,7.996518814565596,0.029170639992450675,True,750,1000,-8.638934270274632,897,1141,-12.96655432424177,442,563,-15.758200208295449,251,290,-3.864843795267376,0,0,0.010587917174398461,0,0,0.010569653962001598,0,0,0.02136409658391816,0,0,0.021999695864649997,1.3044803130887308e-05,0.04594298245614035,0.0004964324477932465,0.04673793859649123,True,0,46,2,0,1,273,997.0,0.009237066522434152,0.007116446724621262,0.05105497236595757,0.06911580791027576,185.0,134.0,132.0,59.0,,throughput,False,data\dvfs\results\cohort_isqp\cohort\cohort_B0213_z240__isqp_l2.npz,80f148043008450f13cf07eb5999e7a5fc587974f496990182bffc3e97a9c461
cohort_B0213_z336__isqp_none,cohort_B0213_z336,cohort,isqp_none,,Laplacian (RegTools),3x1x320x456,288,0,126.60184198358384,0.0,151,0,-4.9086127981431495,0.02254655372908079,39.93662796416763,83.83602939999764,0.001631030701754386,0.0,0.3232802349030624,0.17357198490223386,0.33299067982456143,1382.3344470291122,39.93662796416763,4.9091601706994,0.02844894931115687,True,734,988,-5.071846532560812,875,1117,-7.229822206560584,430,555,-9.229729139925212,238,288,-4.9086127981431495,0,0,0.010338349325882823,0,0,0.010338349325882823,0,0,0.021999400667212538,0,0,0.02254655372908079,0.00013230381571605689,0.04858826754385965,0.0008982618590101575,0.05051398026315789,True,0,54,4,0,1,204,910.0,0.012016100591552612,0.0062077417725008395,0.07867752998666686,0.10468237780533385,163.0,60.0,142.0,34.0,,throughput,False,data\dvfs\results\cohort_isqp\cohort\cohort_B0213_z336__isqp_none.npz,8251850cbb29cee5385d3caf0a6e7c3f6e5c4bfbc17f43d4000393a7196c2c09
cohort_B0213_z288__isqp_l2,cohort_B0213_z288,cohort,isqp_l2,,Laplacian (RegTools),3x1x320x456,278,0,133.42848289074317,0.0,152,0,-8.773606029929057,0.02199697260280917,28.889676408063323,121.45399080000061,0.0017064144736842106,0.0,0.3150133216703161,0.1636666685564925,0.2746984649122807,776.8572965184588,28.889676408063323,6.632165045835279,0.019380732873926224,True,725,986,-5.323407954632367,850,1092,-10.392770324827488,408,540,-8.648861450036442,249,278,-8.773606029929057,0,0,0.010570045845951096,0,0,0.010570045845951096,0,0,0.02114009169190104,0,0,0.02199697260280917,1.600634200469632e-05,0.04931469298245614,0.0006872956059974283,0.050280975877192984,True,0,39,6,0,1,258,1060.0,0.008101582527160645,0.005432978153228759,0.04360867292651407,0.0620535274465138,186.0,159.0,106.0,37.0,,throughput,False,data\dvfs\results\cohort_isqp\cohort\cohort_B0213_z288__isqp_l2.npz,cf21a6981945d262352b7de0d63e3314e9a453db2f65c6385d55792176166d83
cohort_B0213_z384__isqp_none,cohort_B0213_z384,cohort,isqp_none,,Laplacian (RegTools),3x1x320x456,442,0,242.91446944474706,0.0,198,0,-3.9665514771025165,0.022101700870014944,53.70849167987236,107.460008500002,0.0028166118421052632,0.0,0.4146397664503062,0.22274730951375835,0.32970120614035087,2174.533843531168,53.70849167987236,5.8656246295817365,0.04519920689110721,True,1053,1284,-8.553792231318543,1216,1441,-8.553792231318543,598,731,-17.107584462637085,411,442,-3.9665514771025165,0,0,0.010996825472510713,0,0,0.0109954616425691,0,0,0.021998681206648663,0,0,0.022101700870014944,2.6142579376911496e-05,0.06130756578947368,0.00036464762178475596,0.06399396929824562,True,0,55,5,0,1,292,1032.0,0.01620316505432129,0.010865956306457519,0.1869715601421248,0.2623042380353125,256.0,148.0,186.0,39.0,,throughput,False,data\dvfs\results\cohort_isqp\cohort\cohort_B0213_z384__isqp_none.npz,f576bbe56f6a8c079dff33058d285a75b0ce5732828cc1fb0208f1cde8108f36
cohort_B0213_z432__isqp_none,cohort_B0213_z432,cohort,isqp_none,,Laplacian (RegTools),3x1x320x456,1015,0,495.8810724552266,0.0,204,0,-7.527691688682495,0.022117500023043885,122.2426766401928,140.77987550000034,0.006558388157894736,0.0,0.6281348053915965,0.37837820824603385,0.278125,6014.942926352195,122.2426766401928,12.197118564781691,0.14820971137276254,True,1533,1793,-10.866713648130428,1710,1966,-11.038630721417888,1107,1237,-21.733427296260857,957,1015,-7.527691688682495,0,0,0.010998202808014265,0,0,0.010998202808014265,0,0,0.021999984428981857,0,0,0.022117500023043885,2.5583386348647023e-05,0.0695860745614035,0.0004205950053152661,0.07636376096491228,True,0,44,3,0,1,387,800.0,0.018474133044868304,0.014232893449242523,0.31098466848059436,0.44108565881068557,133.0,70.0,97.0,42.0,,throughput,False,data\dvfs\results\cohort_isqp\cohort\cohort_B0213_z432__isqp_none.npz,58c49a1e0a0b007f6d5f1d99a9060245d7bbf58d883ac69e6b5140befbbcc8e2
cohort_B0213_z336__isqp_l2,cohort_B0213_z336,cohort,isqp_l2,,Laplacian (RegTools),3x1x320x456,288,0,126.60184198358384,0.0,151,0,-4.9086127981431495,0.022003334113780564,31.036486111929953,201.79747339999813,0.001631030701754386,0.0,0.3232802349030624,0.18532059417842087,0.31641310307017545,895.8513249517155,31.036486111929953,4.944458820771096,0.019402900629219975,True,734,988,-5.071846532560812,875,1117,-7.229822206560584,430,555,-9.229729139925212,238,288,-4.9086127981431495,0,0,0.010503492720613058,0,0,0.010503492720613058,0,0,0.021114808412024816,0,0,0.022003334113780564,0.00013230381571605689,0.04858826754385965,0.0007014025495827511,0.04956140350877193,True,0,54,4,0,1,350,910.0,0.012016100591552612,0.0062077417725008395,0.057754645409487534,0.07361563102933784,143.0,60.0,115.0,34.0,,throughput,False,data\dvfs\results\cohort_isqp\cohort\cohort_B0213_z336__isqp_l2.npz,39a3aa8e8cadb57be0a6dc733f78a4cc466998203334c02edf411f9ac2b2e49c
cohort_B0213_z384__isqp_l2,cohort_B0213_z384,cohort,isqp_l2,,Laplacian (RegTools),3x1x320x456,442,0,242.91446944474706,0.0,198,0,-3.9665514771025165,0.02199609189275782,40.478017427979694,183.6617812000004,0.0028166118421052632,0.0,0.4146397664503062,0.23682093142658142,0.30856633771929826,1339.4627894240043,40.478017427979694,5.612578424902015,0.029748651655132685,True,1053,1284,-8.553792231318543,1216,1441,-8.553792231318543,598,731,-17.107584462637085,411,442,-3.9665514771025165,0,0,0.010531797494475798,0,0,0.010531797494475798,0,0,0.021063594988950773,0,0,0.02199609189275782,2.6142579376911496e-05,0.06130756578947368,0.0004612898798988881,0.06254111842105263,True,0,55,5,0,1,402,1032.0,0.01620316505432129,0.010865956306457519,0.11578539515031724,0.15927347701910632,258.0,148.0,200.0,39.0,,throughput,False,data\dvfs\results\cohort_isqp\cohort\cohort_B0213_z384__isqp_l2.npz,18cde4f3dc1592926eee002e32a9d6314065fc9142165370c6829599da116db7
cohort_B0304_z0__isqp_none,cohort_B0304_z0,cohort,isqp_none,,Laplacian (RegTools),3x1x320x456,0,0,0.0,0.0,0,0,1.0,1.0,0.0,0.20360470000014175,0.0,0.0,0.0,0.0,0.0,0.0,0.0,0.0,0.0,True,0,0,0.5,0,0,0.5,0,0,1.0,0,0,1.0,0,0,0.5,0,0,0.5,0,0,1.0,0,0,1.0,8.0,0.0,8.0,0.0,True,0,0,0,0,0,0,-1.0,-1.0,-1.0,-1.0,-1.0,-1.0,-1.0,-1.0,-1.0,,throughput,False,data\dvfs\results\cohort_isqp\cohort\cohort_B0304_z0__isqp_none.npz,9c3c0577e35f46f1cd80a3523be65ee5036afd60a82ec7c24dbe6ae67364164d
cohort_B0304_z0__isqp_l2,cohort_B0304_z0,cohort,isqp_l2,,Laplacian (RegTools),3x1x320x456,0,0,0.0,0.0,0,0,1.0,1.0,0.0,0.22184020000349847,0.0,0.0,0.0,0.0,0.0,0.0,0.0,0.0,0.0,True,0,0,0.5,0,0,0.5,0,0,1.0,0,0,1.0,0,0,0.5,0,0,0.5,0,0,1.0,0,0,1.0,8.0,0.0,8.0,0.0,True,0,0,0,0,0,0,-1.0,-1.0,-1.0,-1.0,-1.0,-1.0,-1.0,-1.0,-1.0,,throughput,False,data\dvfs\results\cohort_isqp\cohort\cohort_B0304_z0__isqp_l2.npz,9c3c0577e35f46f1cd80a3523be65ee5036afd60a82ec7c24dbe6ae67364164d
cohort_B0304_z48__isqp_none,cohort_B0304_z48,cohort,isqp_none,,Laplacian (RegTools),3x1x320x456,0,0,0.0,0.0,0,0,0.9999982807366289,0.9999982807366289,0.0,0.21514989999923273,0.0,0.0,1.8809819034152826e-07,1.8809819034152826e-07,0.0,0.0,0.0,0.0,0.0,True,0,0,0.4999973443627475,0,0,0.4999973443627475,0,0,0.9999946984086804,0,0,0.9999982807366289,0,0,0.4999973443627475,0,0,0.4999973443627475,0,0,0.9999946984086804,0,0,0.9999982807366289,8.0,0.0,8.0,0.0,True,0,0,0,0,0,0,-1.0,-1.0,-1.0,-1.0,-1.0,-1.0,-1.0,-1.0,-1.0,,throughput,False,data\dvfs\results\cohort_isqp\cohort\cohort_B0304_z48__isqp_none.npz,0b5aafdff4436d3580df922e83b3266b3762122565eb51efb7e7cbf843481b75
cohort_B0304_z48__isqp_l2,cohort_B0304_z48,cohort,isqp_l2,,Laplacian (RegTools),3x1x320x456,0,0,0.0,0.0,0,0,0.9999982807366289,0.9999982807366289,0.0,0.22028950000094483,0.0,0.0,1.8809819034152826e-07,1.8809819034152826e-07,0.0,0.0,0.0,0.0,0.0,True,0,0,0.4999973443627475,0,0,0.4999973443627475,0,0,0.9999946984086804,0,0,0.9999982807366289,0,0,0.4999973443627475,0,0,0.4999973443627475,0,0,0.9999946984086804,0,0,0.9999982807366289,8.0,0.0,8.0,0.0,True,0,0,0,0,0,0,-1.0,-1.0,-1.0,-1.0,-1.0,-1.0,-1.0,-1.0,-1.0,,throughput,False,data\dvfs\results\cohort_isqp\cohort\cohort_B0304_z48__isqp_l2.npz,0b5aafdff4436d3580df922e83b3266b3762122565eb51efb7e7cbf843481b75
cohort_B0304_z96__isqp_none,cohort_B0304_z96,cohort,isqp_none,,Laplacian (RegTools),3x1x320x456,0,0,0.0,0.0,0,0,0.6691995967121329,0.6691995967121329,0.0,0.23480719999861321,0.0,0.0,0.14357735230267837,0.14357735230267837,0.0,0.0,0.0,0.0,0.0,True,0,0,0.3252886741379655,0,0,0.3245118020879545,0,0,0.6568843280050487,0,0,0.6691995967121329,0,0,0.3252886741379655,0,0,0.3245118020879545,0,0,0.6568843280050487,0,0,0.6691995967121329,0.8693458568908218,9.594298245614035e-05,0.8693458568908218,9.594298245614035e-05,True,0,0,0,0,0,0,-1.0,-1.0,-1.0,-1.0,-1.0,-1.0,-1.0,-1.0,-1.0,,throughput,False,data\dvfs\results\cohort_isqp\cohort\cohort_B0304_z96__isqp_none.npz,b0ac5d7cdaa457514db2188d313bbca1ecefe829b5d6e431044c8b022edc2a77
cohort_B0304_z96__isqp_l2,cohort_B0304_z96,cohort,isqp_l2,,Laplacian (RegTools),3x1x320x456,0,0,0.0,0.0,0,0,0.6691995967121329,0.6691995967121329,0.0,0.20815520000178367,0.0,0.0,0.14357735230267837,0.14357735230267837,0.0,0.0,0.0,0.0,0.0,True,0,0,0.3252886741379655,0,0,0.3245118020879545,0,0,0.6568843280050487,0,0,0.6691995967121329,0,0,0.3252886741379655,0,0,0.3245118020879545,0,0,0.6568843280050487,0,0,0.6691995967121329,0.8693458568908218,9.594298245614035e-05,0.8693458568908218,9.594298245614035e-05,True,0,0,0,0,0,0,-1.0,-1.0,-1.0,-1.0,-1.0,-1.0,-1.0,-1.0,-1.0,,throughput,False,data\dvfs\results\cohort_isqp\cohort\cohort_B0304_z96__isqp_l2.npz,b0ac5d7cdaa457514db2188d313bbca1ecefe829b5d6e431044c8b022edc2a77
cohort_B0213_z480__isqp_none,cohort_B0213_z480,cohort,isqp_none,,Laplacian (RegTools),3x1x320x456,492,0,266.606100267036,0.0,182,0,-5.490965545284226,0.022484392608991276,63.509168009387864,86.45078519999879,0.003111293859649123,0.0,0.44136058344902457,0.2521389549567398,0.27137472587719297,2750.771690625598,63.509168009387864,6.371547301655278,0.06946568576543846,True,935,1138,-9.317874434106471,1103,1295,-9.317874434106471,599,701,-18.635748868212943,454,492,-5.490965545284226,0,0,0.010997446880358327,0,0,0.010997446880358327,0,0,0.021999999997414237,0,0,0.022484392608991276,2.3310484672030397e-06,0.04976014254385965,0.0012306560752424341,0.053782894736842106,True,0,52,3,0,1,263,718.0,0.017748355865478516,0.013156856203079223,0.4213556111725627,0.5969513053406681,83.0,38.0,50.0,22.0,,throughput,False,data\dvfs\results\cohort_isqp\cohort\cohort_B0213_z480__isqp_none.npz,4af32e24577efab1905e9b066290cd6ec1faaf662f3d50e55d087dbed6074414
cohort_B0213_z432__isqp_l2,cohort_B0213_z432,cohort,isqp_l2,,Laplacian (RegTools),3x1x320x456,1015,0,495.8810724552266,0.0,204,0,-7.527691688682495,0.021910906398640104,94.44975373951584,271.09664820000035,0.006558388157894736,0.0,0.6281348053915965,0.4005970069311499,0.2637198464912281,3919.025932945764,94.44975373951584,10.927654160191553,0.10184049511318964,True,1533,1793,-10.866713648130428,1710,1966,-11.038630721417888,1107,1237,-21.733427296260857,957,1015,-7.527691688682495,0,0,0.010539601692792278,0,0,0.010539601692792278,0,0,0.021462515208912257,0,0,0.021910906398640104,2.5583386348647023e-05,0.0695860745614035,0.00023869549779639412,0.07415021929824561,True,0,59,3,0,1,632,800.0,0.018474133044868304,0.014232893449242523,0.2686649066693187,0.3841083807946205,127.0,70.0,90.0,42.0,,throughput,False,data\dvfs\results\cohort_isqp\cohort\cohort_B0213_z432__isqp_l2.npz,9edade1b07123e7645d83fed96378f8074685bfd122e70ff65395d4a991c0ac1
cohort_B0213_z480__isqp_l2,cohort_B0213_z480,cohort,isqp_l2,,Laplacian (RegTools),3x1x320x456,492,0,266.606100267036,0.0,182,0,-5.490965545284226,0.021983523871340897,48.69464382127733,241.85043060000316,0.003111293859649123,0.0,0.44136058344902457,0.2670145076074312,0.21777001096491228,1606.529618638299,48.69464382127733,9.2067801284076,0.05055636525280231,True,935,1138,-9.317874434106471,1103,1295,-9.317874434106471,599,701,-18.635748868212943,454,492,-5.490965545284226,0,0,0.010561269167961296,0,0,0.010510302594705645,0,0,0.02125546988111839,0,0,0.021983523871340897,2.3310484672030397e-06,0.04976014254385965,0.0008048703246397263,0.05205592105263158,True,0,64,3,0,1,423,718.0,0.017748355865478516,0.013156856203079223,0.3222167445227718,0.45943564070243686,107.0,38.0,78.0,22.0,,throughput,False,data\dvfs\results\cohort_isqp\cohort\cohort_B0213_z480__isqp_l2.npz,6e84796c28cf667e4ae5941ec466173baf51537478d46a7fa029528b83eacd1e
cohort_B0304_z128__isqp_none,cohort_B0304_z128,cohort,isqp_none,,Laplacian (RegTools),3x1x320x456,8353,0,15406.813501756289,0.0,22,0,-59.59067827303477,0.022013891664446703,1418.506214134716,1031.0933584000013,0.0567639802631579,0.0,1.6962105485366126,0.9890855246994266,0.5057565789473685,231314.063250229,1418.506214134716,35.89043319870882,3.134336900409607,True,8828,8956,-75.87970203246364,9013,9139,-102.29849757883784,8253,8344,-119.69088937883498,8283,8353,-59.59067827303477,0,0,0.010999999999998376,0,0,0.010999999999993073,0,0,0.021999999999998594,0,0,0.022013891664446703,2.8462553751312264e-07,0.130078125,4.251398342387297e-05,0.1997121710526316,True,0,243,1,0,2,1730,461.0,0.03078250880167943,0.029624488081175356,19.189770753107535,5.160557435351245,20.0,0.0,0.0,20.0,,throughput,False,data\dvfs\results\cohort_isqp\cohort\cohort_B0304_z128__isqp_none.npz,2bd462ea0ac3fd66242b9c545a9a35506360a77f10d1b8803c4ea9e572324663
cohort_B0304_z128__isqp_l2,cohort_B0304_z128,cohort,isqp_l2,,Laplacian (RegTools),3x1x320x456,8353,0,15406.813501756289,0.0,22,0,-59.59067827303477,0.022006861439453476,1091.502839719022,1543.1277480000026,0.0567639802631579,0.0,1.6962105485366126,1.0578526791760303,0.50703125,147881.7396970487,1091.502839719022,38.58341057960657,1.9987800353722152,True,8828,8956,-75.87970203246364,9013,9139,-102.29849757883784,8253,8344,-119.69088937883498,8283,8353,-59.59067827303477,0,0,0.010878229026387447,0,0,0.010859726039148327,0,0,0.02175645805277647,0,0,0.022006861439453476,2.8462553751312264e-07,0.130078125,0.0002082386898393125,0.18148985745614035,True,0,248,1,0,2,1477,461.0,0.03078250880167943,0.029624488081175356,20.441773238353754,7.00896115668643,20.0,0.0,0.0,20.0,,throughput,False,data\dvfs\results\cohort_isqp\cohort\cohort_B0304_z128__isqp_l2.npz,c42dc216e8151d3036f2d016a35835f92ed96c7a4e228a76fab96014b8e421de
cohort_B0304_z144__isqp_none,cohort_B0304_z144,cohort,isqp_none,,Laplacian (RegTools),3x1x320x456,19316,0,11258.949717214124,0.0,74,0,-47.783656663261354,0.02200977565242848,2335.279987609673,1660.3706714,0.12951617324561404,0.0,2.4360408915338234,1.592924656723266,0.5162554824561404,571569.8406737009,2335.279987609673,38.42720479696384,7.587344563713971,True,19827,20669,-30.77402000888833,20340,21181,-56.50244509903132,18901,19290,-55.50251237367047,18899,19316,-47.783656663261354,0,0,0.010995878815429962,0,0,0.010995878815429962,0,0,0.021991757630862578,0,0,0.02200977565242848,1.4346478835865461e-06,0.1706483004385965,0.00032376687832726624,0.34654605263157895,True,0,208,1,11,2,1253,439.0,0.5223317394875729,0.20551123793179363,21.85072404461601,13.984384663357305,29.0,0.0,0.0,29.0,,throughput,False,data\dvfs\results\cohort_isqp\cohort\cohort_B0304_z144__isqp_none.npz,1d39cd25bc04c8a67459759e5dc39bd9266b9cc29f6c860abc670d945db180d1
cohort_B0304_z192__isqp_none,cohort_B0304_z192,cohort,isqp_none,,Laplacian (RegTools),3x1x320x456,17485,0,2754.4734378599514,0.0,358,0,-23.113116442742466,0.022013095614966033,451.7140265418121,900.6520955000015,0.10734649122807018,0.0,2.3364679893413633,1.5511014601664357,0.6564350328947368,79444.5678740755,451.7140265418121,14.111259977841076,0.8293877861721893,True,18136,21452,-44.39885874905303,19104,22373,-50.28355582216318,15877,17601,-88.79771749810607,15664,17485,-23.113116442742466,0,0,0.010999999999997803,0,0,0.010999844714883812,0,0,0.02199999999998986,0,0,0.022013095614966033,7.44090988289698e-06,0.2808525219298246,0.00025510841868739176,0.3237047697368421,True,0,206,4,0,1,1173,603.0,0.3908201222059443,0.039043720626549816,2.2460461419331437,2.5753883812025045,33.0,0.0,7.0,29.0,,throughput,False,data\dvfs\results\cohort_isqp\cohort\cohort_B0304_z192__isqp_none.npz,41b062c000dd65a8ae1ba1bf91846d8b93928e640f8bfd6725de0e991a261d12
cohort_B0304_z181__isqp_none,cohort_B0304_z181,cohort,isqp_none,,Laplacian (RegTools),3x1x320x456,30466,0,5735.380566567562,0.0,270,0,-56.90299511971534,0.02200566936320486,1109.502253204574,2398.209953700003,0.1990953947368421,0.0,2.870565447021695,1.7255807929135918,0.6834429824561403,252181.3557402418,1109.502253204574,22.23239561676011,2.528691598550475,True,31182,33633,-109.20300575373767,31991,34359,-109.20300575373767,29219,30558,-218.40601150747534,29052,30465,-56.90299511971534,0,0,0.010999794156907867,0,0,0.010999794156907867,0,0,0.021999588313812834,0,0,0.02200566936320486,3.068835118363121e-06,0.31524808114035086,0.00014239138658551806,0.3933799342105263,True,0,171,1,13,3,1933,497.0,0.4863721786917304,0.04012109359988765,5.278272467816347,4.288542614048517,39.0,0.0,4.0,37.0,,throughput,False,data\dvfs\results\cohort_isqp\cohort\cohort_B0304_z181__isqp_none.npz,27bb8d32741b0aa3049602f92bc3c1844930c7a3a37f2fe3cb6bad5c57af871d
cohort_B0304_z240__isqp_none,cohort_B0304_z240,cohort,isqp_none,,Laplacian (RegTools),3x1x320x456,1292,0,695.9253826697189,0.0,209,0,-11.016805278869924,0.022173061258965863,130.54469113844874,145.32418640000105,0.008271655701754387,0.0,0.8834414209304563,0.7094576657720401,0.405078125,8055.9827445135525,130.54469113844874,16.54997363048453,0.13629028987994302,True,1914,2206,-30.01028379649506,2189,2485,-30.01028379649506,1374,1518,-60.02056759299012,1207,1292,-11.016805278869924,0,0,0.010997687791493606,0,0,0.010994707845533754,0,0,0.02199912479943411,0,0,0.022173061258965863,3.9491620599563674e-05,0.09703262061403509,0.0004097233875204544,0.10892269736842106,True,0,49,2,0,1,282,621.0,0.252645280534799,0.058236400946062694,1.105022108194652,1.2326611415375026,60.0,17.0,20.0,35.0,,throughput,False,data\dvfs\results\cohort_isqp\cohort\cohort_B0304_z240__isqp_none.npz,9148299d0b8b7630bba540775b4dac70348230ae2861b8447f51ef8e67a451a6
cohort_B0304_z240__isqp_l2,cohort_B0304_z240,cohort,isqp_l2,,Laplacian (RegTools),3x1x320x456,1292,0,695.9253826697189,0.0,209,0,-11.016805278869924,0.02203604954070789,96.87592052319363,430.67749829999957,0.008271655701754387,0.0,0.8834414209304563,0.7130033927265371,0.38909676535087717,4633.0171533184475,96.87592052319363,17.111542295874404,0.08160024575652901,True,1914,2206,-30.01028379649506,2189,2485,-30.01028379649506,1374,1518,-60.02056759299012,1207,1292,-11.016805278869924,0,0,0.010748510025307622,0,0,0.010570637262124663,0,0,0.021628212776270774,0,0,0.02203604954070789,3.9491620599563674e-05,0.09703262061403509,0.0003293817069237187,0.10421463815789474,True,0,84,2,0,1,684,621.0,0.252645280534799,0.058236400946062694,0.9166884286051106,1.0242719222046202,81.0,17.0,45.0,35.0,,throughput,False,data\dvfs\results\cohort_isqp\cohort\cohort_B0304_z240__isqp_l2.npz,929c7ce0f84da301b95ff88b40b3b5dfb70d4204f6787f76063826ec97a52f06
cohort_B0304_z181__isqp_l2,cohort_B0304_z181,cohort,isqp_l2,,Laplacian (RegTools),3x1x320x456,30466,0,5735.380566567562,0.0,270,0,-56.90299511971534,0.022000412516207213,882.8665706488438,2496.9872195999997,0.1990953947368421,0.0,2.870565447021695,1.7686050783366223,0.669969846491228,191956.10760736454,882.8665706488438,24.639317122617364,1.9635043023604728,True,31182,33633,-109.20300575373767,31991,34359,-109.20300575373767,29219,30558,-218.40601150747534,29052,30465,-56.90299511971534,0,0,0.010770670691467164,0,0,0.010770670691467164,0,0,0.02154134138293308,0,0,0.022000412516207213,3.068835118363121e-06,0.31524808114035086,0.00015148531274690867,0.3825452302631579,True,0,228,1,3,3,2099,497.0,0.4863721786917304,0.04012109359988765,5.07504862452642,4.728871854316403,39.0,0.0,2.0,37.0,,throughput,False,data\dvfs\results\cohort_isqp\cohort\cohort_B0304_z181__isqp_l2.npz,6b0beb540f6e691e5c66b37728c319084d5db11cfebf7dd0d602f10ef947f592
cohort_B0304_z192__isqp_l2,cohort_B0304_z192,cohort,isqp_l2,,Laplacian (RegTools),3x1x320x456,17485,0,2754.4734378599514,0.0,358,0,-23.113116442742466,0.02200016360170198,376.6467994824108,1365.743684699999,0.10734649122807018,0.0,2.3364679893413633,1.5800647672973176,0.648766447368421,66576.36110157124,376.6467994824108,13.36679029476953,0.7032615149952596,True,18136,21452,-44.39885874905303,19104,22373,-50.28355582216318,15877,17601,-88.79771749810607,15664,17485,-23.113116442742466,0,0,0.010656858809327097,0,0,0.010522609437382835,0,0,0.021313717618647643,0,0,0.02200016360170198,7.44090988289698e-06,0.2808525219298246,0.00010164098185414188,0.31885279605263156,True,0,247,4,0,1,1615,603.0,0.3908201222059443,0.039043720626549816,1.9180801853840235,2.1335000965277517,44.0,0.0,18.0,29.0,,throughput,False,data\dvfs\results\cohort_isqp\cohort\cohort_B0304_z192__isqp_l2.npz,f2cde3a6ef5471f63a58b9684621959525378dec48b09f30f1eb1ce79d3e9dfa
cohort_B0304_z288__isqp_none,cohort_B0304_z288,cohort,isqp_none,,Laplacian (RegTools),3x1x320x456,617,0,368.89428578937566,0.0,223,0,-6.699470561084195,0.02201630413207696,73.23720116193279,152.4548924000046,0.0037966008771929825,0.0,0.5801506377782161,0.42534717781472464,0.3092173793859649,3541.6071332540923,73.23720116193279,7.443051012815268,0.078491326283861,True,1153,1406,-22.08153159972,1395,1651,-22.875803334825257,737,872,-44.16306319944,554,617,-6.699470561084195,0,0,0.01099956086833398,0,0,0.010999338599110786,0,0,0.02199999975384374,0,0,0.02201630413207696,6.121042530728442e-05,0.06071134868421053,0.00024371081602587348,0.06557702850877192,True,0,50,3,0,1,264,749.0,0.15210392233895376,0.05965553781590823,0.7668339819443967,0.8818337043230541,33.0,0.0,26.0,14.0,,throughput,False,data\dvfs\results\cohort_isqp\cohort\cohort_B0304_z288__isqp_none.npz,d17ae4741c4f3bb19fd63fa3daafda563cf64cfca6de6129fbf227cf5800c931
cohort_B0304_z144__isqp_l2,cohort_B0304_z144,cohort,isqp_l2,,Laplacian (RegTools),3x1x320x456,19316,0,11258.949717214124,0.0,74,0,-47.783656663261354,0.021987472276991504,1927.9460277859182,3985.2322700000004,0.12951617324561404,0.0,2.4360408915338234,1.5998667902705488,0.5186814692982457,395725.95897716103,1927.9460277859182,41.04489140027829,5.228522566619468,True,19827,20669,-30.77402000888833,20340,21181,-56.50244509903132,18901,19290,-55.50251237367047,18899,19316,-47.783656663261354,0,0,0.010173725892897719,0,0,0.010112935153775995,0,0,0.020347451785788728,0,0,0.021987472276991504,1.4346478835865461e-06,0.1706483004385965,0.0003591449983570439,0.32499314692982456,True,0,309,1,69,3,3169,439.0,0.5223317394875729,0.20551123793179363,22.449681488631185,13.722162428586572,29.0,0.0,0.0,29.0,,throughput,False,data\dvfs\results\cohort_isqp\cohort\cohort_B0304_z144__isqp_l2.npz,159619b12ebb980f01e8ccfe73e5ddbde4f84a5a4958fcb9b468b494d1c8b247
cohort_B0304_z336__isqp_none,cohort_B0304_z336,cohort,isqp_none,,Laplacian (RegTools),3x1x320x456,1141,0,723.5528195822226,0.0,175,0,-11.540912705482015,0.022103023371896596,112.66628555391185,139.73049969999556,0.007305372807017544,0.0,0.7054718308968274,0.4841729410520343,0.3271861293859649,6674.682716037223,112.66628555391185,14.47152218652421,0.13980442611560276,True,1681,1931,-17.33648495878424,1858,2113,-17.33648495878424,1222,1344,-34.67296991756848,1066,1141,-11.540912705482015,0,0,0.010627714457136117,0,0,0.010627714457136117,0,0,0.021996508135045265,0,0,0.022103023371896596,5.0582065923510396e-06,0.06345257675438597,0.0005181730993527448,0.07202576754385964,True,0,64,3,0,1,275,716.0,0.13547566401915914,0.054129011141457684,0.773832139241245,0.9147928159669021,49.0,0.0,33.0,34.0,,throughput,False,data\dvfs\results\cohort_isqp\cohort\cohort_B0304_z336__isqp_none.npz,a986e2eb3577cb805f78ea607521b8e8bf2cc658ef907a8ab8b824c8be98c312
cohort_B0304_z384__isqp_none,cohort_B0304_z384,cohort,isqp_none,,Laplacian (RegTools),3x1x320x456,1532,0,984.776647245215,0.0,226,0,-30.491422435103118,0.0222205975432863,154.71020037959738,71.84754970000358,0.009923245614035087,0.0,0.8655275154080908,0.6307820058117921,0.2676466557017544,11472.574743715204,154.71020037959738,14.647795631871999,0.2937543142674486,True,2297,2572,-41.470844626546466,2579,2843,-41.470844626546466,1597,1744,-70.30496398941841,1448,1532,-30.491422435103118,0,0,0.010992879553346532,0,0,0.010992879553346532,0,0,0.021999232136903978,0,0,0.0222205975432863,3.232293356848588e-08,0.08926809210526315,0.00024830701628453255,0.10119928728070175,True,0,41,4,0,1,269,670.0,0.14359576003301483,0.10569217233725205,1.782417435704566,1.9920290434587928,21.0,0.0,2.0,21.0,,throughput,False,data\dvfs\results\cohort_isqp\cohort\cohort_B0304_z384__isqp_none.npz,8dc710b201edfb8de969d779902be7a3108690330a3255b1095b5880a7447198
cohort_B0304_z288__isqp_l2,cohort_B0304_z288,cohort,isqp_l2,,Laplacian (RegTools),3x1x320x456,617,0,368.89428578937566,0.0,223,0,-6.699470561084195,0.022014227356230674,54.74355282284773,295.78333790000033,0.0037966008771929825,0.0,0.5801506377782161,0.4363690380870636,0.29865679824561403,2041.1313353378664,54.74355282284773,9.12955571677716,0.04683642348182346,True,1153,1406,-22.08153159972,1395,1651,-22.875803334825257,737,872,-44.16306319944,554,617,-6.699470561084195,0,0,0.010222954829015408,0,0,0.010222954829015408,0,0,0.020445909658033307,0,0,0.022014227356230674,6.121042530728442e-05,0.06071134868421053,0.0004060458519004703,0.06267132675438597,True,0,51,3,0,1,429,749.0,0.15210392233895376,0.05965553781590823,0.5509251017068819,0.6194864853272539,48.0,0.0,43.0,14.0,,throughput,False,data\dvfs\results\cohort_isqp\cohort\cohort_B0304_z288__isqp_l2.npz,15969c1e15939c11f9ea6566ebda3f4e69754939d255d171c16ad7d8f84f3be7
cohort_B0304_z336__isqp_l2,cohort_B0304_z336,cohort,isqp_l2,,Laplacian (RegTools),3x1x320x456,1141,0,723.5528195822226,0.0,175,0,-11.540912705482015,0.02200191458913463,87.62550442988261,313.9605994999947,0.007305372807017544,0.0,0.7054718308968274,0.5004537336398193,0.3240885416666667,4117.390434980769,87.62550442988261,15.208954675635063,0.08706498984967052,True,1681,1931,-17.33648495878424,1858,2113,-17.33648495878424,1222,1344,-34.67296991756848,1066,1141,-11.540912705482015,0,0,0.010252065470842304,0,0,0.010252065470842304,0,0,0.02148328721430397,0,0,0.02200191458913463,5.0582065923510396e-06,0.06345257675438597,0.00035023754177737604,0.06901041666666667,True,0,82,3,0,1,501,716.0,0.13547566401915914,0.054129011141457684,0.5409550228721953,0.6150532544818067,109.0,0.0,101.0,34.0,,throughput,False,data\dvfs\results\cohort_isqp\cohort\cohort_B0304_z336__isqp_l2.npz,edb8324e71c102f18eb6ead4b26ba085a5d4f611de621a821a2c830a7bfa4058
cohort_B0304_z480__isqp_none,cohort_B0304_z480,cohort,isqp_none,,Laplacian (RegTools),3x1x320x456,0,0,0.0,0.0,0,0,0.20926442230265252,0.20926442230265252,0.0,0.2166670000005979,0.0,0.0,0.15624853405748185,0.15624853405748185,0.0,0.0,0.0,0.0,0.0,True,0,0,0.09366619855848057,0,0,0.09078541305314047,0,0,0.18733239711696115,0,0,0.20926442230265252,0,0,0.09366619855848057,0,0,0.09078541305314047,0,0,0.18733239711696115,0,0,0.20926442230265252,0.4694646654522348,0.0004385964912280702,0.4694646654522348,0.0004385964912280702,True,0,0,0,0,0,0,-1.0,-1.0,-1.0,-1.0,-1.0,-1.0,-1.0,-1.0,-1.0,,throughput,False,data\dvfs\results\cohort_isqp\cohort\cohort_B0304_z480__isqp_none.npz,1defef13a0f9d3ba8024cc190e037b810d8db526be34638a325d65e7402a3547
cohort_B0304_z480__isqp_l2,cohort_B0304_z480,cohort,isqp_l2,,Laplacian (RegTools),3x1x320x456,0,0,0.0,0.0,0,0,0.20926442230265252,0.20926442230265252,0.0,0.2024033000052441,0.0,0.0,0.15624853405748185,0.15624853405748185,0.0,0.0,0.0,0.0,0.0,True,0,0,0.09366619855848057,0,0,0.09078541305314047,0,0,0.18733239711696115,0,0,0.20926442230265252,0,0,0.09366619855848057,0,0,0.09078541305314047,0,0,0.18733239711696115,0,0,0.20926442230265252,0.4694646654522348,0.0004385964912280702,0.4694646654522348,0.0004385964912280702,True,0,0,0,0,0,0,-1.0,-1.0,-1.0,-1.0,-1.0,-1.0,-1.0,-1.0,-1.0,,throughput,False,data\dvfs\results\cohort_isqp\cohort\cohort_B0304_z480__isqp_l2.npz,1defef13a0f9d3ba8024cc190e037b810d8db526be34638a325d65e7402a3547
cohort_B0304_z384__isqp_l2,cohort_B0304_z384,cohort,isqp_l2,,Laplacian (RegTools),3x1x320x456,1532,0,984.776647245215,0.0,226,0,-30.491422435103118,0.021998708521678713,105.21675751626991,289.2020448999974,0.009923245614035087,0.0,0.8655275154080908,0.6354931232726104,0.2680441337719298,5678.883366734416,105.21675751626991,17.876947355465276,0.14519171034526668,True,2297,2572,-41.470844626546466,2579,2843,-41.470844626546466,1597,1744,-70.30496398941841,1448,1532,-30.491422435103118,0,0,0.01057999200992379,0,0,0.0105683660168793,0,0,0.021159984019820076,0,0,0.021998708521678713,3.232293356848588e-08,0.08926809210526315,0.0002923906219826479,0.09533991228070175,True,0,60,4,0,1,626,670.0,0.14359576003301483,0.10569217233725205,1.3280603098550343,1.6419369168656288,23.0,0.0,7.0,21.0,,throughput,False,data\dvfs\results\cohort_isqp\cohort\cohort_B0304_z384__isqp_l2.npz,29d30c40446385ae81a0747a7644d9b9e80e95fa4f120a1e75dd5dbe65ae508b
cohort_B0304_z432__isqp_none,cohort_B0304_z432,cohort,isqp_none,,Laplacian (RegTools),3x1x320x456,10644,0,12801.596603411313,0.0,141,0,-116.94669542919246,0.02201351379971532,1347.8110777300694,496.05677840000135,0.07180646929824562,0.0,1.8753113729730775,1.18809774637189,0.5494311951754386,239113.36732266212,1347.8110777300694,51.83887270882614,2.982467505552519,True,11539,11888,-217.9745942319696,11873,12238,-245.89375024235414,10638,10818,-435.9491884639392,10478,10644,-116.94669542919246,0,0,0.01099999999998771,0,0,0.01099994408005487,0,0,0.022000000000000283,0,0,0.02201351379971532,1.9992049690363614e-06,0.16906524122807018,0.0002386182478576234,0.2753563596491228,True,0,169,3,0,1,1293,731.0,0.22403874362016143,0.25639584796996084,9.59450308965145,10.413681894594887,41.0,0.0,0.0,41.0,,throughput,False,data\dvfs\results\cohort_isqp\cohort\cohort_B0304_z432__isqp_none.npz,76e6c60b8f7fc057d3d95dc576eb0897cd54145ab548405dc7114e1d15a99e36
cohort_B0304_z432__isqp_l2,cohort_B0304_z432,cohort,isqp_l2,,Laplacian (RegTools),3x1x320x456,10644,0,12801.596603411313,0.0,141,0,-116.94669542919246,0.022001872045662032,983.4444030739795,765.9637396000035,0.07180646929824562,0.0,1.8753113729730775,1.2436181013233158,0.5473684210526316,132642.4927795538,983.4444030739795,51.13146193324752,1.6606882609619618,True,11539,11888,-217.9745942319696,11873,12238,-245.89375024235414,10638,10818,-435.9491884639392,10478,10644,-116.94669542919246,0,0,0.010751439284726121,0,0,0.01014714688064193,0,0,0.021616743932334027,0,0,0.022001872045662032,1.9992049690363614e-06,0.16906524122807018,0.00012863850068946863,0.2423793859649123,True,0,296,3,1,4,2393,731.0,0.22403874362016143,0.25639584796996084,9.650400771546016,12.31681769475675,41.0,0.0,0.0,41.0,,throughput,False,data\dvfs\results\cohort_isqp\cohort\cohort_B0304_z432__isqp_l2.npz,46adc66d105558f725fbf6f36aa9f93bbc70520129d1a10d07c5627050c29f6b
