label,case,source,config,mechanism,tool,shape,n_neg_init,n_neg_final,neg_vol_init,neg_vol_final,n_clusters_init,n_clusters_final,min_jdet_init,min_jdet_final,l2_err,time_s,frac_nonpos_jdet_init,frac_nonpos_jdet_final,sdlogj_init,sdlogj_final,moved_frac,l1_move,l2_move,max_move,mean_move_moved,feasible,simplex_n_neg_init,simplex_n_below_init,simplex_min_init,bilinear_n_neg_init,bilinear_n_below_init,bilinear_min_init,finite_n_neg_init,finite_n_below_init,finite_min_init,jdet_n_neg_init,jdet_n_below_init,jdet_min_init,simplex_n_neg_final,simplex_n_below_final,simplex_min_final,bilinear_n_neg_final,bilinear_n_below_final,bilinear_min_final,finite_n_neg_final,finite_n_below_final,finite_min_final,jdet_n_neg_final,jdet_n_below_final,jdet_min_final,ift_min_radius_init,ift_frac_subpixel_init,ift_min_radius_final,ift_frac_subpixel_final,certified,damage,n_windows,giant_regions,mop_cleared,rounds,sqp_iters,corr_n,corr_resid_med_init,corr_resid_mad_init,corr_resid_med_final,corr_resid_mad_final,corr_n_outliers,corr_n_large,corr_n_high_resid,corr_n_incoherent,error,timing_mode,hit_cap,out_path,sha256
m1_laplacian_cohort_B0039_z264__isqp_none,m1_laplacian_cohort_B0039_z264,origins,isqp_none,m1_interpolation,Laplacian (RegTools) (real),3x1x320x456,306,0,133.45570962418722,0.0,188,0,-3.491226293058075,0.023221299224278492,45.95285703144956,75.63742809999985,0.0020764802631578947,0.0,0.33736161904597456,0.16601317776074892,0.29059073464912283,1582.724350114905,45.95285703144956,6.150216742474386,0.037325763510008846,True,1112,1121,-7.422033348526725,1224,1244,-7.422033348526725,637,660,-14.84406669705345,303,306,-3.491226293058075,0,0,0.010999272212979527,0,0,0.010999272212979527,0,0,0.021998544425930633,0,0,0.023221299224278492,0.00014814128057898695,0.0516515899122807,0.0011605493260646628,0.05380345394736842,True,0,37,6,0,1,175,-1.0,-1.0,-1.0,-1.0,-1.0,-1.0,-1.0,-1.0,-1.0,,throughput,False,data\dvfs\results\origins_all\origins\m1_laplacian_cohort_B0039_z264__isqp_none.npz,11a2d38abc9dd942bb3f718cad3d61fd0f08017ac075619feb724286374b0557
m1_laplacian_cohort_B0039_z264__isqp_l2,m1_laplacian_cohort_B0039_z264,origins,isqp_l2,m1_interpolation,Laplacian (RegTools) (real),3x1x320x456,306,0,133.45570962418722,0.0,188,0,-3.491226293058075,0.02211732935880931,36.788384903725046,201.30919280000035,0.0020764802631578947,0.0,0.33736161904597456,0.17118248839201305,0.2599986293859649,1037.2234331431725,36.788384903725046,6.3519848386175966,0.02733924017879155,True,1112,1121,-7.422033348526725,1224,1244,-7.422033348526725,637,660,-14.84406669705345,303,306,-3.491226293058075,0,0,0.010002246317852487,0,0,0.010002246317852487,0,0,0.020004492635718102,0,0,0.02211732935880931,0.00014814128057898695,0.0516515899122807,0.00040697408900137853,0.052713815789473685,True,0,50,6,0,1,340,-1.0,-1.0,-1.0,-1.0,-1.0,-1.0,-1.0,-1.0,-1.0,,throughput,False,data\dvfs\results\origins_all\origins\m1_laplacian_cohort_B0039_z264__isqp_l2.npz,1470c79270f7ea40f5c1663654a0238ac4eb4829769ee231082cbd3fa9909726
m1_laplacian_cohort_B0039_z264__auto,m1_laplacian_cohort_B0039_z264,origins,auto,m1_interpolation,Laplacian (RegTools) (real),3x1x320x456,306,0,133.45570962418722,0.0,188,0,-3.491226293058075,0.022200115306249307,44.35896431812205,123.62639630000012,0.0020764802631578947,0.0,0.33736161904597456,0.16734480383008912,0.27816611842105265,1463.1176802078169,44.35896431812205,6.3417169839962435,0.03604625967498933,True,1112,1121,-7.422033348526725,1224,1244,-7.422033348526725,637,660,-14.84406669705345,303,306,-3.491226293058075,0,0,0.010861529929748755,0,0,0.010861529929748755,0,0,0.0219475383530811,0,0,0.022200115306249307,0.00014814128057898695,0.0516515899122807,0.0011605493260646628,0.0534265350877193,True,0,37,6,0,1,272,-1.0,-1.0,-1.0,-1.0,-1.0,-1.0,-1.0,-1.0,-1.0,,throughput,False,data\dvfs\results\origins_all\origins\m1_laplacian_cohort_B0039_z264__auto.npz,24e0147bd0d85b1bc293d357103f008830313f4a1fb25863fbee1c885db43ec0
m1_laplacian_cohort_B0039_z264__slp,m1_laplacian_cohort_B0039_z264,origins,slp,m1_interpolation,Laplacian (RegTools) (real),3x1x320x456,306,37,133.45570962418722,9.678988729526587,188,33,-3.491226293058075,-1.9835494365426019,35.92409321900666,41.32748290000018,0.0020764802631578947,0.0002124451754385965,0.33736161904597456,0.18843971615147342,0.0072779605263157895,615.1411858477836,35.92409321900666,7.479308077647425,0.579228988557235,True,1112,1121,-7.422033348526725,1224,1244,-7.422033348526725,637,660,-14.84406669705345,303,306,-3.491226293058075,0,0,0.010090541998599243,292,683,-4.546921306698262,0,0,0.020182331068378745,31,37,-1.9835494365426019,0.00014814128057898695,0.0516515899122807,0.00027549321655839505,0.05144599780701754,False,-1,-1,-1,-1,-1,-1,-1.0,-1.0,-1.0,-1.0,-1.0,-1.0,-1.0,-1.0,-1.0,,throughput,False,data\dvfs\results\origins_all\origins\m1_laplacian_cohort_B0039_z264__slp.npz,f3941b3f0e1fc6bd72e7301a365572b0e7d06e63d29d5a6223bf6752c13066c5
m1_laplacian_cohort_B0039_z264__barrier,m1_laplacian_cohort_B0039_z264,origins,barrier,m1_interpolation,Laplacian (RegTools) (real),3x1x320x456,306,119,133.45570962418722,44.526256239691314,188,53,-3.491226293058075,-2.8332476810168967,19.984928898698442,203.2542682000003,0.0020764802631578947,0.0005413925438596491,0.33736161904597456,0.24297843771709632,0.01668722587719298,663.2569822234504,19.984928898698442,1.9153190317946907,0.2723847976277004,False,1112,1121,-7.422033348526725,1224,1244,-7.422033348526725,637,660,-14.84406669705345,303,306,-3.491226293058075,77,153,-0.006563349814898608,406,747,-5.522751860470117,46,94,-0.012413441834301597,79,119,-2.8332476810168967,0.00014814128057898695,0.0516515899122807,1.4296649160416493e-07,0.05226836622807018,False,-1,-1,-1,-1,-1,-1,-1.0,-1.0,-1.0,-1.0,-1.0,-1.0,-1.0,-1.0,-1.0,,throughput,False,data\dvfs\results\origins_all\origins\m1_laplacian_cohort_B0039_z264__barrier.npz,3c819c8f6b85305b0636905cae384cdb9de96d8003fc0dc72d87cbd4b1150f55
m1_laplacian_cohort_B0039_z264__m14,m1_laplacian_cohort_B0039_z264,origins,m14,m1_interpolation,Laplacian (RegTools) (real),3x1x320x456,306,37,133.45570962418722,9.471370825567336,188,33,-3.491226293058075,-1.8407869971245092,71.05465094476195,118.4439038999999,0.0020764802631578947,0.00023300438596491227,0.33736161904597456,0.16597666352723356,0.8252055921052631,2536.3562109071363,71.05465094476195,9.051438365696796,0.021063632226378463,True,1112,1121,-7.422033348526725,1224,1244,-7.422033348526725,637,660,-14.84406669705345,303,306,-3.491226293058075,0,0,0.020000400570993573,244,315,-3.8626120313844474,0,0,0.04000080114198862,34,37,-1.8407869971245092,0.00014814128057898695,0.0516515899122807,3.0448725237213116e-05,0.0470874451754386,False,-1,-1,-1,-1,-1,-1,-1.0,-1.0,-1.0,-1.0,-1.0,-1.0,-1.0,-1.0,-1.0,,throughput,False,data\dvfs\results\origins_all\origins\m1_laplacian_cohort_B0039_z264__m14.npz,755198e7428d420a10486dd2869036b5a924bf3bb13979241adf585728d3d774
m1_laplacian_cohort_B0039_z264__slsqp_windowed,m1_laplacian_cohort_B0039_z264,origins,slsqp_windowed,m1_interpolation,Laplacian (RegTools) (real),3x1x320x456,306,215,133.45570962418722,0.5235307530257285,188,158,-3.491226293058075,-0.00882731964912864,10.874952092642392,6.903160500000013,0.0020764802631578947,0.00022615131578947368,0.33736161904597456,0.2691186514323478,0.006537828947368421,281.57964727850407,10.874952092642392,1.4339075294132104,0.29515686297537114,False,1112,1121,-7.422033348526725,1224,1244,-7.422033348526725,637,660,-14.84406669705345,303,306,-3.491226293058075,1024,1058,-6.4288331521842474,1129,1171,-6.4288331521842474,604,622,-12.857666304368419,33,33,-0.00882731964912864,0.00014814128057898695,0.0516515899122807,3.81466840649885e-05,0.052021655701754384,False,-1,-1,-1,-1,-1,-1,-1.0,-1.0,-1.0,-1.0,-1.0,-1.0,-1.0,-1.0,-1.0,,throughput,False,data\dvfs\results\origins_all\origins\m1_laplacian_cohort_B0039_z264__slsqp_windowed.npz,91c90cb393d39fb29e032e44bd4733e47354a0c555a2e970f003ae0d499cfb8a
m1_laplacian_synthetic_clean__isqp_none,m1_laplacian_synthetic_clean,origins,isqp_none,m1_interpolation,Laplacian (dvfopt.laplacian) (synthetic),3x1x192x192,0,0,0.0,0.0,0,0,0.23784410764136035,0.28144742179513565,0.31564013313226774,0.13573129999986122,0.0,0.0,0.04962315230321344,0.049415125422005525,0.005425347222222222,1.1478916050948833,0.31564013313226774,0.15042284095177205,0.005739458025474416,True,3,3,-0.06340272436979937,4,5,-0.19603694974261174,2,2,-0.1268054487395986,0,0,0.23784410764136035,0,0,0.010999999999997567,0,0,0.010999999999993612,0,0,0.05059870760722297,0,0,0.28144742179513565,0.03734859992526742,0.010009765625,0.05009420084082136,0.009901258680555556,True,0,4,0,0,1,10,-1.0,-1.0,-1.0,-1.0,-1.0,-1.0,-1.0,-1.0,-1.0,,throughput,False,data\dvfs\results\origins_all\origins\m1_laplacian_synthetic_clean__isqp_none.npz,ceb65566724b0f7d31e3dba309401572390202214d2d61caa567956e9b922809
m1_laplacian_synthetic_clean__isqp_l2,m1_laplacian_synthetic_clean,origins,isqp_l2,m1_interpolation,Laplacian (dvfopt.laplacian) (synthetic),3x1x192x192,0,0,0.0,0.0,0,0,0.23784410764136035,0.2770761073653927,0.308394883361757,0.14090560000022379,0.0,0.0,0.04962315230321344,0.049423828612054674,0.004313151041666667,1.1098264889280767,0.308394883361757,0.14990546908347113,0.006980040810868407,True,3,3,-0.06340272436979937,4,5,-0.19603694974261174,2,2,-0.1268054487395986,0,0,0.23784410764136035,0,0,0.010999999930750126,0,0,0.01099999620338385,0,0,0.05055919673072204,0,0,0.2770761073653927,0.03734859992526742,0.010009765625,0.04883760168068669,0.009901258680555556,True,0,4,0,0,1,10,-1.0,-1.0,-1.0,-1.0,-1.0,-1.0,-1.0,-1.0,-1.0,,throughput,False,data\dvfs\results\origins_all\origins\m1_laplacian_synthetic_clean__isqp_l2.npz,a1714d4e1e98f880f191dc6e8fa6739f7419348364046fdaccaecc9de5bddba6
m1_laplacian_synthetic_clean__auto,m1_laplacian_synthetic_clean,origins,auto,m1_interpolation,Laplacian (dvfopt.laplacian) (synthetic),3x1x192x192,0,0,0.0,0.0,0,0,0.23784410764136035,0.2794945306507719,0.3140774181892543,0.18287680000048567,0.0,0.0,0.04962315230321344,0.049419716256937946,0.005425347222222222,1.1254083095811247,0.3140774181892543,0.15037965981274026,0.005627041547905624,True,3,3,-0.06340272436979937,4,5,-0.19603694974261174,2,2,-0.1268054487395986,0,0,0.23784410764136035,0,0,0.010999999999997567,0,0,0.010999750729196359,0,0,0.05059870760722297,0,0,0.2794945306507719,0.03734859992526742,0.010009765625,0.0495287501991325,0.009901258680555556,True,0,4,0,0,1,14,-1.0,-1.0,-1.0,-1.0,-1.0,-1.0,-1.0,-1.0,-1.0,,throughput,False,data\dvfs\results\origins_all\origins\m1_laplacian_synthetic_clean__auto.npz,7ee1e33b20e5aee23d4918222fe1011b97bf364a1fcfcd90d7707e98448482ee
m1_laplacian_synthetic_clean__slp,m1_laplacian_synthetic_clean,origins,slp,m1_interpolation,Laplacian (dvfopt.laplacian) (synthetic),3x1x192x192,0,0,0.0,0.0,0,0,0.23784410764136035,0.31216426578056267,0.17254831291307285,1.6490395999999237,0.0,0.0,0.04962315230321344,0.049343940590392134,8.138020833333333e-05,0.251642307470334,0.17254831291307285,0.15966074780919381,0.083880769156778,True,3,3,-0.06340272436979937,4,5,-0.19603694974261174,2,2,-0.1268054487395986,0,0,0.23784410764136035,0,0,0.010099987929285263,3,3,-0.19603694974261174,0,0,0.020199975858573405,0,0,0.31216426578056267,0.03734859992526742,0.010009765625,0.0548169592477418,0.009928385416666666,False,-1,-1,-1,-1,-1,-1,-1.0,-1.0,-1.0,-1.0,-1.0,-1.0,-1.0,-1.0,-1.0,,throughput,False,data\dvfs\results\origins_all\origins\m1_laplacian_synthetic_clean__slp.npz,188449c15433871db55aa8c639ac8a2faa2765dbc5e3f121bf6c7c8732ef8544
m1_laplacian_synthetic_clean__barrier,m1_laplacian_synthetic_clean,origins,barrier,m1_interpolation,Laplacian (dvfopt.laplacian) (synthetic),3x1x192x192,0,0,0.0,0.0,0,0,0.23784410764136035,0.37533508175278696,2.2531773815804144,1.6217179999994187,0.0,0.0,0.04962315230321344,0.04995636785655127,1.0,93.6392424635181,2.2531773815804144,0.2499617033233923,0.0025401270199522053,True,3,3,-0.06340272436979937,4,5,-0.19603694974261174,2,2,-0.1268054487395986,0,0,0.23784410764136035,0,0,0.05025005895438026,2,2,-0.12193009052051178,0,0,0.10050011790876046,0,0,0.37533508175278696,0.03734859992526742,0.010009765625,0.06941566477160911,0.007731119791666667,False,-1,-1,-1,-1,-1,-1,-1.0,-1.0,-1.0,-1.0,-1.0,-1.0,-1.0,-1.0,-1.0,,throughput,False,data\dvfs\results\origins_all\origins\m1_laplacian_synthetic_clean__barrier.npz,c1f952a9ce645490f8b6c21c41c3bb19e3da461d4ec4e387ac39d8f291f29849
m1_laplacian_synthetic_clean__m14,m1_laplacian_synthetic_clean,origins,m14,m1_interpolation,Laplacian (dvfopt.laplacian) (synthetic),3x1x192x192,0,0,0.0,0.0,0,0,0.23784410764136035,0.33793181333605354,0.39826296895225,1.3020173000004434,0.0,0.0,0.04962315230321344,0.049205453045676306,1.0,5.018414980769046,0.39826296895225,0.1849751217808855,0.00013613321887936866,True,3,3,-0.06340272436979937,4,5,-0.19603694974261174,2,2,-0.1268054487395986,0,0,0.23784410764136035,0,0,0.06672469601227365,1,1,-0.184419348333765,0,0,0.1505701710122999,0,0,0.33793181333605354,0.03734859992526742,0.010009765625,0.06666180716364159,0.009738498263888888,False,-1,-1,-1,-1,-1,-1,-1.0,-1.0,-1.0,-1.0,-1.0,-1.0,-1.0,-1.0,-1.0,,throughput,False,data\dvfs\results\origins_all\origins\m1_laplacian_synthetic_clean__m14.npz,66d6c2e3c43445fb4dfa9db352002b310b9060d3b38eb8c0b5b0d8240cba67e6
m1_laplacian_synthetic_clean__slsqp_windowed,m1_laplacian_synthetic_clean,origins,slsqp_windowed,m1_interpolation,Laplacian (dvfopt.laplacian) (synthetic),3x1x192x192,0,0,0.0,0.0,0,0,0.23784410764136035,0.23784410764136035,0.0,0.004237099999954808,0.0,0.0,0.04962315230321344,0.04962315230321344,0.0,0.0,0.0,0.0,0.0,True,3,3,-0.06340272436979937,4,5,-0.19603694974261174,2,2,-0.1268054487395986,0,0,0.23784410764136035,3,3,-0.06340272436979937,4,5,-0.19603694974261174,2,2,-0.1268054487395986,0,0,0.23784410764136035,0.03734859992526742,0.010009765625,0.03734859992526742,0.010009765625,False,-1,-1,-1,-1,-1,-1,-1.0,-1.0,-1.0,-1.0,-1.0,-1.0,-1.0,-1.0,-1.0,,throughput,False,data\dvfs\results\origins_all\origins\m1_laplacian_synthetic_clean__slsqp_windowed.npz,ebb2de7a514ae8b841f3bbf01c920b52441812edd66490b610bb3df7e0623ee5
m1_laplacian_synthetic_collapse__isqp_none,m1_laplacian_synthetic_collapse,origins,isqp_none,m1_interpolation,Laplacian (dvfopt.laplacian) (synthetic),3x1x192x192,27,0,5.8375645998416985,0.0,27,0,-0.5543111707588715,0.0519342594246433,6.859517314792577,2.747262099999716,0.0007052951388888889,0.0,0.23384429449479793,0.14917770354001436,0.0688747829861111,75.39236512639928,6.859517314792577,2.0855505672405252,0.029693723956833118,True,49,55,-1.6347712439447801,84,87,-2.542479147145743,30,31,-2.742697431927815,26,27,-0.5543111707588715,0,0,0.01100000000000656,0,0,0.010999999998741392,0,0,0.022040048084184853,0,0,0.0519342594246433,0.00023235372680778068,0.027533637152777776,0.01997540107340771,0.028293185763888888,True,0,6,0,0,1,23,-1.0,-1.0,-1.0,-1.0,-1.0,-1.0,-1.0,-1.0,-1.0,,throughput,False,data\dvfs\results\origins_all\origins\m1_laplacian_synthetic_collapse__isqp_none.npz,dbab0e857210e5454c6f2eee2ab92f574eb077757489ada5ab4995a38efb9512
m1_laplacian_synthetic_collapse__isqp_l2,m1_laplacian_synthetic_collapse,origins,isqp_l2,m1_interpolation,Laplacian (dvfopt.laplacian) (synthetic),3x1x192x192,27,0,5.8375645998416985,0.0,27,0,-0.5543111707588715,0.039208107450706325,6.365235856822207,13.835014900000715,0.0007052951388888889,0.0,0.23384429449479793,0.1498065038095026,0.06719292534722222,63.69237067565487,6.365235856822207,1.8987440594643665,0.02571351258605364,True,49,55,-1.6347712439447801,84,87,-2.542479147145743,30,31,-2.742697431927815,26,27,-0.5543111707588715,0,0,0.010834064547326452,0,0,0.010834064547326452,0,0,0.021668129094658733,0,0,0.039208107450706325,0.00023235372680778068,0.027533637152777776,0.0033711702702127716,0.028184678819444444,True,0,7,0,0,1,38,-1.0,-1.0,-1.0,-1.0,-1.0,-1.0,-1.0,-1.0,-1.0,,throughput,False,data\dvfs\results\origins_all\origins\m1_laplacian_synthetic_collapse__isqp_l2.npz,0a3e66cc5b7f3c72d2243cb3efdc827255ef0b150044bdc5e06522a4199a4c8b
m1_laplacian_synthetic_collapse__auto,m1_laplacian_synthetic_collapse,origins,auto,m1_interpolation,Laplacian (dvfopt.laplacian) (synthetic),3x1x192x192,27,0,5.8375645998416985,0.0,27,0,-0.5543111707588715,0.051659454317395506,6.8202792695696335,3.6257614999994985,0.0007052951388888889,0.0,0.23384429449479793,0.14901518530314753,0.0688747829861111,74.58605687397478,6.8202792695696335,2.080871873817469,0.029376154735712794,True,49,55,-1.6347712439447801,84,87,-2.542479147145743,30,31,-2.742697431927815,26,27,-0.5543111707588715,0,0,0.01098154987172395,0,0,0.010981485829175769,0,0,0.02199855339886264,0,0,0.051659454317395506,0.00023235372680778068,0.027533637152777776,0.02015658980435577,0.028293185763888888,True,0,6,0,0,1,30,-1.0,-1.0,-1.0,-1.0,-1.0,-1.0,-1.0,-1.0,-1.0,,throughput,False,data\dvfs\results\origins_all\origins\m1_laplacian_synthetic_collapse__auto.npz,80ebcb3a710bd5d846a94598081ba485d885cefd5266336cd53e5244cf580111
m1_laplacian_synthetic_collapse__slp,m1_laplacian_synthetic_collapse,origins,slp,m1_interpolation,Laplacian (dvfopt.laplacian) (synthetic),3x1x192x192,27,0,5.8375645998416985,0.0,27,0,-0.5543111707588715,0.06262635438786787,6.91948017361201,2.6542911000005915,0.0007052951388888889,0.0,0.23384429449479793,0.14421578192485193,0.001491970486111111,37.13788253058873,6.91948017361201,2.514694034987735,0.6752342278288861,True,49,55,-1.6347712439447801,84,87,-2.542479147145743,30,31,-2.742697431927815,26,27,-0.5543111707588715,0,0,0.0100926190037883,36,46,-0.5448209680061316,0,0,0.02018523800756547,0,0,0.06262635438786787,0.00023235372680778068,0.027533637152777776,0.020465977735962086,0.027425130208333332,False,-1,-1,-1,-1,-1,-1,-1.0,-1.0,-1.0,-1.0,-1.0,-1.0,-1.0,-1.0,-1.0,,throughput,False,data\dvfs\results\origins_all\origins\m1_laplacian_synthetic_collapse__slp.npz,28c43c1b49348a493c703688910eb8ef39297881ddb9e448426277540f685910
m1_laplacian_synthetic_collapse__barrier,m1_laplacian_synthetic_collapse,origins,barrier,m1_interpolation,Laplacian (dvfopt.laplacian) (synthetic),3x1x192x192,27,2,5.8375645998416985,0.133131505599613,27,2,-0.5543111707588715,-0.07841086337015554,5.795362557638475,40.203053199999886,0.0007052951388888889,5.425347222222222e-05,0.23384429449479793,0.15727907955592052,0.004747178819444444,57.83383574583862,5.795362557638475,1.3087157429091398,0.3304790614047921,True,49,55,-1.6347712439447801,84,87,-2.542479147145743,30,31,-2.742697431927815,26,27,-0.5543111707588715,0,0,0.010999287859577211,40,47,-1.51826686124725,0,0,0.02199857571914432,2,2,-0.07841086337015554,0.00023235372680778068,0.027533637152777776,0.0022538788879667227,0.027723524305555556,False,-1,-1,-1,-1,-1,-1,-1.0,-1.0,-1.0,-1.0,-1.0,-1.0,-1.0,-1.0,-1.0,,throughput,False,data\dvfs\results\origins_all\origins\m1_laplacian_synthetic_collapse__barrier.npz,837d1ff1ad9d4497f6961a5ba175cde096d48ce9933c9c453490e55071d5e185
m1_laplacian_synthetic_collapse__m14,m1_laplacian_synthetic_collapse,origins,m14,m1_interpolation,Laplacian (dvfopt.laplacian) (synthetic),3x1x192x192,27,3,5.8375645998416985,0.324993560660251,27,3,-0.5543111707588715,-0.17347246921955323,5.1995665475173585,17.18516510000063,0.0007052951388888889,8.138020833333333e-05,0.23384429449479793,0.16123692139974918,0.009087456597222222,45.230026866472194,5.1995665475173585,1.2670848901242167,0.1350150055715588,True,49,55,-1.6347712439447801,84,87,-2.542479147145743,30,31,-2.742697431927815,26,27,-0.5543111707588715,0,0,0.010999987391606791,36,48,-1.4895715166099766,0,0,0.02199997478326665,3,3,-0.17347246921955323,0.00023235372680778068,0.027533637152777776,0.0016926656925238203,0.027642144097222224,False,-1,-1,-1,-1,-1,-1,-1.0,-1.0,-1.0,-1.0,-1.0,-1.0,-1.0,-1.0,-1.0,,throughput,False,data\dvfs\results\origins_all\origins\m1_laplacian_synthetic_collapse__m14.npz,ca83f92d76e0f00b7b8f00718d71a8ec108db52d717aa88881607c94e9a0828f
m1_laplacian_synthetic_collapse__slsqp_windowed,m1_laplacian_synthetic_collapse,origins,slsqp_windowed,m1_interpolation,Laplacian (dvfopt.laplacian) (synthetic),3x1x192x192,27,17,5.8375645998416985,4.4722577698455557e-07,27,17,-0.5543111707588715,0.009999824251172268,1.5483714037231375,0.6535977000003186,0.0007052951388888889,0.0,0.23384429449479793,0.19158135651218303,0.0023057725694444445,13.464777550577633,1.5483714037231375,0.42542194449022475,0.1584091476538545,True,49,55,-1.6347712439447801,84,87,-2.542479147145743,30,31,-2.742697431927815,26,27,-0.5543111707588715,41,47,-1.5685845725282967,65,76,-2.508059343322175,25,27,-2.691031263953496,0,0,0.009999824251172268,0.00023235372680778068,0.027533637152777776,9.845743745803817e-05,0.027723524305555556,False,-1,-1,-1,-1,-1,-1,-1.0,-1.0,-1.0,-1.0,-1.0,-1.0,-1.0,-1.0,-1.0,,throughput,False,data\dvfs\results\origins_all\origins\m1_laplacian_synthetic_collapse__slsqp_windowed.npz,2c47fc4a794b3f0770121c45f472c127a688efb20d348d0862624cccbf067994
m1_laplacian_synthetic_mixed__isqp_none,m1_laplacian_synthetic_mixed,origins,isqp_none,m1_interpolation,Laplacian (dvfopt.laplacian) (synthetic),3x1x192x192,205,0,316.02569752428747,0.0,33,0,-15.073061978225773,0.02273502604504524,100.92892112478648,7.565739800000301,0.005425347222222222,0.0,0.5631747036303953,0.3300985597276758,0.16324869791666666,2788.6614174132324,100.92892112478648,23.788115334480597,0.46338674267418284,True,337,351,-13.296146612138793,370,385,-13.296146612138793,238,241,-20.996086777655922,200,205,-15.073061978225773,0,0,0.010999543899863296,0,0,0.010996003970876564,0,0,0.021999087799733308,0,0,0.02273502604504524,3.6292852321921283e-05,0.0940212673611111,0.0005173419380134695,0.1103244357638889,True,0,28,0,0,1,131,-1.0,-1.0,-1.0,-1.0,-1.0,-1.0,-1.0,-1.0,-1.0,,throughput,False,data\dvfs\results\origins_all\origins\m1_laplacian_synthetic_mixed__isqp_none.npz,eab9d506565ed4adffbb6bbb40e0137de2a13434a11dc1876b7f1963c130829f
m1_laplacian_synthetic_mixed__isqp_l2,m1_laplacian_synthetic_mixed,origins,isqp_l2,m1_interpolation,Laplacian (dvfopt.laplacian) (synthetic),3x1x192x192,205,0,316.02569752428747,0.0,33,0,-15.073061978225773,0.021991383225130435,69.00504590476244,32.12704979999944,0.005425347222222222,0.0,0.5631747036303953,0.35829161406525506,0.1533474392361111,1047.1499787743555,69.00504590476244,22.665226658031315,0.18523792300979225,True,337,351,-13.296146612138793,370,385,-13.296146612138793,238,241,-20.996086777655922,200,205,-15.073061978225773,0,0,0.010579410565095022,0,0,0.010579410565095022,0,0,0.021158821130188757,0,0,0.021991383225130435,3.6292852321921283e-05,0.0940212673611111,0.00034502167114218863,0.1010470920138889,True,0,29,0,0,1,240,-1.0,-1.0,-1.0,-1.0,-1.0,-1.0,-1.0,-1.0,-1.0,,throughput,False,data\dvfs\results\origins_all\origins\m1_laplacian_synthetic_mixed__isqp_l2.npz,ae83045b8d25aef7da3c5597b998e29bafdbd5f3c554fa2a1a4f3991245f319a
m1_laplacian_synthetic_mixed__auto,m1_laplacian_synthetic_mixed,origins,auto,m1_interpolation,Laplacian (dvfopt.laplacian) (synthetic),3x1x192x192,205,0,316.02569752428747,0.0,33,0,-15.073061978225773,0.021999731410761475,68.99467668558138,32.12532850000025,0.005425347222222222,0.0,0.5631747036303953,0.3579597572903753,0.1624077690972222,1042.1032545332482,68.99467668558138,22.659651288751263,0.1740610079394101,True,337,351,-13.296146612138793,370,385,-13.296146612138793,238,241,-20.996086777655922,200,205,-15.073061978225773,0,0,0.010947501138247454,0,0,0.010807466260989121,0,0,0.021895002276495212,0,0,0.021999731410761475,3.6292852321921283e-05,0.0940212673611111,0.0003442300216686583,0.10115559895833333,True,0,28,0,0,1,367,-1.0,-1.0,-1.0,-1.0,-1.0,-1.0,-1.0,-1.0,-1.0,,throughput,False,data\dvfs\results\origins_all\origins\m1_laplacian_synthetic_mixed__auto.npz,e3c53c9352e067a7993b099f61b66a4b764e93e60a67df751d48a10e3ece3f34
m1_laplacian_synthetic_mixed__slp,m1_laplacian_synthetic_mixed,origins,slp,m1_interpolation,Laplacian (dvfopt.laplacian) (synthetic),3x1x192x192,205,7,316.02569752428747,0.5054293763862101,33,7,-15.073061978225773,-0.2394310991196931,97.30318325777259,9.240010900000016,0.005425347222222222,0.00013563368055555556,0.5631747036303953,0.30145108295972384,0.01953125,1420.072492456503,97.30318325777259,27.38006696399331,1.9723229061895873,True,337,351,-13.296146612138793,370,385,-13.296146612138793,238,241,-20.996086777655922,200,205,-15.073061978225773,0,0,0.010090310456440377,92,169,-0.5132210100702475,0,0,0.020181904134470935,5,7,-0.2394310991196931,3.6292852321921283e-05,0.0940212673611111,5.411950000425369e-05,0.0937771267361111,False,-1,-1,-1,-1,-1,-1,-1.0,-1.0,-1.0,-1.0,-1.0,-1.0,-1.0,-1.0,-1.0,,throughput,False,data\dvfs\results\origins_all\origins\m1_laplacian_synthetic_mixed__slp.npz,286ebc848dd0b3be64df776abe65057ce22bb2a07f873a3bce5405afedca8288
m1_laplacian_synthetic_mixed__barrier,m1_laplacian_synthetic_mixed,origins,barrier,m1_interpolation,Laplacian (dvfopt.laplacian) (synthetic),3x1x192x192,205,95,316.02569752428747,26.381863044228304,33,16,-15.073061978225773,-4.354142063857104,29.821722364731155,29.51584229999935,0.005425347222222222,0.001491970486111111,0.5631747036303953,0.4440442703829031,0.024495442708333332,666.6384388874535,29.821722364731155,6.157563953453305,0.7382485480481212,False,337,351,-13.296146612138793,370,385,-13.296146612138793,238,241,-20.996086777655922,200,205,-15.073061978225773,76,157,-0.005751266635036282,194,294,-9.362048377231392,55,101,-0.011502533270104792,55,95,-4.354142063857104,3.6292852321921283e-05,0.0940212673611111,8.479257705486512e-09,0.09822591145833333,False,-1,-1,-1,-1,-1,-1,-1.0,-1.0,-1.0,-1.0,-1.0,-1.0,-1.0,-1.0,-1.0,,throughput,False,data\dvfs\results\origins_all\origins\m1_laplacian_synthetic_mixed__barrier.npz,2fd8b256dd07b1f9c75f7d45643c05abad1a09bcf78493d56658b9dc76fd50f0
m1_laplacian_synthetic_mixed__m14,m1_laplacian_synthetic_mixed,origins,m14,m1_interpolation,Laplacian (dvfopt.laplacian) (synthetic),3x1x192x192,205,1,316.02569752428747,0.030088080640029588,33,1,-15.073061978225773,-0.020088080640029586,129.14922584263252,14.843728800000463,0.005425347222222222,2.712673611111111e-05,0.5631747036303953,0.21104230079297856,1.0,2832.1850889838506,129.14922584263252,29.71427295362325,0.07682793752668865,True,337,351,-13.296146612138793,370,385,-13.296146612138793,238,241,-20.996086777655922,200,205,-15.073061978225773,0,0,0.014885607702913417,45,56,-0.824532343992823,0,0,0.035297794736518805,1,1,-0.020088080640029586,3.6292852321921283e-05,0.0940212673611111,0.0030281419559247094,0.0935329861111111,False,-1,-1,-1,-1,-1,-1,-1.0,-1.0,-1.0,-1.0,-1.0,-1.0,-1.0,-1.0,-1.0,,throughput,False,data\dvfs\results\origins_all\origins\m1_laplacian_synthetic_mixed__m14.npz,bd63fa6b8f05cc451a9a3ec674d704966ebe358f0a61afcaad0f26ca523aff92
m1_laplacian_synthetic_mixed__slsqp_windowed,m1_laplacian_synthetic_mixed,origins,slsqp_windowed,m1_interpolation,Laplacian (dvfopt.laplacian) (synthetic),3x1x192x192,205,155,316.02569752428747,1.0634479130390562e-06,33,62,-15.073061978225773,0.009999493527856673,18.50632324489426,6.697539300000244,0.005425347222222222,0.0,0.5631747036303953,0.48026855593056467,0.016574435763888888,404.17946857559684,18.50632324489426,2.337126237444638,0.6615048585525316,True,337,351,-13.296146612138793,370,385,-13.296146612138793,238,241,-20.996086777655922,200,205,-15.073061978225773,392,417,-12.854001458000331,444,466,-12.854001458000331,237,244,-22.66111355493171,0,0,0.009999493527856673,3.6292852321921283e-05,0.0940212673611111,5.765366098639304e-06,0.09581163194444445,False,-1,-1,-1,-1,-1,-1,-1.0,-1.0,-1.0,-1.0,-1.0,-1.0,-1.0,-1.0,-1.0,,throughput,False,data\dvfs\results\origins_all\origins\m1_laplacian_synthetic_mixed__slsqp_windowed.npz,c21b56549ad61bd3d50a8ffae519e2e76b36d510faf895ebc06c58ace44a8981
m1_laplacian_synthetic_outliers__isqp_none,m1_laplacian_synthetic_outliers,origins,isqp_none,m1_interpolation,Laplacian (dvfopt.laplacian) (synthetic),3x1x192x192,383,0,662.861644085462,0.0,26,0,-33.565915681870486,0.022706937192001633,134.2024490913236,7.764883600000758,0.010226779513888888,0.0,0.7426500462634352,0.41827456580138156,0.1338433159722222,5138.745450941402,134.2024490913236,21.53400672338161,1.0414968485896638,True,500,516,-36.92022143488769,545,556,-36.92022143488769,394,398,-73.84044286977542,377,383,-33.565915681870486,0,0,0.010999999999996554,0,0,0.01099999917037442,0,0,0.021999999999999336,0,0,0.022706937192001633,2.9063200415604925e-05,0.08138020833333333,0.0005593243403254369,0.10896809895833333,True,0,20,0,0,1,126,-1.0,-1.0,-1.0,-1.0,-1.0,-1.0,-1.0,-1.0,-1.0,,throughput,False,data\dvfs\results\origins_all\origins\m1_laplacian_synthetic_outliers__isqp_none.npz,b702f3063151ba1ecc1ea617c5a7302ba5af3c6f1d531c21bdd207a8f77508fe
m1_laplacian_synthetic_outliers__isqp_l2,m1_laplacian_synthetic_outliers,origins,isqp_l2,m1_interpolation,Laplacian (dvfopt.laplacian) (synthetic),3x1x192x192,383,0,662.861644085462,0.0,26,0,-33.565915681870486,0.022068741169264477,95.16025656004294,54.154868100000385,0.010226779513888888,0.0,0.7426500462634352,0.45214676926303465,0.1338433159722222,2055.295111670377,95.16025656004294,21.15584664906433,0.41655758242204644,True,500,516,-36.92022143488769,545,556,-36.92022143488769,394,398,-73.84044286977542,377,383,-33.565915681870486,0,0,0.010559486001074734,0,0,0.010515412630609382,0,0,0.02127156176387289,0,0,0.022068741169264477,2.9063200415604925e-05,0.08138020833333333,0.00046405784523238824,0.0935329861111111,True,0,23,0,0,1,442,-1.0,-1.0,-1.0,-1.0,-1.0,-1.0,-1.0,-1.0,-1.0,,throughput,False,data\dvfs\results\origins_all\origins\m1_laplacian_synthetic_outliers__isqp_l2.npz,88f23b247732ff3b42ec08cf43e34e8ccb9550e5be7320d0beb3d6da7ebba7ba
m1_laplacian_synthetic_outliers__auto,m1_laplacian_synthetic_outliers,origins,auto,m1_interpolation,Laplacian (dvfopt.laplacian) (synthetic),3x1x192x192,383,0,662.861644085462,0.0,26,0,-33.565915681870486,0.021995577863114932,95.10944581813119,38.35405790000004,0.010226779513888888,0.0,0.7426500462634352,0.4533813860614136,0.1264377170138889,2067.685199999381,95.10944581813119,20.398750691007407,0.4436140742328644,True,500,516,-36.92022143488769,545,556,-36.92022143488769,394,398,-73.84044286977542,377,383,-33.565915681870486,0,0,0.010893517717206314,0,0,0.010885830010804549,0,0,0.02178703543440807,0,0,0.021995577863114932,2.9063200415604925e-05,0.08138020833333333,0.00046340200241134545,0.09375,True,0,20,0,0,1,434,-1.0,-1.0,-1.0,-1.0,-1.0,-1.0,-1.0,-1.0,-1.0,,throughput,False,data\dvfs\results\origins_all\origins\m1_laplacian_synthetic_outliers__auto.npz,552259e9e422d434f5e21476a2c5fc9f642bd24385751a3a01014f020392cd3c
m1_laplacian_synthetic_outliers__slp,m1_laplacian_synthetic_outliers,origins,slp,m1_interpolation,Laplacian (dvfopt.laplacian) (synthetic),3x1x192x192,383,10,662.861644085462,2.9328150372210047,26,8,-33.565915681870486,-1.2169438887106483,140.21035004973163,85.35174460000053,0.010226779513888888,0.000244140625,0.7426500462634352,0.3511922218375057,0.032877604166666664,3081.311959019575,140.21035004973163,28.280382505710225,2.5423365998511347,True,500,516,-36.92022143488769,545,556,-36.92022143488769,394,398,-73.84044286977542,377,383,-33.565915681870486,0,0,0.010999493219897741,120,204,-3.5513780228153657,0,0,0.0219992276828607,9,10,-1.2169438887106483,2.9063200415604925e-05,0.08138020833333333,0.0003534548304762231,0.08357747395833333,False,-1,-1,-1,-1,-1,-1,-1.0,-1.0,-1.0,-1.0,-1.0,-1.0,-1.0,-1.0,-1.0,,throughput,False,data\dvfs\results\origins_all\origins\m1_laplacian_synthetic_outliers__slp.npz,a4f496a40bc56d01e1d26a31de33312041741026b8a701a35578b3a4850b4f1e
m1_laplacian_synthetic_outliers__barrier,m1_laplacian_synthetic_outliers,origins,barrier,m1_interpolation,Laplacian (dvfopt.laplacian) (synthetic),3x1x192x192,383,172,662.861644085462,58.42461023183846,26,25,-33.565915681870486,-4.213025699263645,39.82014575942967,26.228350799999134,0.010226779513888888,0.0030110677083333335,0.7426500462634352,0.5783191668695409,0.033203125,1119.7897989006283,39.82014575942967,7.587118850474125,0.9148609468142388,False,500,516,-36.92022143488769,545,556,-36.92022143488769,394,398,-73.84044286977542,377,383,-33.565915681870486,153,283,-0.009187677468983777,344,509,-8.50402770087742,101,192,-0.01219529350956039,111,172,-4.213025699263645,2.9063200415604925e-05,0.08138020833333333,3.3642750734482775e-08,0.08704969618055555,False,-1,-1,-1,-1,-1,-1,-1.0,-1.0,-1.0,-1.0,-1.0,-1.0,-1.0,-1.0,-1.0,,throughput,False,data\dvfs\results\origins_all\origins\m1_laplacian_synthetic_outliers__barrier.npz,f42e5130de7fdebbcefbf1bff3c17fe30e478031456201149dbd258e77a42f88
m1_laplacian_synthetic_outliers__m14,m1_laplacian_synthetic_outliers,origins,m14,m1_interpolation,Laplacian (dvfopt.laplacian) (synthetic),3x1x192x192,383,18,662.861644085462,0.7924369311168298,26,5,-33.565915681870486,-0.27603071428081083,172.94280036303445,81.81450480000058,0.010226779513888888,0.00035264756944444444,0.7426500462634352,0.27979608861128036,0.9959852430555556,5183.532587080731,172.94280036303445,28.365064449376632,0.1411791204673911,False,500,516,-36.92022143488769,545,556,-36.92022143488769,394,398,-73.84044286977542,377,383,-33.565915681870486,15,28,-0.022205526355692784,91,119,-1.1251213967272566,11,17,-0.04441105271125989,13,18,-0.27603071428081083,2.9063200415604925e-05,0.08138020833333333,2.3801919083079244e-06,0.0774197048611111,False,-1,-1,-1,-1,-1,-1,-1.0,-1.0,-1.0,-1.0,-1.0,-1.0,-1.0,-1.0,-1.0,,throughput,False,data\dvfs\results\origins_all\origins\m1_laplacian_synthetic_outliers__m14.npz,064429a93c6875e6f1aedd1e3d4e82c24da191eb7e7654a890d5e3ff47374867
m1_laplacian_synthetic_outliers__slsqp_windowed,m1_laplacian_synthetic_outliers,origins,slsqp_windowed,m1_interpolation,Laplacian (dvfopt.laplacian) (synthetic),3x1x192x192,383,276,662.861644085462,6.750971618882384e-07,26,94,-33.565915681870486,0.009999931823247044,28.602197153261532,132.14524979999987,0.010226779513888888,0.0,0.7426500462634352,0.6278701933644114,0.026584201388888888,799.7443916241468,28.602197153261532,4.675707539430173,0.8160657057389253,True,500,516,-36.92022143488769,545,556,-36.92022143488769,394,398,-73.84044286977542,377,383,-33.565915681870486,620,638,-18.51568909022443,707,725,-18.51568909022443,397,402,-21.584219237861067,0,0,0.009999931823247044,2.9063200415604925e-05,0.08138020833333333,7.592678100160252e-06,0.0842556423611111,False,-1,-1,-1,-1,-1,-1,-1.0,-1.0,-1.0,-1.0,-1.0,-1.0,-1.0,-1.0,-1.0,,throughput,False,data\dvfs\results\origins_all\origins\m1_laplacian_synthetic_outliers__slsqp_windowed.npz,302df56a58061ed3860f818c5e173032a22a8feaa955bde271b7914eca3695dc
m2_demons_brainpair_smooth__isqp_none,m2_demons_brainpair_smooth,origins,isqp_none,m2_dense_optimization,SimpleITK fast-symmetric-forces demons (registered),3x1x160x264,0,0,0.0,0.0,0,0,0.15763110533740532,0.15763110533740532,0.0,0.027272599999378144,0.0,0.0,0.32811741390872623,0.32811741390872623,0.0,0.0,0.0,0.0,0.0,True,0,0,0.07646649070549194,0,0,0.0759563598533127,0,0,0.15293298141098502,0,0,0.15763110533740532,0,0,0.07646649070549194,0,0,0.0759563598533127,0,0,0.15293298141098502,0,0,0.15763110533740532,0.7455334861658851,0.0006628787878787879,0.7455334861658851,0.0006628787878787879,True,0,0,0,0,0,0,-1.0,-1.0,-1.0,-1.0,-1.0,-1.0,-1.0,-1.0,-1.0,,throughput,False,data\dvfs\results\origins_all\origins\m2_demons_brainpair_smooth__isqp_none.npz,ba2db9df80cd1b7404bd7eb940e4a790bf6e657a451c2ee4a48c2c5854e59949
m2_demons_brainpair_smooth__isqp_l2,m2_demons_brainpair_smooth,origins,isqp_l2,m2_dense_optimization,SimpleITK fast-symmetric-forces demons (registered),3x1x160x264,0,0,0.0,0.0,0,0,0.15763110533740532,0.15763110533740532,0.0,0.02063240000006772,0.0,0.0,0.32811741390872623,0.32811741390872623,0.0,0.0,0.0,0.0,0.0,True,0,0,0.07646649070549194,0,0,0.0759563598533127,0,0,0.15293298141098502,0,0,0.15763110533740532,0,0,0.07646649070549194,0,0,0.0759563598533127,0,0,0.15293298141098502,0,0,0.15763110533740532,0.7455334861658851,0.0006628787878787879,0.7455334861658851,0.0006628787878787879,True,0,0,0,0,0,0,-1.0,-1.0,-1.0,-1.0,-1.0,-1.0,-1.0,-1.0,-1.0,,throughput,False,data\dvfs\results\origins_all\origins\m2_demons_brainpair_smooth__isqp_l2.npz,ba2db9df80cd1b7404bd7eb940e4a790bf6e657a451c2ee4a48c2c5854e59949
m2_demons_brainpair_smooth__auto,m2_demons_brainpair_smooth,origins,auto,m2_dense_optimization,SimpleITK fast-symmetric-forces demons (registered),3x1x160x264,0,0,0.0,0.0,0,0,0.15763110533740532,0.15763110533740532,0.0,0.021912600000177918,0.0,0.0,0.32811741390872623,0.32811741390872623,0.0,0.0,0.0,0.0,0.0,True,0,0,0.07646649070549194,0,0,0.0759563598533127,0,0,0.15293298141098502,0,0,0.15763110533740532,0,0,0.07646649070549194,0,0,0.0759563598533127,0,0,0.15293298141098502,0,0,0.15763110533740532,0.7455334861658851,0.0006628787878787879,0.7455334861658851,0.0006628787878787879,True,0,0,0,0,0,0,-1.0,-1.0,-1.0,-1.0,-1.0,-1.0,-1.0,-1.0,-1.0,,throughput,False,data\dvfs\results\origins_all\origins\m2_demons_brainpair_smooth__auto.npz,ba2db9df80cd1b7404bd7eb940e4a790bf6e657a451c2ee4a48c2c5854e59949
m2_demons_brainpair_smooth__slp,m2_demons_brainpair_smooth,origins,slp,m2_dense_optimization,SimpleITK fast-symmetric-forces demons (registered),3x1x160x264,0,0,0.0,0.0,0,0,0.15763110533740532,0.15763110533740532,0.0,0.00602219999927911,0.0,0.0,0.32811741390872623,0.32811741390872623,0.0,0.0,0.0,0.0,0.0,True,0,0,0.07646649070549194,0,0,0.0759563598533127,0,0,0.15293298141098502,0,0,0.15763110533740532,0,0,0.07646649070549194,0,0,0.0759563598533127,0,0,0.15293298141098502,0,0,0.15763110533740532,0.7455334861658851,0.0006628787878787879,0.7455334861658851,0.0006628787878787879,True,-1,-1,-1,-1,-1,-1,-1.0,-1.0,-1.0,-1.0,-1.0,-1.0,-1.0,-1.0,-1.0,,throughput,False,data\dvfs\results\origins_all\origins\m2_demons_brainpair_smooth__slp.npz,ba2db9df80cd1b7404bd7eb940e4a790bf6e657a451c2ee4a48c2c5854e59949
m2_demons_brainpair_smooth__barrier,m2_demons_brainpair_smooth,origins,barrier,m2_dense_optimization,SimpleITK fast-symmetric-forces demons (registered),3x1x160x264,0,0,0.0,0.0,0,0,0.15763110533740532,0.15771231650080964,0.007398689779976456,0.19062970000049972,0.0,0.0,0.32811741390872623,0.3281098788902013,1.0,0.9101197040238069,0.007398689779976456,0.0002446410863266024,2.154639450813937e-05,True,0,0,0.07646649070549194,0,0,0.0759563598533127,0,0,0.15293298141098502,0,0,0.15763110533740532,0,0,0.07651516676549773,0,0,0.07600361555167749,0,0,0.15303033353099613,0,0,0.15771231650080964,0.7455334861658851,0.0006628787878787879,0.7464654687805057,0.0006628787878787879,True,-1,-1,-1,-1,-1,-1,-1.0,-1.0,-1.0,-1.0,-1.0,-1.0,-1.0,-1.0,-1.0,,throughput,False,data\dvfs\results\origins_all\origins\m2_demons_brainpair_smooth__barrier.npz,7e14159fd202b1011a1a032d14d35906ac93ac16f64203af67bc5b61ffab39b2
m2_demons_brainpair_smooth__m14,m2_demons_brainpair_smooth,origins,m14,m2_dense_optimization,SimpleITK fast-symmetric-forces demons (registered),3x1x160x264,0,0,0.0,0.0,0,0,0.15763110533740532,0.1576319200220125,7.40063961582748e-05,0.5127958000002764,0.0,0.0,0.32811741390872623,0.3281173384889332,0.9996685606060606,0.00910255343548007,7.40063961582748e-05,2.447323953269631e-06,2.1556750427414554e-07,True,0,0,0.07646649070549194,0,0,0.0759563598533127,0,0,0.15293298141098502,0,0,0.15763110533740532,0,0,0.07646697953013691,0,0,0.07595683431845396,0,0,0.15293395906026946,0,0,0.1576319200220125,0.7455334861658851,0.0006628787878787879,0.7455428047650153,0.0006628787878787879,True,-1,-1,-1,-1,-1,-1,-1.0,-1.0,-1.0,-1.0,-1.0,-1.0,-1.0,-1.0,-1.0,,throughput,False,data\dvfs\results\origins_all\origins\m2_demons_brainpair_smooth__m14.npz,99c165a82d7eaf323980c62f2f820791361787c725cb180fc85e7713a9425a25
m2_demons_brainpair_smooth__slsqp_windowed,m2_demons_brainpair_smooth,origins,slsqp_windowed,m2_dense_optimization,SimpleITK fast-symmetric-forces demons (registered),3x1x160x264,0,0,0.0,0.0,0,0,0.15763110533740532,0.15763110533740532,0.0,0.004322699999647739,0.0,0.0,0.32811741390872623,0.32811741390872623,0.0,0.0,0.0,0.0,0.0,True,0,0,0.07646649070549194,0,0,0.0759563598533127,0,0,0.15293298141098502,0,0,0.15763110533740532,0,0,0.07646649070549194,0,0,0.0759563598533127,0,0,0.15293298141098502,0,0,0.15763110533740532,0.7455334861658851,0.0006628787878787879,0.7455334861658851,0.0006628787878787879,True,-1,-1,-1,-1,-1,-1,-1.0,-1.0,-1.0,-1.0,-1.0,-1.0,-1.0,-1.0,-1.0,,throughput,False,data\dvfs\results\origins_all\origins\m2_demons_brainpair_smooth__slsqp_windowed.npz,ba2db9df80cd1b7404bd7eb940e4a790bf6e657a451c2ee4a48c2c5854e59949
m2_demons_brainpair_weak__isqp_none,m2_demons_brainpair_weak,origins,isqp_none,m2_dense_optimization,SimpleITK fast-symmetric-forces demons (registered),3x1x160x264,11827,0,9807.728649119927,0.0,397,0,-18.212514228900346,0.022003436008065737,684.654550019582,313.3213846999997,0.2720880681818182,0.0,3.1762289112482285,1.5583255692871676,1.0,94974.91108896285,684.654550019582,18.128939196048904,2.2484590693409765,True,14098,14695,-9.644686021608495,15169,15794,-10.186145807228549,12026,12336,-19.283475801317532,11493,11827,-18.212514228900346,0,0,0.010999999999996483,0,0,0.010999999999987348,0,0,0.02199999999999913,0,0,0.022003436008065737,4.799823995476233e-07,0.8884232954545455,0.00018759148411358939,0.9082623106060606,True,0,50,1,0,1,463,-1.0,-1.0,-1.0,-1.0,-1.0,-1.0,-1.0,-1.0,-1.0,,throughput,False,data\dvfs\results\origins_all\origins\m2_demons_brainpair_weak__isqp_none.npz,bf3f89f876061515cd3ca99f8f6ed74cad0ebf27e671929f92f34dde18b0a6a8
m2_demons_brainpair_weak__isqp_l2,m2_demons_brainpair_weak,origins,isqp_l2,m2_dense_optimization,SimpleITK fast-symmetric-forces demons (registered),3x1x160x264,11827,0,9807.728649119927,0.0,397,0,-18.212514228900346,0.022011209983025245,544.4105540675954,911.4152799000003,0.2720880681818182,0.0,3.1762289112482285,1.7950788597701226,0.9999289772727272,63346.227011147465,544.4105540675954,17.90765311430271,1.499780453421111,True,14098,14695,-9.644686021608495,15169,15794,-10.186145807228549,12026,12336,-19.283475801317532,11493,11827,-18.212514228900346,0,0,0.01099326838631113,0,0,0.01099326838631113,0,0,0.021986536772607132,0,0,0.022011209983025245,4.799823995476233e-07,0.8884232954545455,0.00021740273761126227,0.899715909090909,True,0,120,1,4,8,2472,-1.0,-1.0,-1.0,-1.0,-1.0,-1.0,-1.0,-1.0,-1.0,,throughput,False,data\dvfs\results\origins_all\origins\m2_demons_brainpair_weak__isqp_l2.npz,0f4ca177bce705a6a0672d072147cfd9356055b2648a650789e576e19994ca58
m2_demons_brainpair_weak__auto,m2_demons_brainpair_weak,origins,auto,m2_dense_optimization,SimpleITK fast-symmetric-forces demons (registered),3x1x160x264,11827,0,9807.728649119927,0.0,397,0,-18.212514228900346,0.022011209983025245,544.4105540675954,905.4713044999999,0.2720880681818182,0.0,3.1762289112482285,1.7950788597701226,0.9999289772727272,63346.227011147465,544.4105540675954,17.90765311430271,1.499780453421111,True,14098,14695,-9.644686021608495,15169,15794,-10.186145807228549,12026,12336,-19.283475801317532,11493,11827,-18.212514228900346,0,0,0.01099326838631113,0,0,0.01099326838631113,0,0,0.021986536772607132,0,0,0.022011209983025245,4.799823995476233e-07,0.8884232954545455,0.00021740273761126227,0.899715909090909,True,0,120,1,4,8,2472,-1.0,-1.0,-1.0,-1.0,-1.0,-1.0,-1.0,-1.0,-1.0,,throughput,False,data\dvfs\results\origins_all\origins\m2_demons_brainpair_weak__auto.npz,0f4ca177bce705a6a0672d072147cfd9356055b2648a650789e576e19994ca58
m2_demons_brainpair_weak__slp,m2_demons_brainpair_weak,origins,slp,m2_dense_optimization,SimpleITK fast-symmetric-forces demons (registered),3x1x160x264,11827,428,9807.728649119927,106.46940232785964,397,324,-18.212514228900346,-4.2935826222349025,666.5673439295073,5980.0031862000005,0.2720880681818182,0.008854166666666666,3.1762289112482285,1.5417893983710202,0.9823626893939394,72732.5600963533,666.5673439295073,30.572233203318838,1.752802990633891,True,14098,14695,-9.644686021608495,15169,15794,-10.186145807228549,12026,12336,-19.283475801317532,11493,11827,-18.212514228900346,0,0,0.010996951169658709,4199,6318,-11.012164473070884,0,0,0.021993902339318305,374,428,-4.2935826222349025,4.799823995476233e-07,0.8884232954545455,1.4055906040117317e-05,0.9411458333333333,False,-1,-1,-1,-1,-1,-1,-1.0,-1.0,-1.0,-1.0,-1.0,-1.0,-1.0,-1.0,-1.0,,throughput,False,data\dvfs\results\origins_all\origins\m2_demons_brainpair_weak__slp.npz,b5f716623044cc2cee48278c97db17a70ac48d237cb439e64050f7739926cede
m2_demons_brainpair_weak__barrier,m2_demons_brainpair_weak,origins,barrier,m2_dense_optimization,SimpleITK fast-symmetric-forces demons (registered),3x1x160x264,11827,3890,9807.728649119927,883.7853464211059,397,460,-18.212514228900346,-56.698827253650464,330.5292261929513,40.772397399999136,0.2720880681818182,0.05144412878787879,3.1762289112482285,2.2666637282705118,0.614749053030303,39541.880017327836,330.5292261929513,17.653097414726652,1.5227742911128677,False,14098,14695,-9.644686021608495,15169,15794,-10.186145807228549,12026,12336,-19.283475801317532,11493,11827,-18.212514228900346,2568,4987,-0.015949998991159536,7004,11971,-119.93655232875535,1819,3559,-0.03189999798231874,2173,3890,-56.698827253650464,4.799823995476233e-07,0.8884232954545455,1.600430315780763e-09,0.9069839015151515,False,-1,-1,-1,-1,-1,-1,-1.0,-1.0,-1.0,-1.0,-1.0,-1.0,-1.0,-1.0,-1.0,,throughput,False,data\dvfs\results\origins_all\origins\m2_demons_brainpair_weak__barrier.npz,a366c70be02753a15a68b7e3389d01e2aabc28ddc542f6404df2bed938888ab5
m2_demons_brainpair_weak__m14,m2_demons_brainpair_weak,origins,m14,m2_dense_optimization,SimpleITK fast-symmetric-forces demons (registered),3x1x160x264,11827,2312,9807.728649119927,595.5819429555407,397,426,-18.212514228900346,-51.9570218441263,371.8283901273206,142.48267320000014,0.2720880681818182,0.038328598484848486,3.1762289112482285,1.9460380887184903,1.0,48147.417642239925,371.8283901273206,16.132055054781503,1.1398536373636345,False,14098,14695,-9.644686021608495,15169,15794,-10.186145807228549,12026,12336,-19.283475801317532,11493,11827,-18.212514228900346,1893,2907,-0.10505228675152226,6243,8738,-106.85196663712888,1286,1932,-0.210104573503046,1619,2312,-51.9570218441263,4.799823995476233e-07,0.8884232954545455,1.411560397727409e-08,0.903219696969697,False,-1,-1,-1,-1,-1,-1,-1.0,-1.0,-1.0,-1.0,-1.0,-1.0,-1.0,-1.0,-1.0,,throughput,False,data\dvfs\results\origins_all\origins\m2_demons_brainpair_weak__m14.npz,10f0c220b501fb827d4b2fe2dceb4b27e44cbfb1b8c1131e1acb003ad7c15fca
m2_demons_brainpair_weak__slsqp_windowed,m2_demons_brainpair_weak,origins,slsqp_windowed,m2_dense_optimization,SimpleITK fast-symmetric-forces demons (registered),,-1,-1,-1,-1,-1,-1,-1,-1,-1,-1,-1,-1,-1,-1,-1,-1,-1,-1,-1,False,-1,-1,-1,-1,-1,-1,-1,-1,-1,-1,-1,-1,-1,-1,-1,-1,-1,-1,-1,-1,-1,-1,-1,-1,-1,-1,-1,-1,False,-1,-1,-1,-1,-1,-1,-1,-1,-1,-1,-1,-1,-1,-1,-1,WatchdogTimeout: no result within 21600 s (isolated run),throughput,True,,
m2_ffd_brainpair_coarse__isqp_none,m2_ffd_brainpair_coarse,origins,isqp_none,m2_dense_optimization,SimpleITK B-spline FFD (no bending penalty) (registered),3x1x160x264,16319,0,30223.517411415905,0.0,2,0,-7.522531713020904,0.010616745721654918,4530.7334953778645,2497.8267824000013,0.3839962121212121,0.0,3.7465411281499748,1.981265602163187,0.8659327651515152,648472.0988764486,4530.7334953778645,88.56619323817092,17.728958057698787,False,16284,16486,-3.7737482275534786,16324,16518,-3.777493351486113,16147,16241,-7.513268415465286,16220,16319,-7.522531713020904,3,4,-0.0005217128922212839,4,6,-0.0005217128922212839,3,3,-0.0010434257843313602,0,0,0.010616745721654918,8.868732611263764e-06,0.16186079545454546,1.1158589018526971e-06,0.6333806818181819,False,0,152,1,-1,5,2572,-1.0,-1.0,-1.0,-1.0,-1.0,-1.0,-1.0,-1.0,-1.0,,throughput,False,data\dvfs\results\origins_all\origins\m2_ffd_brainpair_coarse__isqp_none.npz,ccf97f221709bcee0729eddb1ac9b383085bcfc68c4da00d3f5798dd432275a0
m2_ffd_brainpair_coarse__isqp_l2,m2_ffd_brainpair_coarse,origins,isqp_l2,m2_dense_optimization,SimpleITK B-spline FFD (no bending penalty) (registered),3x1x160x264,16319,0,30223.517411415905,0.0,2,0,-7.522531713020904,0.021999804545670625,4061.9492762176365,6350.1712369000015,0.3839962121212121,0.0,3.7465411281499748,2.1523118452682035,0.8263967803030303,535555.2397534165,4061.9492762176365,101.01383466289248,15.342345081313676,True,16284,16486,-3.7737482275534786,16324,16518,-3.777493351486113,16147,16241,-7.513268415465286,16220,16319,-7.522531713020904,0,0,0.010217218775410937,0,0,0.01021555145718106,0,0,0.020434437550819237,0,0,0.021999804545670625,8.868732611263764e-06,0.16186079545454546,9.559323828994452e-06,0.6106297348484848,True,0,292,4,392,4,6715,-1.0,-1.0,-1.0,-1.0,-1.0,-1.0,-1.0,-1.0,-1.0,,throughput,False,data\dvfs\results\origins_all\origins\m2_ffd_brainpair_coarse__isqp_l2.npz,4d7e04ff0e2edd989ccd487dc1439cab2879ceeeb660561e8b7d0819dec5d2a3
m2_ffd_brainpair_coarse__auto,m2_ffd_brainpair_coarse,origins,auto,m2_dense_optimization,SimpleITK B-spline FFD (no bending penalty) (registered),3x1x160x264,16319,0,30223.517411415905,0.0,2,0,-7.522531713020904,0.021999804545670625,4061.9492762176365,5540.204432500001,0.3839962121212121,0.0,3.7465411281499748,2.1523118452682035,0.8263967803030303,535555.2397534165,4061.9492762176365,101.01383466289248,15.342345081313676,True,16284,16486,-3.7737482275534786,16324,16518,-3.777493351486113,16147,16241,-7.513268415465286,16220,16319,-7.522531713020904,0,0,0.010217218775410937,0,0,0.01021555145718106,0,0,0.020434437550819237,0,0,0.021999804545670625,8.868732611263764e-06,0.16186079545454546,9.559323828994452e-06,0.6106297348484848,True,0,292,4,392,4,6715,-1.0,-1.0,-1.0,-1.0,-1.0,-1.0,-1.0,-1.0,-1.0,,throughput,False,data\dvfs\results\origins_all\origins\m2_ffd_brainpair_coarse__auto.npz,4d7e04ff0e2edd989ccd487dc1439cab2879ceeeb660561e8b7d0819dec5d2a3
m2_ffd_brainpair_coarse__slp,m2_ffd_brainpair_coarse,origins,slp,m2_dense_optimization,SimpleITK B-spline FFD (no bending penalty) (registered),3x1x160x264,16319,1053,30223.517411415905,338.61242704530406,2,460,-7.522531713020904,-16.182696710442713,8159.705446534299,1953.016099700002,0.3839962121212121,0.016595643939393938,3.7465411281499748,1.7660807136263834,0.8321732954545454,1223523.9938266533,8159.705446534299,147.3346219957393,34.80765821247343,False,16284,16486,-3.7737482275534786,16324,16518,-3.777493351486113,16147,16241,-7.513268415465286,16220,16319,-7.522531713020904,440,1332,-0.04667377321065294,5308,7196,-75.25121724269013,285,575,-0.09334754642129428,701,1053,-16.182696710442713,8.868732611263764e-06,0.16186079545454546,2.0616489183117533e-08,0.6620265151515151,False,-1,-1,-1,-1,-1,-1,-1.0,-1.0,-1.0,-1.0,-1.0,-1.0,-1.0,-1.0,-1.0,,throughput,False,data\dvfs\results\origins_all_recovered\origins\m2_ffd_brainpair_coarse__slp.npz,4ec5329ba1d96ec7c47a5cc70b0e748204e8231eb0821c152208f54bd1b4738a
m2_ffd_brainpair_coarse__barrier,m2_ffd_brainpair_coarse,origins,barrier,m2_dense_optimization,SimpleITK B-spline FFD (no bending penalty) (registered),3x1x160x264,16319,11613,30223.517411415905,4216.2641775944585,2,232,-7.522531713020904,-544.3218842159324,2431.560030354942,30.602954199999658,0.3839962121212121,0.24725378787878788,3.7465411281499748,3.338702569982319,0.6046164772727273,318953.38804652216,2431.560030354942,152.1312000233353,12.488875368907246,False,16284,16486,-3.7737482275534786,16324,16518,-3.777493351486113,16147,16241,-7.513268415465286,16220,16319,-7.522531713020904,12010,15036,-0.19310471400499887,14663,17541,-1267.3977347402158,10845,12048,-0.38620942800998687,10444,11611,-544.3218842159324,8.868732611263764e-06,0.16186079545454546,4.445526478788763e-09,0.6115530303030303,False,-1,-1,-1,-1,-1,-1,-1.0,-1.0,-1.0,-1.0,-1.0,-1.0,-1.0,-1.0,-1.0,,throughput,False,data\dvfs\results\origins_all\origins\m2_ffd_brainpair_coarse__barrier.npz,19ca18a55782e12dd143a98baf480d6e9012c285e9451daf347920f99c3c3288
m2_ffd_brainpair_coarse__m14,m2_ffd_brainpair_coarse,origins,m14,m2_dense_optimization,SimpleITK B-spline FFD (no bending penalty) (registered),3x1x160x264,16319,2450,30223.517411415905,2261.269223815937,2,522,-7.522531713020904,-243.70152451705067,2119.979518781069,123.73873939999976,0.3839962121212121,0.03510890151515152,3.7465411281499748,2.3770830564581655,0.6621212121212121,298933.55158092396,2119.979518781069,115.13113140911943,10.688413600576515,False,16284,16486,-3.7737482275534786,16324,16518,-3.777493351486113,16147,16241,-7.513268415465286,16220,16319,-7.522531713020904,2730,6343,-0.15702453427256982,6224,10129,-667.744159255471,1855,3126,-0.2985088592564126,1483,2446,-243.70152451705067,8.868732611263764e-06,0.16186079545454546,1.5259122057815871e-06,0.6297585227272727,False,-1,-1,-1,-1,-1,-1,-1.0,-1.0,-1.0,-1.0,-1.0,-1.0,-1.0,-1.0,-1.0,,throughput,False,data\dvfs\results\origins_all\origins\m2_ffd_brainpair_coarse__m14.npz,3a69d1861d2b51dacc9fb0cc28bfb4992d9c0b54128b51ddf1f9f86c24826597
m2_ffd_brainpair_coarse__slsqp_windowed,m2_ffd_brainpair_coarse,origins,slsqp_windowed,m2_dense_optimization,SimpleITK B-spline FFD (no bending penalty) (registered),3x1x160x264,16319,16319,30223.517411415905,30223.517411415905,2,2,-7.522531713020904,-7.522531713020904,0.0,0.014561099998900318,0.3839962121212121,0.3839962121212121,3.7465411281499748,3.7465411281499748,0.0,0.0,0.0,0.0,0.0,False,16284,16486,-3.7737482275534786,16324,16518,-3.777493351486113,16147,16241,-7.513268415465286,16220,16319,-7.522531713020904,16284,16486,-3.7737482275534786,16324,16518,-3.777493351486113,16147,16241,-7.513268415465286,16220,16319,-7.522531713020904,8.868732611263764e-06,0.16186079545454546,8.868732611263764e-06,0.16186079545454546,False,-1,-1,-1,-1,-1,-1,-1.0,-1.0,-1.0,-1.0,-1.0,-1.0,-1.0,-1.0,-1.0,"MemoryError: Unable to allocate 429. GiB for an array with shape (57520089628,) and data type float64",throughput,False,,
m2_ffd_brainpair_fine__isqp_none,m2_ffd_brainpair_fine,origins,isqp_none,m2_dense_optimization,SimpleITK B-spline FFD (no bending penalty) (registered),3x1x160x264,9289,0,16293.916305788913,0.0,11,0,-29.31675726724415,0.022043190236311662,1472.8319084322047,288.8563188999997,0.21851325757575757,0.0,3.0034259492546926,1.4696525176026216,0.6118371212121212,193382.90858034382,1472.8319084322047,40.09233683946867,7.482700378437697,True,9716,9857,-15.11790035902549,9884,10029,-15.81970447024063,9088,9160,-30.23580071805098,9230,9289,-29.31675726724415,0,0,0.011000000000001939,0,0,0.011000000000001939,0,0,0.02200000000000239,0,0,0.022043190236311662,2.836896061689777e-05,0.3867660984848485,0.00010965538274893112,0.5180397727272728,True,0,36,1,0,1,325,-1.0,-1.0,-1.0,-1.0,-1.0,-1.0,-1.0,-1.0,-1.0,,throughput,False,data\dvfs\results\origins_all\origins\m2_ffd_brainpair_fine__isqp_none.npz,4ac4f2474bd29285cb00208c6486e420368f4a5a20589a8d98c24cb5fad901ee
m2_ffd_brainpair_fine__isqp_l2,m2_ffd_brainpair_fine,origins,isqp_l2,m2_dense_optimization,SimpleITK B-spline FFD (no bending penalty) (registered),3x1x160x264,9289,0,16293.916305788913,0.0,11,0,-29.31675726724415,0.022004243351171293,1193.1139230236809,1311.1411310000003,0.21851325757575757,0.0,3.0034259492546926,1.6866710465442496,0.6364346590909091,139182.38233170603,1193.1139230236809,35.88673040412058,5.177338181442027,True,9716,9857,-15.11790035902549,9884,10029,-15.81970447024063,9088,9160,-30.23580071805098,9230,9289,-29.31675726724415,0,0,0.010998642426614913,0,0,0.010987890902842468,0,0,0.021997284853266713,0,0,0.022004243351171293,2.836896061689777e-05,0.3867660984848485,9.085113758550981e-05,0.4922585227272727,True,0,112,1,5,3,1559,-1.0,-1.0,-1.0,-1.0,-1.0,-1.0,-1.0,-1.0,-1.0,,throughput,False,data\dvfs\results\origins_all\origins\m2_ffd_brainpair_fine__isqp_l2.npz,930b94488e62796dc7adbeba6d7cc2fb682aae6bc828ae0668e9d3e720997a4a
m2_ffd_brainpair_fine__auto,m2_ffd_brainpair_fine,origins,auto,m2_dense_optimization,SimpleITK B-spline FFD (no bending penalty) (registered),3x1x160x264,9289,0,16293.916305788913,0.0,11,0,-29.31675726724415,0.022004243351171293,1193.1139230236809,3236.3673842000026,0.21851325757575757,0.0,3.0034259492546926,1.6866710465442496,0.6364346590909091,139182.38233170603,1193.1139230236809,35.88673040412058,5.177338181442027,True,9716,9857,-15.11790035902549,9884,10029,-15.81970447024063,9088,9160,-30.23580071805098,9230,9289,-29.31675726724415,0,0,0.010998642426614913,0,0,0.010987890902842468,0,0,0.021997284853266713,0,0,0.022004243351171293,2.836896061689777e-05,0.3867660984848485,9.085113758550981e-05,0.4922585227272727,True,0,112,1,5,3,1559,-1.0,-1.0,-1.0,-1.0,-1.0,-1.0,-1.0,-1.0,-1.0,,throughput,False,data\dvfs\results\origins_all_recovered\origins\m2_ffd_brainpair_fine__auto.npz,930b94488e62796dc7adbeba6d7cc2fb682aae6bc828ae0668e9d3e720997a4a
m2_ffd_brainpair_fine__slp,m2_ffd_brainpair_fine,origins,slp,m2_dense_optimization,SimpleITK B-spline FFD (no bending penalty) (registered),3x1x160x264,9289,407,16293.916305788913,244.25660639470058,11,268,-29.31675726724415,-23.04943077121444,1871.6431356465303,290.9965663999974,0.21851325757575757,0.007765151515151515,3.0034259492546926,1.4399783622161035,0.6058712121212121,265623.33728264994,1871.6431356465303,56.64906258085187,10.379155098571816,False,9716,9857,-15.11790035902549,9884,10029,-15.81970447024063,9088,9160,-30.23580071805098,9230,9289,-29.31675726724415,38,104,-0.012908506272187259,3379,4983,-62.05673711958107,27,43,-0.025817012544369605,328,407,-23.04943077121444,2.836896061689777e-05,0.3867660984848485,2.579959536061376e-06,0.5857717803030303,False,-1,-1,-1,-1,-1,-1,-1.0,-1.0,-1.0,-1.0,-1.0,-1.0,-1.0,-1.0,-1.0,,throughput,False,data\dvfs\results\origins_all\origins\m2_ffd_brainpair_fine__slp.npz,a0c6e8f4bc5738ac6134bd091e758c2e24942affc94f190a95d6435c53a02dcc
m2_ffd_brainpair_fine__barrier,m2_ffd_brainpair_fine,origins,barrier,m2_dense_optimization,SimpleITK B-spline FFD (no bending penalty) (registered),3x1x160x264,9289,4580,16293.916305788913,766.4059076624671,11,164,-29.31675726724415,-85.46751542904772,656.4926347423248,34.19717949999904,0.21851325757575757,0.059398674242424246,3.0034259492546926,2.337508514831795,0.4518465909090909,80745.57954725246,656.4926347423248,32.385036476608434,4.2306182304963045,False,9716,9857,-15.11790035902549,9884,10029,-15.81970447024063,9088,9160,-30.23580071805098,9230,9289,-29.31675726724415,3393,5922,-0.028952166996391776,6239,9653,-204.05355797044933,2359,4455,-0.04332514932762199,2509,4580,-85.46751542904772,2.836896061689777e-05,0.3867660984848485,0.0,0.5174715909090909,False,-1,-1,-1,-1,-1,-1,-1.0,-1.0,-1.0,-1.0,-1.0,-1.0,-1.0,-1.0,-1.0,,throughput,False,data\dvfs\results\origins_all\origins\m2_ffd_brainpair_fine__barrier.npz,25002a8574219e8a00762f0f8f3c6dd745a78224441ad25ca5c120e0a14c2434
m2_ffd_brainpair_fine__m14,m2_ffd_brainpair_fine,origins,m14,m2_dense_optimization,SimpleITK B-spline FFD (no bending penalty) (registered),3x1x160x264,9289,4121,16293.916305788913,159.61049045535094,11,129,-29.31675726724415,-10.755225589877542,805.145670900706,58.412042299998575,0.21851325757575757,0.053077651515151515,3.0034259492546926,2.2019740698345824,0.8736032196969697,99898.73034848875,805.145670900706,25.464484146543008,2.7072092991650294,False,9716,9857,-15.11790035902549,9884,10029,-15.81970447024063,9088,9160,-30.23580071805098,9230,9289,-29.31675726724415,3120,5578,-0.17857204287975484,6005,8868,-27.876778353741635,2137,3990,-0.07655359539409479,2242,4120,-10.755225589877542,2.836896061689777e-05,0.3867660984848485,8.10434904581264e-09,0.517874053030303,False,-1,-1,-1,-1,-1,-1,-1.0,-1.0,-1.0,-1.0,-1.0,-1.0,-1.0,-1.0,-1.0,,throughput,False,data\dvfs\results\origins_all\origins\m2_ffd_brainpair_fine__m14.npz,735f7a203b57a8cf21b3e303dd1deb8f46518a2127f10154d2c6e93cd14f1b1d
m2_ilk_synthetic_r3__isqp_none,m2_ilk_synthetic_r3,origins,isqp_none,m2_dense_optimization,skimage optical_flow_ilk (synthetic),3x1x192x192,1425,0,566.9252709772431,0.0,162,0,-4.992396120416923,0.022298277284271,47.409006316528675,57.15607050000108,0.03757052951388889,0.0,1.4220634070409055,0.7980672922280645,0.6343858506944444,2473.7132330286045,47.409006316528675,3.152109232354985,0.10577752642729002,True,1999,2092,-4.176245674586165,2167,2263,-4.176245674586165,1573,1611,-8.26032080454407,1385,1425,-4.992396120416923,0,0,0.010997729255294228,0,0,0.010997729255294228,0,0,0.021995458510579685,0,0,0.022298277284271,8.152638018840518e-06,0.6047634548611112,0.00018741300453207306,0.611328125,True,0,41,1,0,1,152,-1.0,-1.0,-1.0,-1.0,-1.0,-1.0,-1.0,-1.0,-1.0,,throughput,False,data\dvfs\results\origins_all_recovered\origins\m2_ilk_synthetic_r3__isqp_none.npz,f5fe3537e6f3c6a9317c435d538756cb18071eb80d1d445256215936d9770718
m2_ilk_synthetic_r3__isqp_l2,m2_ilk_synthetic_r3,origins,isqp_l2,m2_dense_optimization,skimage optical_flow_ilk (synthetic),3x1x192x192,1425,0,566.9252709772431,0.0,162,0,-4.992396120416923,0.021669603369140433,39.54954950344666,138.3874383000002,0.03757052951388889,0.0,1.4220634070409055,0.8559304866920396,0.6328667534722222,1919.7180795998072,39.54954950344666,3.3389763075079695,0.08228538703814005,True,1999,2092,-4.176245674586165,2167,2263,-4.176245674586165,1573,1611,-8.26032080454407,1385,1425,-4.992396120416923,0,0,0.01056740862195825,0,0,0.01056740862195825,0,0,0.0211999027746394,0,0,0.021669603369140433,8.152638018840518e-06,0.6047634548611112,0.00017390596203787967,0.6126302083333334,True,0,41,1,0,1,243,-1.0,-1.0,-1.0,-1.0,-1.0,-1.0,-1.0,-1.0,-1.0,,throughput,False,data\dvfs\results\origins_all_recovered\origins\m2_ilk_synthetic_r3__isqp_l2.npz,8fbae23f485b2dbeb9777d2501d30cc31a58a8fbebb0407a547aa2023163d727
m2_ilk_synthetic_r3__auto,m2_ilk_synthetic_r3,origins,auto,m2_dense_optimization,skimage optical_flow_ilk (synthetic),3x1x192x192,1425,0,566.9252709772431,0.0,162,0,-4.992396120416923,0.021669603369140433,39.54954950344666,141.74308530000053,0.03757052951388889,0.0,1.4220634070409055,0.8559304866920396,0.6328667534722222,1919.7180795998072,39.54954950344666,3.3389763075079695,0.08228538703814005,True,1999,2092,-4.176245674586165,2167,2263,-4.176245674586165,1573,1611,-8.26032080454407,1385,1425,-4.992396120416923,0,0,0.01056740862195825,0,0,0.01056740862195825,0,0,0.0211999027746394,0,0,0.021669603369140433,8.152638018840518e-06,0.6047634548611112,0.00017390596203787967,0.6126302083333334,True,0,41,1,0,1,243,-1.0,-1.0,-1.0,-1.0,-1.0,-1.0,-1.0,-1.0,-1.0,,throughput,False,data\dvfs\results\origins_all_recovered\origins\m2_ilk_synthetic_r3__auto.npz,8fbae23f485b2dbeb9777d2501d30cc31a58a8fbebb0407a547aa2023163d727
m2_ilk_synthetic_r3__slp,m2_ilk_synthetic_r3,origins,slp,m2_dense_optimization,skimage optical_flow_ilk (synthetic),3x1x192x192,1425,58,566.9252709772431,5.092379191585117,162,49,-4.992396120416923,-0.6016724751928186,38.74514637748375,264.0326176999988,0.03757052951388889,0.001220703125,1.4220634070409055,0.8902658788702172,0.11512586805555555,1492.05830280596,38.74514637748375,3.6265497588131197,0.35156887436521206,True,1999,2092,-4.176245674586165,2167,2263,-4.176245674586165,1573,1611,-8.26032080454407,1385,1425,-4.992396120416923,0,0,0.01099979408589008,556,1273,-2.3698847972433605,0,0,0.021999763219416577,45,58,-0.6016724751928186,8.152638018840518e-06,0.6047634548611112,5.996163533426924e-05,0.6118435329861112,False,-1,-1,-1,-1,-1,-1,-1.0,-1.0,-1.0,-1.0,-1.0,-1.0,-1.0,-1.0,-1.0,,throughput,False,data\dvfs\results\origins_all_recovered\origins\m2_ilk_synthetic_r3__slp.npz,ae1024bc8677ac8eed7967cf4973b4390516b2d019881f45ab4f4c5a56384382
m2_ilk_synthetic_r3__barrier,m2_ilk_synthetic_r3,origins,barrier,m2_dense_optimization,skimage optical_flow_ilk (synthetic),3x1x192x192,1425,64,566.9252709772431,6.915737758488302,162,54,-4.992396120416923,-0.8400395102721138,36.10779080135043,52.52380970000013,0.03757052951388889,0.0013834635416666667,1.4220634070409055,0.8866053463906686,0.12017144097222222,1730.8461989778684,36.10779080135043,3.339501942549178,0.3907102029295414,False,1999,2092,-4.176245674586165,2167,2263,-4.176245674586165,1573,1611,-8.26032080454407,1385,1425,-4.992396120416923,6,21,-0.008625324619282976,501,1150,-1.7694530810514004,3,8,-0.0026958601454011646,51,64,-0.8400395102721138,8.152638018840518e-06,0.6047634548611112,0.00015322674577631772,0.6122504340277778,False,-1,-1,-1,-1,-1,-1,-1.0,-1.0,-1.0,-1.0,-1.0,-1.0,-1.0,-1.0,-1.0,,throughput,False,data\dvfs\results\origins_all_recovered\origins\m2_ilk_synthetic_r3__barrier.npz,426d14dd29c0d1628c4c54edef54990854138d0074215411581952adf8c39c6d
m2_ilk_synthetic_r3__m14,m2_ilk_synthetic_r3,origins,m14,m2_dense_optimization,skimage optical_flow_ilk (synthetic),3x1x192x192,1425,31,566.9252709772431,4.784449407968978,162,31,-4.992396120416923,-0.8445461609060798,38.7683136810985,131.00649820000035,0.03757052951388889,0.0007866753472222222,1.4220634070409055,0.7629763317109876,0.3350151909722222,1986.7522557490192,38.7683136810985,3.512715929046942,0.160870627995872,True,1999,2092,-4.176245674586165,2167,2263,-4.176245674586165,1573,1611,-8.26032080454407,1385,1425,-4.992396120416923,0,0,0.020004919123203097,347,519,-1.9870880942549374,0,0,0.04000983824639184,29,31,-0.8445461609060798,8.152638018840518e-06,0.6047634548611112,0.00027405858644655965,0.6140407986111112,False,-1,-1,-1,-1,-1,-1,-1.0,-1.0,-1.0,-1.0,-1.0,-1.0,-1.0,-1.0,-1.0,,throughput,False,data\dvfs\results\origins_all_recovered\origins\m2_ilk_synthetic_r3__m14.npz,18a6a371383686e2aff6f957bb6db905a5e463b9448032338cb81947546f6901
m2_ilk_synthetic_r3__slsqp_windowed,m2_ilk_synthetic_r3,origins,slsqp_windowed,m2_dense_optimization,skimage optical_flow_ilk (synthetic),,-1,-1,-1,-1,-1,-1,-1,-1,-1,-1,-1,-1,-1,-1,-1,-1,-1,-1,-1,False,-1,-1,-1,-1,-1,-1,-1,-1,-1,-1,-1,-1,-1,-1,-1,-1,-1,-1,-1,-1,-1,-1,-1,-1,-1,-1,-1,-1,False,-1,-1,-1,-1,-1,-1,-1,-1,-1,-1,-1,-1,-1,-1,-1,WatchdogTimeout: no result within 21600 s (isolated run),throughput,True,,
m2_tvl1_brainpair_a60__isqp_none,m2_tvl1_brainpair_a60,origins,isqp_none,m2_dense_optimization,skimage optical_flow_tvl1 (registered),3x1x160x264,7019,0,36038.367787512616,0.0,703,0,-357.74453867538926,0.022072115215945112,1405.655595966744,878.5068777999986,0.16347064393939395,0.0,2.7131097284021264,1.3466581378777376,0.8456912878787879,177555.67309316536,1405.655595966744,61.260111697704076,4.970485221800721,True,9543,9745,-537.4083921253165,10543,10775,-537.4083921253165,6973,7058,-957.7306358035189,6905,7019,-357.74453867538926,0,0,0.011000000000001202,0,0,0.011000000000000284,0,0,0.022000000000000748,0,0,0.022072115215945112,1.4304648266402485e-06,0.6024621212121212,9.203338216461644e-05,0.6109138257575758,True,0,30,1,0,1,385,-1.0,-1.0,-1.0,-1.0,-1.0,-1.0,-1.0,-1.0,-1.0,,throughput,False,data\dvfs\results\origins_all_recovered\origins\m2_tvl1_brainpair_a60__isqp_none.npz,c708c451eeefa424099d2379104f04b536fccbaf2cb67a106c2dda2470cef176
m2_tvl1_brainpair_a60__isqp_l2,m2_tvl1_brainpair_a60,origins,isqp_l2,m2_dense_optimization,skimage optical_flow_tvl1 (registered),3x1x160x264,7019,0,36038.367787512616,0.0,703,0,-357.74453867538926,0.02200352993063429,1110.716546132424,2640.6691976,0.16347064393939395,0.0,2.7131097284021264,1.6369215300327165,0.8347064393939394,109283.09273611865,1110.716546132424,58.331003979058174,3.0995261426092986,True,9543,9745,-537.4083921253165,10543,10775,-537.4083921253165,6973,7058,-957.7306358035189,6905,7019,-357.74453867538926,0,0,0.01093703552813456,0,0,0.0108293225294942,0,0,0.021874071056267336,0,0,0.02200352993063429,1.4304648266402485e-06,0.6024621212121212,1.464843810344675e-05,0.6115530303030303,True,0,78,1,0,2,887,-1.0,-1.0,-1.0,-1.0,-1.0,-1.0,-1.0,-1.0,-1.0,,throughput,False,data\dvfs\results\origins_all_recovered\origins\m2_tvl1_brainpair_a60__isqp_l2.npz,78708f580f1669494690610f6915d575ac9663128921e9361ea915c2545d8019
m2_tvl1_brainpair_a60__auto,m2_tvl1_brainpair_a60,origins,auto,m2_dense_optimization,skimage optical_flow_tvl1 (registered),3x1x160x264,7019,0,36038.367787512616,0.0,703,0,-357.74453867538926,0.02200352993063429,1110.716546132424,2557.9235990000016,0.16347064393939395,0.0,2.7131097284021264,1.6369215300327165,0.8347064393939394,109283.09273611865,1110.716546132424,58.331003979058174,3.0995261426092986,True,9543,9745,-537.4083921253165,10543,10775,-537.4083921253165,6973,7058,-957.7306358035189,6905,7019,-357.74453867538926,0,0,0.01093703552813456,0,0,0.0108293225294942,0,0,0.021874071056267336,0,0,0.02200352993063429,1.4304648266402485e-06,0.6024621212121212,1.464843810344675e-05,0.6115530303030303,True,0,78,1,0,2,887,-1.0,-1.0,-1.0,-1.0,-1.0,-1.0,-1.0,-1.0,-1.0,,throughput,False,data\dvfs\results\origins_all_recovered\origins\m2_tvl1_brainpair_a60__auto.npz,78708f580f1669494690610f6915d575ac9663128921e9361ea915c2545d8019
m2_tvl1_brainpair_a60__slp,m2_tvl1_brainpair_a60,origins,slp,m2_dense_optimization,skimage optical_flow_tvl1 (registered),3x1x160x264,7019,374,36038.367787512616,103.9106524599427,703,315,-357.74453867538926,-4.9812097386186505,2029.399835182614,600.6605395000006,0.16347064393939395,0.007646780303030303,2.7131097284021264,1.3889376327080147,0.7790482954545455,333274.69568345416,2029.399835182614,53.17435423833766,10.127775114214428,True,9543,9745,-537.4083921253165,10543,10775,-537.4083921253165,6973,7058,-957.7306358035189,6905,7019,-357.74453867538926,0,0,0.010993290554856474,3651,5376,-39.77154436910186,0,0,0.021986581109709802,323,374,-4.9812097386186505,1.4304648266402485e-06,0.6024621212121212,2.908566626140332e-06,0.7015861742424242,False,-1,-1,-1,-1,-1,-1,-1.0,-1.0,-1.0,-1.0,-1.0,-1.0,-1.0,-1.0,-1.0,,throughput,False,data\dvfs\results\origins_all_recovered\origins\m2_tvl1_brainpair_a60__slp.npz,bec35e5e6e6f03aaba99a910bfe39c16f22e3802566c2f34d66d570de04db95e
m2_tvl1_brainpair_a60__barrier,m2_tvl1_brainpair_a60,origins,barrier,m2_dense_optimization,skimage optical_flow_tvl1 (registered),3x1x160x264,7019,6956,36038.367787512616,3161.7066159806263,703,428,-357.74453867538926,-197.5168617330833,446.08907847905414,74.06400629999916,0.16347064393939395,0.11098484848484849,2.7131097284021264,2.5593662922564135,0.475094696969697,49335.92214295214,446.08907847905414,23.976404188330807,2.4584374199198793,False,9543,9745,-537.4083921253165,10543,10775,-537.4083921253165,6973,7058,-957.7306358035189,6905,7019,-357.74453867538926,6384,10951,-0.10159717722292158,9467,13865,-395.0462000730476,4617,7211,-0.2031943544458451,4688,6954,-197.5168617330833,1.4304648266402485e-06,0.6024621212121212,0.0,0.6137547348484849,False,-1,-1,-1,-1,-1,-1,-1.0,-1.0,-1.0,-1.0,-1.0,-1.0,-1.0,-1.0,-1.0,,throughput,False,data\dvfs\results\origins_all_recovered\origins\m2_tvl1_brainpair_a60__barrier.npz,4d372f2ada4fa83c94902438771e2f38c47828a8733d5f770ad2d393a201b2d0
m2_tvl1_brainpair_a60__m14,m2_tvl1_brainpair_a60,origins,m14,m2_dense_optimization,skimage optical_flow_tvl1 (registered),3x1x160x264,7019,3412,36038.367787512616,924.81121834285,703,477,-357.74453867538926,-112.36994994593164,643.5068221378912,183.80580360000022,0.16347064393939395,0.054095643939393936,2.7131097284021264,2.0625382926337674,0.9977982954545455,81546.63987281726,643.5068221378912,34.485490547740355,1.9348148117972161,False,9543,9745,-537.4083921253165,10543,10775,-537.4083921253165,6973,7058,-957.7306358035189,6905,7019,-357.74453867538926,3070,4830,-0.12212919906837849,6424,9147,-224.83097817686473,2054,3235,-0.24425839813677222,2285,3412,-112.36994994593164,1.4304648266402485e-06,0.6024621212121212,7.488682154564487e-09,0.5979403409090909,False,-1,-1,-1,-1,-1,-1,-1.0,-1.0,-1.0,-1.0,-1.0,-1.0,-1.0,-1.0,-1.0,,throughput,False,data\dvfs\results\origins_all_recovered\origins\m2_tvl1_brainpair_a60__m14.npz,678cac10faa7900d1cdd0d7e0868a19cf37e8e769a03acff795df4110447b475
m2_tvl1_brainpair_a60__slsqp_windowed,m2_tvl1_brainpair_a60,origins,slsqp_windowed,m2_dense_optimization,skimage optical_flow_tvl1 (registered),,-1,-1,-1,-1,-1,-1,-1,-1,-1,-1,-1,-1,-1,-1,-1,-1,-1,-1,-1,False,-1,-1,-1,-1,-1,-1,-1,-1,-1,-1,-1,-1,-1,-1,-1,-1,-1,-1,-1,-1,-1,-1,-1,-1,-1,-1,-1,-1,False,-1,-1,-1,-1,-1,-1,-1,-1,-1,-1,-1,-1,-1,-1,-1,WatchdogTimeout: no result within 21600 s (isolated run),throughput,True,,
m2_tvl1_synthetic_strong__isqp_none,m2_tvl1_synthetic_strong,origins,isqp_none,m2_dense_optimization,skimage optical_flow_tvl1 (synthetic),3x1x192x192,23,0,1.5776879596742008,0.0,3,0,-0.2200214068859777,0.023320958335254938,1.9761974401865043,0.6501607999998669,0.0005696614583333334,0.0,0.3327044520712579,0.2989937006962846,0.018337673611111112,19.904475585287585,1.9761974401865043,0.4286470815135335,0.029444490510780453,True,54,59,-0.2910304596920313,59,64,-0.2910304596920313,48,51,-0.5820609193840744,21,23,-0.2200214068859777,0,0,0.010999999998251799,0,0,0.01079997291243561,0,0,0.021999999996507386,0,0,0.023320958335254938,0.0012540007877502978,0.20865885416666666,0.015283391219104313,0.20890299479166666,True,0,4,0,0,1,14,-1.0,-1.0,-1.0,-1.0,-1.0,-1.0,-1.0,-1.0,-1.0,,throughput,False,data\dvfs\results\origins_all_recovered\origins\m2_tvl1_synthetic_strong__isqp_none.npz,cbd5ce6725417d536bbb9c9a15702f3c68156dc33a4e3df2a143b9730d7a7678
m2_tvl1_synthetic_strong__isqp_l2,m2_tvl1_synthetic_strong,origins,isqp_l2,m2_dense_optimization,skimage optical_flow_tvl1 (synthetic),3x1x192x192,23,0,1.5776879596742008,0.0,3,0,-0.2200214068859777,0.022065569223733636,1.7411890976693047,1.154159300000174,0.0005696614583333334,0.0,0.3327044520712579,0.30003054534593315,0.018283420138888888,16.85291276390379,1.7411890976693047,0.4482314345324996,0.025004321608165864,True,54,59,-0.2910304596920313,59,64,-0.2910304596920313,48,51,-0.5820609193840744,21,23,-0.2200214068859777,0,0,0.0109872377024705,0,0,0.01079997291243561,0,0,0.021974475404939645,0,0,0.022065569223733636,0.0012540007877502978,0.20865885416666666,0.014633944812223932,0.20887586805555555,True,0,4,0,0,1,20,-1.0,-1.0,-1.0,-1.0,-1.0,-1.0,-1.0,-1.0,-1.0,,throughput,False,data\dvfs\results\origins_all_recovered\origins\m2_tvl1_synthetic_strong__isqp_l2.npz,d9aef1320d98c9be5cce3f56f9ee1867fc2d12130e3932494318b0bf66046fd3
m2_tvl1_synthetic_strong__auto,m2_tvl1_synthetic_strong,origins,auto,m2_dense_optimization,skimage optical_flow_tvl1 (synthetic),3x1x192x192,23,0,1.5776879596742008,0.0,3,0,-0.2200214068859777,0.02206107239037104,1.759389937362796,3.0438355000005686,0.0005696614583333334,0.0,0.3327044520712579,0.3000393996109635,0.018337673611111112,17.260415564403363,1.759389937362796,0.4036104936207341,0.025533159118939885,True,54,59,-0.2910304596920313,59,64,-0.2910304596920313,48,51,-0.5820609193840744,21,23,-0.2200214068859777,0,0,0.010999735040605448,0,0,0.01079997291243561,0,0,0.022000108237761672,0,0,0.02206107239037104,0.0012540007877502978,0.20865885416666666,0.014943452100859539,0.20887586805555555,True,0,4,0,0,1,45,-1.0,-1.0,-1.0,-1.0,-1.0,-1.0,-1.0,-1.0,-1.0,,throughput,False,data\dvfs\results\origins_all_recovered\origins\m2_tvl1_synthetic_strong__auto.npz,9626b01ee46cd6548ab3baf6d49d52275972a95893f1f18cfde36cf5f5663f79
m2_tvl1_synthetic_strong__slp,m2_tvl1_synthetic_strong,origins,slp,m2_dense_optimization,skimage optical_flow_tvl1 (synthetic),3x1x192x192,23,1,1.5776879596742008,0.0027464550946613205,3,1,-0.2200214068859777,0.00725354490533868,1.932228744193836,91.07220289999896,0.0005696614583333334,0.0,0.3327044520712579,0.3013240190369943,0.0030924479166666665,13.545662987360233,1.932228744193836,0.6351969524104284,0.11882160515228274,True,54,59,-0.2910304596920313,59,64,-0.2910304596920313,48,51,-0.5820609193840744,21,23,-0.2200214068859777,0,0,0.010999877945549612,6,35,-0.042067383438302144,0,0,0.02199975589109903,0,1,0.00725354490533868,0.0012540007877502978,0.20865885416666666,0.00939025379930549,0.20890299479166666,False,-1,-1,-1,-1,-1,-1,-1.0,-1.0,-1.0,-1.0,-1.0,-1.0,-1.0,-1.0,-1.0,,throughput,False,data\dvfs\results\origins_all_recovered\origins\m2_tvl1_synthetic_strong__slp.npz,686b9362fb246c5c2f3ed8d9ac56344fb12adbe2f6edc9ddacaf747400716ef0
m2_tvl1_synthetic_strong__barrier,m2_tvl1_synthetic_strong,origins,barrier,m2_dense_optimization,skimage optical_flow_tvl1 (synthetic),3x1x192x192,23,0,1.5776879596742008,0.0,3,0,-0.2200214068859777,0.011495916833984848,1.6964886960918624,33.71620370000164,0.0005696614583333334,0.0,0.3327044520712579,0.3010533849436432,0.002983940972222222,15.388779954904896,1.6964886960918624,0.46608572896906875,0.1398979995900445,True,54,59,-0.2910304596920313,59,64,-0.2910304596920313,48,51,-0.5820609193840744,21,23,-0.2200214068859777,0,0,0.010999976705613035,4,35,-0.04661853175935411,0,0,0.021999953411227242,0,0,0.011495916833984848,0.0012540007877502978,0.20865885416666666,0.010106120959873661,0.20887586805555555,False,-1,-1,-1,-1,-1,-1,-1.0,-1.0,-1.0,-1.0,-1.0,-1.0,-1.0,-1.0,-1.0,,throughput,False,data\dvfs\results\origins_all_recovered\origins\m2_tvl1_synthetic_strong__barrier.npz,f6106455a830ec1a1c436cb17d4cab2fa8834a08481c6b2256e3f6237c1aada3
m2_tvl1_synthetic_strong__m14,m2_tvl1_synthetic_strong,origins,m14,m2_dense_optimization,skimage optical_flow_tvl1 (synthetic),3x1x192x192,23,0,1.5776879596742008,0.0,3,0,-0.2200214068859777,0.01467690909655383,1.6965538165762164,31.154099700001098,0.0005696614583333334,0.0,0.3327044520712579,0.3009658268263841,0.0030110677083333335,15.46812467546567,1.6965538165762164,0.45506161926727096,0.13935247455374478,True,54,59,-0.2910304596920313,59,64,-0.2910304596920313,48,51,-0.5820609193840744,21,23,-0.2200214068859777,0,0,0.010999973770833013,4,37,-0.046618210434403715,0,0,0.02199994754166547,0,0,0.01467690909655383,0.0012540007877502978,0.20865885416666666,0.010106311559290109,0.20887586805555555,False,-1,-1,-1,-1,-1,-1,-1.0,-1.0,-1.0,-1.0,-1.0,-1.0,-1.0,-1.0,-1.0,,throughput,False,data\dvfs\results\origins_all_recovered\origins\m2_tvl1_synthetic_strong__m14.npz,96fea83794e426f020813a0e7cb856868133a6e01184e3c391a4c2ccbcca581b
m2_tvl1_synthetic_strong__slsqp_windowed,m2_tvl1_synthetic_strong,origins,slsqp_windowed,m2_dense_optimization,skimage optical_flow_tvl1 (synthetic),3x1x192x192,23,14,1.5776879596742008,4.0451159870336095e-07,3,4,-0.2200214068859777,0.009999607528106294,1.083821882027064,0.17400879999331664,0.0005696614583333334,0.0,0.3327044520712579,0.31150238360596283,0.001736111111111111,7.8074660404997624,1.083821882027064,0.30576024145497094,0.12199165688280879,True,54,59,-0.2910304596920313,59,64,-0.2910304596920313,48,51,-0.5820609193840744,21,23,-0.2200214068859777,44,53,-0.2910304596920313,49,57,-0.2910304596920313,39,43,-0.5820609193840744,0,0,0.009999607528106294,0.0012540007877502978,0.20865885416666666,0.004669765239413993,0.208740234375,False,-1,-1,-1,-1,-1,-1,-1.0,-1.0,-1.0,-1.0,-1.0,-1.0,-1.0,-1.0,-1.0,,throughput,False,data\dvfs\results\origins_all_v3\origins\m2_tvl1_synthetic_strong__slsqp_windowed.npz,85cd22d9701a768aeddb9dbda23bbaeb80f853dfd6ecc1ecc487e56d621fc91d
m2_tvl1_synthetic_weak__isqp_none,m2_tvl1_synthetic_weak,origins,isqp_none,m2_dense_optimization,skimage optical_flow_tvl1 (synthetic),3x1x192x192,259,0,4089.7458863045917,0.0,38,0,-330.5077204671582,0.022125647295410455,437.03503597545557,5.806159200001275,0.006971571180555556,0.0,0.6951608860189025,0.4903109157001844,0.09431966145833333,8530.828049619804,437.03503597545557,103.19651762771423,2.4535024589070473,True,355,365,-576.4073266327415,392,403,-710.3622858681756,257,262,-856.4833566785906,257,259,-330.5077204671582,0,0,0.010999975945022611,0,0,0.010999975945022611,0,0,0.021999951890033564,0,0,0.022125647295410455,3.835544779807008e-05,0.1972113715277778,0.00036277921426535663,0.21006944444444445,True,0,16,0,0,1,88,-1.0,-1.0,-1.0,-1.0,-1.0,-1.0,-1.0,-1.0,-1.0,,throughput,False,data\dvfs\results\origins_all_recovered\origins\m2_tvl1_synthetic_weak__isqp_none.npz,55e0cb47a7fe237e1cec7a11944fd182f03710162610f8b97acf673fe4c4dcbf
m2_tvl1_synthetic_weak__isqp_l2,m2_tvl1_synthetic_weak,origins,isqp_l2,m2_dense_optimization,skimage optical_flow_tvl1 (synthetic),3x1x192x192,259,0,4089.7458863045917,0.0,38,0,-330.5077204671582,0.021760662298304152,415.0905856332725,20.441185799998493,0.006971571180555556,0.0,0.6951608860189025,0.538243169117634,0.09798177083333333,5675.341835333309,415.0905856332725,103.19663760285854,1.571246355297151,True,355,365,-576.4073266327415,392,403,-710.3622858681756,257,262,-856.4833566785906,257,259,-330.5077204671582,0,0,0.010838217261881139,0,0,0.010576263855509083,0,0,0.021771292460969868,0,0,0.021760662298304152,3.835544779807008e-05,0.1972113715277778,0.00013150238828485905,0.2041286892361111,True,0,18,0,0,1,287,-1.0,-1.0,-1.0,-1.0,-1.0,-1.0,-1.0,-1.0,-1.0,,throughput,False,data\dvfs\results\origins_all_recovered\origins\m2_tvl1_synthetic_weak__isqp_l2.npz,b6b36f65f9e01dc7dc32e34c0ddd66ebeaa1aabd45bc70c1c43a867fe017c2e5
m2_tvl1_synthetic_weak__auto,m2_tvl1_synthetic_weak,origins,auto,m2_dense_optimization,skimage optical_flow_tvl1 (synthetic),3x1x192x192,259,0,4089.7458863045917,0.0,38,0,-330.5077204671582,0.021760662298304152,415.0905856332725,21.00876789999893,0.006971571180555556,0.0,0.6951608860189025,0.538243169117634,0.09798177083333333,5675.341835333309,415.0905856332725,103.19663760285854,1.571246355297151,True,355,365,-576.4073266327415,392,403,-710.3622858681756,257,262,-856.4833566785906,257,259,-330.5077204671582,0,0,0.010838217261881139,0,0,0.010576263855509083,0,0,0.021771292460969868,0,0,0.021760662298304152,3.835544779807008e-05,0.1972113715277778,0.00013150238828485905,0.2041286892361111,True,0,18,0,0,1,287,-1.0,-1.0,-1.0,-1.0,-1.0,-1.0,-1.0,-1.0,-1.0,,throughput,False,data\dvfs\results\origins_all_recovered\origins\m2_tvl1_synthetic_weak__auto.npz,b6b36f65f9e01dc7dc32e34c0ddd66ebeaa1aabd45bc70c1c43a867fe017c2e5
m2_tvl1_synthetic_weak__slp,m2_tvl1_synthetic_weak,origins,slp,m2_dense_optimization,skimage optical_flow_tvl1 (synthetic),3x1x192x192,259,16,4089.7458863045917,17.2288528696613,38,12,-330.5077204671582,-2.724411508314599,414.6755331739008,199.53080090000003,0.006971571180555556,0.00043402777777777775,0.6951608860189025,0.44992197958838437,0.06499565972222222,4400.111828440454,414.6755331739008,105.4370299393111,1.8364406629551142,True,355,365,-576.4073266327415,392,403,-710.3622858681756,257,262,-856.4833566785906,257,259,-330.5077204671582,0,0,0.010999604137148955,148,231,-9.66388899677975,0,0,0.021999208274343207,16,16,-2.724411508314599,3.835544779807008e-05,0.1972113715277778,7.473075353596065e-05,0.1991916232638889,False,-1,-1,-1,-1,-1,-1,-1.0,-1.0,-1.0,-1.0,-1.0,-1.0,-1.0,-1.0,-1.0,,throughput,False,data\dvfs\results\origins_all_recovered\origins\m2_tvl1_synthetic_weak__slp.npz,fccbc6ac6a656ba52feee779c3781c5dce2929f317bd56c947bd127acdca98b9
m2_tvl1_synthetic_weak__barrier,m2_tvl1_synthetic_weak,origins,barrier,m2_dense_optimization,skimage optical_flow_tvl1 (synthetic),3x1x192x192,259,149,4089.7458863045917,216.0881239560441,38,31,-330.5077204671582,-128.69445935400648,100.69202280117476,43.813096800000494,0.006971571180555556,0.0022786458333333335,0.6951608860189025,0.5938843230949048,0.026123046875,1655.6056263210894,100.69202280117476,34.47557931148181,1.7192166420779744,False,355,365,-576.4073266327415,392,403,-710.3622858681756,257,262,-856.4833566785906,257,259,-330.5077204671582,130,245,-0.03355915888949618,289,418,-259.77827067693033,87,143,-0.04388791313223774,84,149,-128.69445935400648,3.835544779807008e-05,0.1972113715277778,8.665470762918983e-10,0.1998969184027778,False,-1,-1,-1,-1,-1,-1,-1.0,-1.0,-1.0,-1.0,-1.0,-1.0,-1.0,-1.0,-1.0,,throughput,False,data\dvfs\results\origins_all_recovered\origins\m2_tvl1_synthetic_weak__barrier.npz,fe301ee9d14b862585186cfaab6cb3fadcaefb7fc30b13d508c043b845d0d3e2
m2_tvl1_synthetic_weak__m14,m2_tvl1_synthetic_weak,origins,m14,m2_dense_optimization,skimage optical_flow_tvl1 (synthetic),3x1x192x192,259,23,4089.7458863045917,15.243787259213267,38,16,-330.5077204671582,-4.316156656300853,404.44664143496436,188.42025090000243,0.006971571180555556,0.0005696614583333334,0.6951608860189025,0.4540893751140332,0.1279839409722222,4514.392015085049,404.44664143496436,106.14728080985067,0.9568444288014093,True,355,365,-576.4073266327415,392,403,-710.3622858681756,257,262,-856.4833566785906,257,259,-330.5077204671582,0,0,0.01959703456257232,156,195,-14.477225108375169,0,0,0.03919406912514272,21,23,-4.316156656300853,3.835544779807008e-05,0.1972113715277778,7.900658972190283e-05,0.1977810329861111,False,-1,-1,-1,-1,-1,-1,-1.0,-1.0,-1.0,-1.0,-1.0,-1.0,-1.0,-1.0,-1.0,,throughput,False,data\dvfs\results\origins_all_recovered\origins\m2_tvl1_synthetic_weak__m14.npz,9c43e68b58c6c683e11fcc3dfb4620cf173d22059cbc1929f3506084d7e8b24a
m2_tvl1_synthetic_weak__slsqp_windowed,m2_tvl1_synthetic_weak,origins,slsqp_windowed,m2_dense_optimization,skimage optical_flow_tvl1 (synthetic),3x1x192x192,259,220,4089.7458863045917,1.1947934382468967e-06,38,76,-330.5077204671582,0.009999590597077992,84.87530283491304,58.96735269999772,0.006971571180555556,0.0,0.6951608860189025,0.6460046717597349,0.022542317708333332,1534.9128572494822,84.87530283491304,26.628776497403848,1.8470672169067175,True,355,365,-576.4073266327415,392,403,-710.3622858681756,257,262,-856.4833566785906,257,259,-330.5077204671582,548,563,-433.7256532916023,628,643,-433.7256532916023,360,371,-867.4513065832052,0,0,0.009999590597077992,3.835544779807008e-05,0.1972113715277778,4.898222204014575e-07,0.20182291666666666,False,-1,-1,-1,-1,-1,-1,-1.0,-1.0,-1.0,-1.0,-1.0,-1.0,-1.0,-1.0,-1.0,,throughput,False,data\dvfs\results\origins_all_v3\origins\m2_tvl1_synthetic_weak__slsqp_windowed.npz,6e90323ff234d57a731f185c3cbe7d0bebe86e222b6cf90eeceba0206b549980
m3_proxy_synthetic_mild__isqp_none,m3_proxy_synthetic_mild,origins,isqp_none,m3_learned,proxy: smooth warp + grid-scale noise (synthetic),3x1x192x192,101,0,10.114578446413594,0.0,66,0,-0.3273342392748441,0.023650215008336473,5.321326280947064,34.46070299999701,0.0026041666666666665,0.0,0.6325309392955435,0.5228753471649394,0.6156684027777778,208.65212784306226,5.321326280947064,1.9373142210038616,0.009193343665979127,True,512,607,-0.33923396416419804,708,818,-0.44517768926097623,302,328,-0.6748559612277276,96,101,-0.3273342392748441,0,0,0.010999716244414204,0,0,0.010655611774684146,0,0,0.02199943248880687,0,0,0.023650215008336473,0.00014051345323612746,0.9997829861111112,0.008866937970878794,0.9997829861111112,True,0,105,2,0,1,287,-1.0,-1.0,-1.0,-1.0,-1.0,-1.0,-1.0,-1.0,-1.0,,throughput,False,data\dvfs\results\origins_all_recovered\origins\m3_proxy_synthetic_mild__isqp_none.npz,735767b6e57706ca53d9f4842ad29bbc645449a825030d70468bda8f7341592d
m3_proxy_synthetic_mild__isqp_l2,m3_proxy_synthetic_mild,origins,isqp_l2,m3_learned,proxy: smooth warp + grid-scale noise (synthetic),3x1x192x192,101,0,10.114578446413594,0.0,66,0,-0.3273342392748441,0.02328774554899385,4.650716676553696,60.90838799999983,0.0026041666666666665,0.0,0.6325309392955435,0.5252641529506228,0.5731065538194444,132.32890219892468,4.650716676553696,1.5841045261215445,0.006263497051115855,True,512,607,-0.33923396416419804,708,818,-0.44517768926097623,302,328,-0.6748559612277276,96,101,-0.3273342392748441,0,0,0.010911703994904765,0,0,0.010655611774684146,0,0,0.021823407989809484,0,0,0.02328774554899385,0.00014051345323612746,0.9997829861111112,0.006293572647264814,0.9997829861111112,True,0,105,2,0,1,350,-1.0,-1.0,-1.0,-1.0,-1.0,-1.0,-1.0,-1.0,-1.0,,throughput,False,data\dvfs\results\origins_all_recovered\origins\m3_proxy_synthetic_mild__isqp_l2.npz,a75062eb635ef597b98718a3b1b602d8e9407ea6dc7f0222d924e7d076694826
m3_proxy_synthetic_mild__auto,m3_proxy_synthetic_mild,origins,auto,m3_learned,proxy: smooth warp + grid-scale noise (synthetic),3x1x192x192,101,0,10.114578446413594,0.0,66,0,-0.3273342392748441,0.023656255833135825,5.276939893685757,42.24873160000061,0.0026041666666666665,0.0,0.6325309392955435,0.5232898756991259,0.6156955295138888,188.5697572266967,5.276939893685757,1.9373141557779454,0.008308135754800048,True,512,607,-0.33923396416419804,708,818,-0.44517768926097623,302,328,-0.6748559612277276,96,101,-0.3273342392748441,0,0,0.010995613610182496,0,0,0.010655611774684146,0,0,0.021997940770695612,0,0,0.023656255833135825,0.00014051345323612746,0.9997829861111112,0.008866937970878794,0.9997829861111112,True,0,105,2,0,1,388,-1.0,-1.0,-1.0,-1.0,-1.0,-1.0,-1.0,-1.0,-1.0,,throughput,False,data\dvfs\results\origins_all_recovered\origins\m3_proxy_synthetic_mild__auto.npz,e937d7bb9109b9cdb041a86ff4bcf0365f744975ef892d2bb14214a09572956e
m3_proxy_synthetic_mild__slp,m3_proxy_synthetic_mild,origins,slp,m3_learned,proxy: smooth warp + grid-scale noise (synthetic),3x1x192x192,101,7,10.114578446413594,0.09610527852074666,66,7,-0.3273342392748441,-0.0548275254070788,3.454237630557108,122.09366790000058,0.0026041666666666665,5.425347222222222e-05,0.6325309392955435,0.5382803029186092,0.036051432291666664,62.03737511513323,3.454237630557108,0.5465531990050441,0.04667974049295202,True,512,607,-0.33923396416419804,708,818,-0.44517768926097623,302,328,-0.6748559612277276,96,101,-0.3273342392748441,0,0,0.010999907305587892,274,417,-0.3486604313136941,0,0,0.02199981461116368,2,7,-0.0548275254070788,0.00014051345323612746,0.9997829861111112,0.0006411883813106671,0.9997829861111112,False,-1,-1,-1,-1,-1,-1,-1.0,-1.0,-1.0,-1.0,-1.0,-1.0,-1.0,-1.0,-1.0,,throughput,False,data\dvfs\results\origins_all_recovered\origins\m3_proxy_synthetic_mild__slp.npz,984b14c68236677e4f2eecfcf6ce726f9cf11b4045fb235125ffcce9e6fe775e
m3_proxy_synthetic_mild__barrier,m3_proxy_synthetic_mild,origins,barrier,m3_learned,proxy: smooth warp + grid-scale noise (synthetic),3x1x192x192,101,7,10.114578446413594,0.11375891628428464,66,7,-0.3273342392748441,-0.05144234624480254,2.7347482194132238,20.793015399998694,0.0026041666666666665,8.138020833333333e-05,0.6325309392955435,0.5390059257551861,0.036865234375,81.20259960685038,2.7347482194132238,0.33596606131270246,0.05975172892336305,True,512,607,-0.33923396416419804,708,818,-0.44517768926097623,302,328,-0.6748559612277276,96,101,-0.3273342392748441,0,0,0.010999989919028591,275,416,-0.1932257596004089,0,0,0.02199997983805401,3,7,-0.05144234624480254,0.00014051345323612746,0.9997829861111112,0.0019076517690041054,0.9997829861111112,False,-1,-1,-1,-1,-1,-1,-1.0,-1.0,-1.0,-1.0,-1.0,-1.0,-1.0,-1.0,-1.0,,throughput,False,data\dvfs\results\origins_all_recovered\origins\m3_proxy_synthetic_mild__barrier.npz,a5cdeb50e8e270eaa49e3c7ab3a910d79013e03476680d7858c298af77849c3b
m3_proxy_synthetic_mild__m14,m3_proxy_synthetic_mild,origins,m14,m3_learned,proxy: smooth warp + grid-scale noise (synthetic),3x1x192x192,101,7,10.114578446413594,0.11225930815207506,66,7,-0.3273342392748441,-0.05144241348638556,2.735026950093741,25.426787100001093,0.0026041666666666665,8.138020833333333e-05,0.6325309392955435,0.5389210497387412,0.037055121527777776,81.19681072003907,2.735026950093741,0.33680584544612824,0.05944129628114134,True,512,607,-0.33923396416419804,708,818,-0.44517768926097623,302,328,-0.6748559612277276,96,101,-0.3273342392748441,0,0,0.010999991981960104,275,415,-0.19304721827870364,0,0,0.02199998534467871,3,7,-0.05144241348638556,0.00014051345323612746,0.9997829861111112,0.0018671126829502313,0.9997829861111112,False,-1,-1,-1,-1,-1,-1,-1.0,-1.0,-1.0,-1.0,-1.0,-1.0,-1.0,-1.0,-1.0,,throughput,False,data\dvfs\results\origins_all_recovered\origins\m3_proxy_synthetic_mild__m14.npz,ccd795b8c0f066433745c45b503daf57fa4cc67985ff2f7dd5528904af9e44a6
m3_proxy_synthetic_mild__slsqp_windowed,m3_proxy_synthetic_mild,origins,slsqp_windowed,m3_learned,proxy: smooth warp + grid-scale noise (synthetic),3x1x192x192,101,56,10.114578446413594,5.638457065656674e-06,66,38,-0.3273342392748441,0.009999054893862047,1.6878841644280118,0.32159960000717547,0.0026041666666666665,0.0,0.6325309392955435,0.5728104786292684,0.009575737847222222,27.022460178923353,1.6878841644280118,0.24870627301312093,0.07655087869383387,True,512,607,-0.33923396416419804,708,818,-0.44517768926097623,302,328,-0.6748559612277276,96,101,-0.3273342392748441,460,557,-0.33333454916424465,654,770,-0.3392605341860985,256,285,-0.459461554840035,0,0,0.009999054893862047,0.00014051345323612746,0.9997829861111112,0.0013741525523975704,0.9997829861111112,False,-1,-1,-1,-1,-1,-1,-1.0,-1.0,-1.0,-1.0,-1.0,-1.0,-1.0,-1.0,-1.0,,throughput,False,data\dvfs\results\origins_all_v3\origins\m3_proxy_synthetic_mild__slsqp_windowed.npz,8b6f899c180e067d93f030337d9708d1ed118eca8b3e2e4d2794006ea5e85180
m3_proxy_synthetic_strong__isqp_none,m3_proxy_synthetic_strong,origins,isqp_none,m3_learned,proxy: smooth warp + grid-scale noise (synthetic),3x1x192x192,4110,0,1365.0879943877585,0.0,1242,0,-3.084079430104822,0.022359194667216822,54.64818559290774,432.43516969999837,0.10755750868055555,0.0,2.288111552140489,0.9909292434367991,1.0,6786.400308249504,54.64818559290774,3.5023573176296274,0.1840928903062474,True,8375,8692,-2.023822228307507,9959,10320,-2.2515838425681496,5882,6003,-3.9756833205009543,3965,4110,-3.084079430104822,0,0,0.010996857413586518,0,0,0.010996857413586518,0,0,0.021998759059702777,0,0,0.022359194667216822,1.2425231242591782e-05,1.0,0.0027656660266943997,1.0,True,0,16,1,0,1,194,-1.0,-1.0,-1.0,-1.0,-1.0,-1.0,-1.0,-1.0,-1.0,,throughput,False,data\dvfs\results\origins_all_recovered\origins\m3_proxy_synthetic_strong__isqp_none.npz,f8a34902a5f2839b46c0a07d1cc73a2c9655ad91a59f5864570d3cf30219b31d
m3_proxy_synthetic_strong__isqp_l2,m3_proxy_synthetic_strong,origins,isqp_l2,m3_learned,proxy: smooth warp + grid-scale noise (synthetic),3x1x192x192,4110,0,1365.0879943877585,0.0,1242,0,-3.084079430104822,0.022040843009481115,44.64029421381504,688.0635604999989,0.10755750868055555,0.0,2.288111552140489,1.0776150474896895,1.0,5242.56145774947,44.64029421381504,3.2958840678254204,0.14221358121065186,True,8375,8692,-2.023822228307507,9959,10320,-2.2515838425681496,5882,6003,-3.9756833205009543,3965,4110,-3.084079430104822,0,0,0.010999999999998553,0,0,0.010999999999998553,0,0,0.021999999999999575,0,0,0.022040843009481115,1.2425231242591782e-05,1.0,0.0010787215854636371,1.0,True,0,32,1,0,1,266,-1.0,-1.0,-1.0,-1.0,-1.0,-1.0,-1.0,-1.0,-1.0,,throughput,False,data\dvfs\results\origins_all_recovered\origins\m3_proxy_synthetic_strong__isqp_l2.npz,3264cadba8017a3e3e032e8ffe54239d9b42928f35f809b68f92a5fe7d519dda
m3_proxy_synthetic_strong__auto,m3_proxy_synthetic_strong,origins,auto,m3_learned,proxy: smooth warp + grid-scale noise (synthetic),3x1x192x192,4110,0,1365.0879943877585,0.0,1242,0,-3.084079430104822,0.022040843009481115,44.64029421381504,674.3398046000002,0.10755750868055555,0.0,2.288111552140489,1.0776150474896895,1.0,5242.56145774947,44.64029421381504,3.2958840678254204,0.14221358121065186,True,8375,8692,-2.023822228307507,9959,10320,-2.2515838425681496,5882,6003,-3.9756833205009543,3965,4110,-3.084079430104822,0,0,0.010999999999998553,0,0,0.010999999999998553,0,0,0.021999999999999575,0,0,0.022040843009481115,1.2425231242591782e-05,1.0,0.0010787215854636371,1.0,True,0,32,1,0,1,266,-1.0,-1.0,-1.0,-1.0,-1.0,-1.0,-1.0,-1.0,-1.0,,throughput,False,data\dvfs\results\origins_all_recovered\origins\m3_proxy_synthetic_strong__auto.npz,3264cadba8017a3e3e032e8ffe54239d9b42928f35f809b68f92a5fe7d519dda
m3_proxy_synthetic_strong__slp,m3_proxy_synthetic_strong,origins,slp,m3_learned,proxy: smooth warp + grid-scale noise (synthetic),3x1x192x192,4110,416,1365.0879943877585,34.31374083405544,1242,366,-3.084079430104822,-0.9984051671658569,42.59923951609945,417.94105599999966,0.10755750868055555,0.009141710069444444,2.288111552140489,1.2946626252934004,0.4305826822916667,3483.835078890862,42.59923951609945,2.1611391687573334,0.21948182945195374,True,8375,8692,-2.023822228307507,9959,10320,-2.2515838425681496,5882,6003,-3.9756833205009543,3965,4110,-3.084079430104822,0,0,0.010999722903070743,3952,6206,-1.6184637746164565,0,0,0.021999574373966907,337,416,-0.9984051671658569,1.2425231242591782e-05,1.0,1.623939429851707e-05,1.0,False,-1,-1,-1,-1,-1,-1,-1.0,-1.0,-1.0,-1.0,-1.0,-1.0,-1.0,-1.0,-1.0,,throughput,False,data\dvfs\results\origins_all_recovered\origins\m3_proxy_synthetic_strong__slp.npz,b8bd9e57ed97b98c1ae4e49b1285a611ca5b361d75f322d0ab184104ed462839
m3_proxy_synthetic_strong__barrier,m3_proxy_synthetic_strong,origins,barrier,m3_learned,proxy: smooth warp + grid-scale noise (synthetic),3x1x192x192,4110,395,1365.0879943877585,32.597634244369,1242,342,-3.084079430104822,-0.8272047699123293,37.53075348842005,55.24814849999893,0.10755750868055555,0.0087890625,2.288111552140489,1.2858026365581874,0.4756401909722222,4272.542785202104,37.53075348842005,2.2190904117622328,0.2436718823544031,True,8375,8692,-2.023822228307507,9959,10320,-2.2515838425681496,5882,6003,-3.9756833205009543,3965,4110,-3.084079430104822,0,0,0.01099873883173097,3689,5852,-1.4229537097442129,0,0,0.021997824354163864,324,395,-0.8272047699123293,1.2425231242591782e-05,1.0,2.2239192176711822e-05,1.0,False,-1,-1,-1,-1,-1,-1,-1.0,-1.0,-1.0,-1.0,-1.0,-1.0,-1.0,-1.0,-1.0,,throughput,False,data\dvfs\results\origins_all_recovered\origins\m3_proxy_synthetic_strong__barrier.npz,6f1894e1f011be732943451936755efbe8be7ad2352062a9d9808ee78e6a7a12
m3_proxy_synthetic_strong__m14,m3_proxy_synthetic_strong,origins,m14,m3_learned,proxy: smooth warp + grid-scale noise (synthetic),3x1x192x192,4110,387,1365.0879943877585,29.729252766171875,1242,338,-3.084079430104822,-0.8169572901641562,37.67067072948705,51.00064719999864,0.10755750868055555,0.008544921875,2.288111552140489,1.2737011414048358,0.9909939236111112,4299.452042472038,37.67067072948705,1.9990510225115572,0.11769002634599907,True,8375,8692,-2.023822228307507,9959,10320,-2.2515838425681496,5882,6003,-3.9756833205009543,3965,4110,-3.084079430104822,0,0,0.010998016523158814,3648,5610,-1.2869780647265219,0,0,0.021996710393800505,315,387,-0.8169572901641562,1.2425231242591782e-05,1.0,4.26527112153172e-05,1.0,False,-1,-1,-1,-1,-1,-1,-1.0,-1.0,-1.0,-1.0,-1.0,-1.0,-1.0,-1.0,-1.0,,throughput,False,data\dvfs\results\origins_all_recovered\origins\m3_proxy_synthetic_strong__m14.npz,c5e2dbff8712ef6678ec5811471637c639c723def6510068e683710917282768
m3_proxy_synthetic_strong__slsqp_windowed,m3_proxy_synthetic_strong,origins,slsqp_windowed,m3_learned,proxy: smooth warp + grid-scale noise (synthetic),,-1,-1,-1,-1,-1,-1,-1,-1,-1,-1,-1,-1,-1,-1,-1,-1,-1,-1,-1,False,-1,-1,-1,-1,-1,-1,-1,-1,-1,-1,-1,-1,-1,-1,-1,-1,-1,-1,-1,-1,-1,-1,-1,-1,-1,-1,-1,-1,False,-1,-1,-1,-1,-1,-1,-1,-1,-1,-1,-1,-1,-1,-1,-1,WatchdogTimeout: no result within 21600 s (isolated run),throughput,True,,
m3_transmorph_cohort_diffeo__isqp_none,m3_transmorph_cohort_diffeo,origins,isqp_none,m3_learned,"TransMorph-style SwinRegNet (diffeo, stage-0 features) (learned)",3x1x96x128,0,0,0.0,0.0,0,0,0.02908522209671638,0.02908522209671638,0.6748993755577244,0.3483650999987731,0.0,0.0,0.8041367145499337,0.8042073664907708,0.03857421875,4.563043670204172,0.6748993755577244,0.2665917214641106,0.009626674409713442,True,6,7,-2.495954760716568,16,17,-2.495954760716568,0,1,0.0016890966825258147,0,0,0.02908522209671638,0,0,0.010999999976055719,0,0,0.010999977930123972,0,0,0.02200000000000113,0,0,0.02908522209671638,0.004720452771526168,0.548828125,0.004710677385496882,0.548828125,True,0,7,0,0,1,19,-1.0,-1.0,-1.0,-1.0,-1.0,-1.0,-1.0,-1.0,-1.0,,throughput,False,data\dvfs\results\origins_all_recovered\origins\m3_transmorph_cohort_diffeo__isqp_none.npz,7a2375949c93196e3f84f33ab502509a59558dc2be93df24a62d953df7b9f522
m3_transmorph_cohort_diffeo__isqp_l2,m3_transmorph_cohort_diffeo,origins,isqp_l2,m3_learned,"TransMorph-style SwinRegNet (diffeo, stage-0 features) (learned)",3x1x96x128,0,0,0.0,0.0,0,0,0.02908522209671638,0.02908522209671638,0.6650130847953905,0.37403700000140816,0.0,0.0,0.8041367145499337,0.8041989152563622,0.01806640625,4.143929260229209,0.6650130847953905,0.26565111303002786,0.01866634801905049,True,6,7,-2.495954760716568,16,17,-2.495954760716568,0,1,0.0016890966825258147,0,0,0.02908522209671638,0,0,0.010991301630085992,0,0,0.010991301630085992,0,0,0.021999999999889663,0,0,0.02908522209671638,0.004720452771526168,0.548828125,0.00471776260003566,0.548828125,True,0,7,0,0,1,20,-1.0,-1.0,-1.0,-1.0,-1.0,-1.0,-1.0,-1.0,-1.0,,throughput,False,data\dvfs\results\origins_all_recovered\origins\m3_transmorph_cohort_diffeo__isqp_l2.npz,3a98ad2d68fb0dc839aedaca7485867414377fbaa1a5e3a104f29a6fdc8a4797
m3_transmorph_cohort_diffeo__auto,m3_transmorph_cohort_diffeo,origins,auto,m3_learned,"TransMorph-style SwinRegNet (diffeo, stage-0 features) (learned)",3x1x96x128,0,0,0.0,0.0,0,0,0.02908522209671638,0.02908522209671638,0.6723920529238974,0.46774879999793484,0.0,0.0,0.8041367145499337,0.8042072597289324,0.03857421875,4.419181257187063,0.6723920529238974,0.2655012844402972,0.009323167209255407,True,6,7,-2.495954760716568,16,17,-2.495954760716568,0,1,0.0016890966825258147,0,0,0.02908522209671638,0,0,0.010999632630009692,0,0,0.010999632630009692,0,0,0.02200000000000113,0,0,0.02908522209671638,0.004720452771526168,0.548828125,0.004710315977103688,0.548828125,True,0,7,0,0,1,26,-1.0,-1.0,-1.0,-1.0,-1.0,-1.0,-1.0,-1.0,-1.0,,throughput,False,data\dvfs\results\origins_all_recovered\origins\m3_transmorph_cohort_diffeo__auto.npz,270a58357e034b0aaa83bd1e839ab31cc98e741d98ccd13348801759e6aef0d7
m3_transmorph_cohort_diffeo__slp,m3_transmorph_cohort_diffeo,origins,slp,m3_learned,"TransMorph-style SwinRegNet (diffeo, stage-0 features) (learned)",3x1x96x128,0,0,0.0,0.0,0,0,0.02908522209671638,0.02908522209671638,0.7227623510653467,2.7317411999974865,0.0,0.0,0.8041367145499337,0.8041337615008969,0.0008138020833333334,1.8214030400704837,0.7227623510653467,0.43432759112173214,0.18214030400704836,True,6,7,-2.495954760716568,16,17,-2.495954760716568,0,1,0.0016890966825258147,0,0,0.02908522209671638,0,0,0.010099961657796364,10,10,-1.1040294131347146,0,0,0.020200000000000884,0,0,0.02908522209671638,0.004720452771526168,0.548828125,0.004720452771526168,0.548828125,False,-1,-1,-1,-1,-1,-1,-1.0,-1.0,-1.0,-1.0,-1.0,-1.0,-1.0,-1.0,-1.0,,throughput,False,data\dvfs\results\origins_all_recovered\origins\m3_transmorph_cohort_diffeo__slp.npz,707bf0df8253dbf465ab2781f14b3d75126ea071f29f1a3c0e7ea09c630f1596
m3_transmorph_cohort_diffeo__barrier,m3_transmorph_cohort_diffeo,origins,barrier,m3_learned,"TransMorph-style SwinRegNet (diffeo, stage-0 features) (learned)",3x1x96x128,0,0,0.0,0.0,0,0,0.02908522209671638,0.02908522209671638,0.5704032888681827,1.1665547999982664,0.0,0.0,0.8041367145499337,0.8041986044194387,0.002197265625,2.468943742567032,0.5704032888681827,0.26846819652625864,0.09144236083581601,True,6,7,-2.495954760716568,16,17,-2.495954760716568,0,1,0.0016890966825258147,0,0,0.02908522209671638,0,0,0.01099999936516649,10,10,-1.1040294131347146,0,0,0.022000000173031165,0,0,0.02908522209671638,0.004720452771526168,0.548828125,0.004720452771526168,0.548828125,False,-1,-1,-1,-1,-1,-1,-1.0,-1.0,-1.0,-1.0,-1.0,-1.0,-1.0,-1.0,-1.0,,throughput,False,data\dvfs\results\origins_all_recovered\origins\m3_transmorph_cohort_diffeo__barrier.npz,edc4ae90f6889258564b9a4f47c7615e4811f2f87a0718f3214c38c8adc7c46c
m3_transmorph_cohort_diffeo__m14,m3_transmorph_cohort_diffeo,origins,m14,m3_learned,"TransMorph-style SwinRegNet (diffeo, stage-0 features) (learned)",3x1x96x128,0,0,0.0,0.0,0,0,0.02908522209671638,0.029085221735760457,0.5704025955264828,6.215325299999677,0.0,0.0,0.8041367145499337,0.8041987378081257,0.014241536458333334,2.4690718846070903,0.5704025955264828,0.2685849817436978,0.014108982197754801,True,6,7,-2.495954760716568,16,17,-2.495954760716568,0,1,0.0016890966825258147,0,0,0.02908522209671638,0,0,0.010999999434996965,10,10,-1.1040294131858666,0,0,0.021999999925759628,0,0,0.029085221735760457,0.004720452771526168,0.548828125,0.004720452759360305,0.548828125,False,-1,-1,-1,-1,-1,-1,-1.0,-1.0,-1.0,-1.0,-1.0,-1.0,-1.0,-1.0,-1.0,,throughput,False,data\dvfs\results\origins_all_recovered\origins\m3_transmorph_cohort_diffeo__m14.npz,ec26c27ac45992afb4bfa248666ce93fc6a86329caabfbd41ce6231a778f92dc
m3_transmorph_cohort_diffeo__slsqp_windowed,m3_transmorph_cohort_diffeo,origins,slsqp_windowed,m3_learned,"TransMorph-style SwinRegNet (diffeo, stage-0 features) (learned)",3x1x96x128,0,0,0.0,0.0,0,0,0.02908522209671638,0.02908522209671638,0.0,0.0023717000149190426,0.0,0.0,0.8041367145499337,0.8041367145499337,0.0,0.0,0.0,0.0,0.0,True,6,7,-2.495954760716568,16,17,-2.495954760716568,0,1,0.0016890966825258147,0,0,0.02908522209671638,6,7,-2.495954760716568,16,17,-2.495954760716568,0,1,0.0016890966825258147,0,0,0.02908522209671638,0.004720452771526168,0.548828125,0.004720452771526168,0.548828125,False,-1,-1,-1,-1,-1,-1,-1.0,-1.0,-1.0,-1.0,-1.0,-1.0,-1.0,-1.0,-1.0,,throughput,False,data\dvfs\results\origins_all_v3\origins\m3_transmorph_cohort_diffeo__slsqp_windowed.npz,5f005849dea6a8a53bc8e0f0fdf6f85913107c31b2f5ec5ed9b6de28abcd1104
m3_transmorph_cohort_direct__isqp_none,m3_transmorph_cohort_direct,origins,isqp_none,m3_learned,"TransMorph-style SwinRegNet (direct, stage-0 features) (learned)",3x1x96x128,123,0,9.361992872331044,0.0,21,0,-0.3571954948031739,0.023283304146255457,2.672044426196639,4.251234999999724,0.0087890625,0.0,0.9466871452276242,0.7488330234930001,0.322998046875,69.0184850338265,2.672044426196639,0.4353271903439744,0.01738938902338788,True,236,278,-0.2708068777465229,253,303,-0.29760529301762517,193,210,-0.5105847925015041,108,123,-0.3571954948031739,0,0,0.011000000000000024,0,0,0.010999999999996226,0,0,0.022000000000001657,0,0,0.023283304146255457,2.3323103928537166e-05,0.4894205729166667,0.007632718480602232,0.4894205729166667,True,0,11,0,0,1,36,-1.0,-1.0,-1.0,-1.0,-1.0,-1.0,-1.0,-1.0,-1.0,,throughput,False,data\dvfs\results\origins_all_recovered\origins\m3_transmorph_cohort_direct__isqp_none.npz,6da3afe99aea4b0c9646c278d8e2b8be5670012372f663a13f438139d2a64985
m3_transmorph_cohort_direct__isqp_l2,m3_transmorph_cohort_direct,origins,isqp_l2,m3_learned,"TransMorph-style SwinRegNet (direct, stage-0 features) (learned)",3x1x96x128,123,0,9.361992872331044,0.0,21,0,-0.3571954948031739,0.021999765496987782,2.5633098438562145,7.547131199997239,0.0087890625,0.0,0.9466871452276242,0.7514587519197901,0.3235677083333333,58.07316749482038,2.5633098438562145,0.3625947253579329,0.014605927438335106,True,236,278,-0.2708068777465229,253,303,-0.29760529301762517,193,210,-0.5105847925015041,108,123,-0.3571954948031739,0,0,0.010940196565124127,0,0,0.010940196565124127,0,0,0.021985728630628164,0,0,0.021999765496987782,2.3323103928537166e-05,0.4894205729166667,0.005756752683557298,0.4901529947916667,True,0,11,0,0,1,42,-1.0,-1.0,-1.0,-1.0,-1.0,-1.0,-1.0,-1.0,-1.0,,throughput,False,data\dvfs\results\origins_all_recovered\origins\m3_transmorph_cohort_direct__isqp_l2.npz,916fc4b9f2673bfcba13eca4f463231f9b04387fefc07149d5ee7575b472be59
m3_transmorph_cohort_direct__auto,m3_transmorph_cohort_direct,origins,auto,m3_learned,"TransMorph-style SwinRegNet (direct, stage-0 features) (learned)",3x1x96x128,123,0,9.361992872331044,0.0,21,0,-0.3571954948031739,0.023227232466378925,2.6258919237778904,10.994433399999252,0.0087890625,0.0,0.9466871452276242,0.7498032080420802,0.322998046875,62.574712683835216,2.6258919237778904,0.4258355150014692,0.01576586361396705,True,236,278,-0.2708068777465229,253,303,-0.29760529301762517,193,210,-0.5105847925015041,108,123,-0.3571954948031739,0,0,0.010998509898079885,0,0,0.010984532443436787,0,0,0.021998998781895984,0,0,0.023227232466378925,2.3323103928537166e-05,0.4894205729166667,0.006725780553398083,0.4895833333333333,True,0,11,0,0,1,67,-1.0,-1.0,-1.0,-1.0,-1.0,-1.0,-1.0,-1.0,-1.0,,throughput,False,data\dvfs\results\origins_all_recovered\origins\m3_transmorph_cohort_direct__auto.npz,b356576c170942b543c06dd9945986af8dc9eb9bdbcb777aa579ae0eb45f64a9
m3_transmorph_cohort_direct__slp,m3_transmorph_cohort_direct,origins,slp,m3_learned,"TransMorph-style SwinRegNet (direct, stage-0 features) (learned)",3x1x96x128,123,0,9.361992872331044,0.0,21,0,-0.3571954948031739,0.017238674394074643,2.940995935865501,9.03406239999822,0.0087890625,0.0,0.9466871452276242,0.7588547498565598,0.030436197916666668,42.82379334638148,2.940995935865501,0.5617540276390733,0.1145021212470093,True,236,278,-0.2708068777465229,253,303,-0.29760529301762517,193,210,-0.5105847925015041,108,123,-0.3571954948031739,0,0,0.010091416931152113,30,194,-0.08366349434931664,0,0,0.020185056060028576,0,0,0.017238674394074643,2.3323103928537166e-05,0.4894205729166667,0.00571414988971752,0.4899088541666667,False,-1,-1,-1,-1,-1,-1,-1.0,-1.0,-1.0,-1.0,-1.0,-1.0,-1.0,-1.0,-1.0,,throughput,False,data\dvfs\results\origins_all_recovered\origins\m3_transmorph_cohort_direct__slp.npz,a6ed035d054cda3ede87ec0146733915a39edb64508684308bd41304505db084
m3_transmorph_cohort_direct__barrier,m3_transmorph_cohort_direct,origins,barrier,m3_learned,"TransMorph-style SwinRegNet (direct, stage-0 features) (learned)",3x1x96x128,123,1,9.361992872331044,0.0004159102381106807,21,1,-0.3571954948031739,0.00958408976188932,2.4582953985871767,6.774051500000496,0.0087890625,0.0,0.9466871452276242,0.758328682388464,0.044921875,52.88962978302567,2.4582953985871767,0.32393176327515494,0.09581454670837983,True,236,278,-0.2708068777465229,253,303,-0.29760529301762517,193,210,-0.5105847925015041,108,123,-0.3571954948031739,0,0,0.010999985821615533,26,133,-0.05305441789503132,0,0,0.02199997566633723,0,1,0.00958408976188932,2.3323103928537166e-05,0.4894205729166667,0.005388165694620819,0.4899088541666667,False,-1,-1,-1,-1,-1,-1,-1.0,-1.0,-1.0,-1.0,-1.0,-1.0,-1.0,-1.0,-1.0,,throughput,False,data\dvfs\results\origins_all_recovered\origins\m3_transmorph_cohort_direct__barrier.npz,a1e16b1758b896591fc8b7a2b3b5296fa6f9acf534fb2a1c7e53cb6f582ce16c
m3_transmorph_cohort_direct__m14,m3_transmorph_cohort_direct,origins,m14,m3_learned,"TransMorph-style SwinRegNet (direct, stage-0 features) (learned)",3x1x96x128,123,0,9.361992872331044,0.0,21,0,-0.3571954948031739,0.010589049142995272,2.4589357332984285,7.205867100001342,0.0087890625,0.0,0.9466871452276242,0.7579992546524096,0.20100911458333334,52.9443734650164,2.4589357332984285,0.32445956622464656,0.02143496901417668,True,236,278,-0.2708068777465229,253,303,-0.29760529301762517,193,210,-0.5105847925015041,108,123,-0.3571954948031739,0,0,0.010999962661897204,26,136,-0.0530529187445835,0,0,0.021999925323796573,0,0,0.010589049142995272,2.3323103928537166e-05,0.4894205729166667,0.005387431507961913,0.4899088541666667,False,-1,-1,-1,-1,-1,-1,-1.0,-1.0,-1.0,-1.0,-1.0,-1.0,-1.0,-1.0,-1.0,,throughput,False,data\dvfs\results\origins_all_recovered\origins\m3_transmorph_cohort_direct__m14.npz,b5d152f7c865b32bafded04e727a3415c28770e6aa6c687790b9842200e56856
m3_transmorph_cohort_direct__slsqp_windowed,m3_transmorph_cohort_direct,origins,slsqp_windowed,m3_learned,"TransMorph-style SwinRegNet (direct, stage-0 features) (learned)",3x1x96x128,123,74,9.361992872331044,3.0311160217066924e-06,21,24,-0.3571954948031739,0.00999944164640374,1.7502919892705777,0.6482189999951515,0.0087890625,0.0,0.9466871452276242,0.8234666526182702,0.024495442708333332,27.575546978547457,1.7502919892705777,0.3175881735130799,0.09161311288553972,True,236,278,-0.2708068777465229,253,303,-0.29760529301762517,193,210,-0.5105847925015041,108,123,-0.3571954948031739,209,280,-0.2576833808560656,239,307,-0.28583180324042995,153,185,-0.46745144075329415,0,0,0.00999944164640374,2.3323103928537166e-05,0.4894205729166667,0.002267811912229112,0.4899088541666667,False,-1,-1,-1,-1,-1,-1,-1.0,-1.0,-1.0,-1.0,-1.0,-1.0,-1.0,-1.0,-1.0,,throughput,False,data\dvfs\results\origins_all_v3\origins\m3_transmorph_cohort_direct__slsqp_windowed.npz,7752bc36d52c29ded62593743b0d266b8e632ca1ba05562f0287ddc45f806948
m3_transmorph_ellipses_diffeo__isqp_none,m3_transmorph_ellipses_diffeo,origins,isqp_none,m3_learned,"TransMorph-style SwinRegNet (diffeo, stage-0 features) (learned)",3x1x64x64,0,0,0.0,0.0,0,0,0.8472199741518125,0.8472199741518125,0.0,0.0043994000006932765,0.0,0.0,0.004048048594251088,0.004048048594251088,0.0,0.0,0.0,0.0,0.0,True,0,0,0.3479199130088091,0,0,0.3479199130088091,0,0,0.9792612562887371,0,0,0.8472199741518125,0,0,0.3479199130088091,0,0,0.3479199130088091,0,0,0.9792612562887371,0,0,0.8472199741518125,0.43691363367497216,0.00146484375,0.43691363367497216,0.00146484375,True,0,0,0,0,0,0,-1.0,-1.0,-1.0,-1.0,-1.0,-1.0,-1.0,-1.0,-1.0,,throughput,False,data\dvfs\results\origins_all_recovered\origins\m3_transmorph_ellipses_diffeo__isqp_none.npz,cb860583bd70e75b3354ea85854c26cc4a8401370e1e48c50f345a9b46cd588c
m3_transmorph_ellipses_diffeo__isqp_l2,m3_transmorph_ellipses_diffeo,origins,isqp_l2,m3_learned,"TransMorph-style SwinRegNet (diffeo, stage-0 features) (learned)",3x1x64x64,0,0,0.0,0.0,0,0,0.8472199741518125,0.8472199741518125,0.0,0.0021641999992425554,0.0,0.0,0.004048048594251088,0.004048048594251088,0.0,0.0,0.0,0.0,0.0,True,0,0,0.3479199130088091,0,0,0.3479199130088091,0,0,0.9792612562887371,0,0,0.8472199741518125,0,0,0.3479199130088091,0,0,0.3479199130088091,0,0,0.9792612562887371,0,0,0.8472199741518125,0.43691363367497216,0.00146484375,0.43691363367497216,0.00146484375,True,0,0,0,0,0,0,-1.0,-1.0,-1.0,-1.0,-1.0,-1.0,-1.0,-1.0,-1.0,,throughput,False,data\dvfs\results\origins_all_recovered\origins\m3_transmorph_ellipses_diffeo__isqp_l2.npz,cb860583bd70e75b3354ea85854c26cc4a8401370e1e48c50f345a9b46cd588c
m3_transmorph_ellipses_diffeo__auto,m3_transmorph_ellipses_diffeo,origins,auto,m3_learned,"TransMorph-style SwinRegNet (diffeo, stage-0 features) (learned)",3x1x64x64,0,0,0.0,0.0,0,0,0.8472199741518125,0.8472199741518125,0.0,0.00436259999696631,0.0,0.0,0.004048048594251088,0.004048048594251088,0.0,0.0,0.0,0.0,0.0,True,0,0,0.3479199130088091,0,0,0.3479199130088091,0,0,0.9792612562887371,0,0,0.8472199741518125,0,0,0.3479199130088091,0,0,0.3479199130088091,0,0,0.9792612562887371,0,0,0.8472199741518125,0.43691363367497216,0.00146484375,0.43691363367497216,0.00146484375,True,0,0,0,0,0,0,-1.0,-1.0,-1.0,-1.0,-1.0,-1.0,-1.0,-1.0,-1.0,,throughput,False,data\dvfs\results\origins_all_recovered\origins\m3_transmorph_ellipses_diffeo__auto.npz,cb860583bd70e75b3354ea85854c26cc4a8401370e1e48c50f345a9b46cd588c
m3_transmorph_ellipses_diffeo__slp,m3_transmorph_ellipses_diffeo,origins,slp,m3_learned,"TransMorph-style SwinRegNet (diffeo, stage-0 features) (learned)",3x1x64x64,0,0,0.0,0.0,0,0,0.8472199741518125,0.8472199741518125,0.0,0.35045850000096834,0.0,0.0,0.004048048594251088,0.004048048594251088,0.0,0.0,0.0,0.0,0.0,True,0,0,0.3479199130088091,0,0,0.3479199130088091,0,0,0.9792612562887371,0,0,0.8472199741518125,0,0,0.3479199130088091,0,0,0.3479199130088091,0,0,0.9792612562887371,0,0,0.8472199741518125,0.43691363367497216,0.00146484375,0.43691363367497216,0.00146484375,True,-1,-1,-1,-1,-1,-1,-1.0,-1.0,-1.0,-1.0,-1.0,-1.0,-1.0,-1.0,-1.0,,throughput,False,data\dvfs\results\origins_all_recovered\origins\m3_transmorph_ellipses_diffeo__slp.npz,cb860583bd70e75b3354ea85854c26cc4a8401370e1e48c50f345a9b46cd588c
m3_transmorph_ellipses_diffeo__barrier,m3_transmorph_ellipses_diffeo,origins,barrier,m3_learned,"TransMorph-style SwinRegNet (diffeo, stage-0 features) (learned)",3x1x64x64,0,0,0.0,0.0,0,0,0.8472199741518125,0.8474638679781058,0.0032304352264434714,0.02532210000208579,0.0,0.0,0.004048048594251088,0.004043791712448348,1.0,0.052505826212964735,0.0032304352264434714,0.00021106394368075598,1.2818805227774593e-05,True,0,0,0.3479199130088091,0,0,0.3479199130088091,0,0,0.9792612562887371,0,0,0.8472199741518125,0,0,0.34812375677799073,0,0,0.34812375677799073,0,0,0.9792744519921395,0,0,0.8474638679781058,0.43691363367497216,0.00146484375,0.4371253250157443,0.00146484375,True,-1,-1,-1,-1,-1,-1,-1.0,-1.0,-1.0,-1.0,-1.0,-1.0,-1.0,-1.0,-1.0,,throughput,False,data\dvfs\results\origins_all_recovered\origins\m3_transmorph_ellipses_diffeo__barrier.npz,8db419e519fa51c0f49115dd3842a6ab456902beb31c8aa751ba786581b29153
m3_transmorph_ellipses_diffeo__m14,m3_transmorph_ellipses_diffeo,origins,m14,m3_learned,"TransMorph-style SwinRegNet (diffeo, stage-0 features) (learned)",3x1x64x64,0,0,0.0,0.0,0,0,0.8472199741518125,0.8472224202941953,3.230999902305906e-05,0.054277300001558615,0.0,0.0,0.004048048594251088,0.004048002289038325,0.44384765625,0.0005248944343634321,3.230999902305906e-05,2.1104259815274418e-06,2.8872081098098574e-07,True,0,0,0.3479199130088091,0,0,0.3479199130088091,0,0,0.9792612562887371,0,0,0.8472199741518125,0,0,0.34792196116220714,0,0,0.34792196116220714,0,0,0.979261380410184,0,0,0.8472224202941953,0.43691363367497216,0.00146484375,0.43691576455317466,0.00146484375,True,-1,-1,-1,-1,-1,-1,-1.0,-1.0,-1.0,-1.0,-1.0,-1.0,-1.0,-1.0,-1.0,,throughput,False,data\dvfs\results\origins_all_recovered\origins\m3_transmorph_ellipses_diffeo__m14.npz,b1b4a3003f4b1d33a1e494b99000d7bee93fa68ba88c2570878c2c1ce0f7f8f6
m3_transmorph_ellipses_diffeo__slsqp_windowed,m3_transmorph_ellipses_diffeo,origins,slsqp_windowed,m3_learned,"TransMorph-style SwinRegNet (diffeo, stage-0 features) (learned)",3x1x64x64,0,0,0.0,0.0,0,0,0.8472199741518125,0.8472199741518125,0.0,0.0021874000085517764,0.0,0.0,0.004048048594251088,0.004048048594251088,0.0,0.0,0.0,0.0,0.0,True,0,0,0.3479199130088091,0,0,0.3479199130088091,0,0,0.9792612562887371,0,0,0.8472199741518125,0,0,0.3479199130088091,0,0,0.3479199130088091,0,0,0.9792612562887371,0,0,0.8472199741518125,0.43691363367497216,0.00146484375,0.43691363367497216,0.00146484375,True,-1,-1,-1,-1,-1,-1,-1.0,-1.0,-1.0,-1.0,-1.0,-1.0,-1.0,-1.0,-1.0,,throughput,False,data\dvfs\results\origins_all_v3\origins\m3_transmorph_ellipses_diffeo__slsqp_windowed.npz,cb860583bd70e75b3354ea85854c26cc4a8401370e1e48c50f345a9b46cd588c
m3_transmorph_ellipses_direct__isqp_none,m3_transmorph_ellipses_direct,origins,isqp_none,m3_learned,"TransMorph-style SwinRegNet (direct, stage-0 features) (learned)",3x1x64x64,630,0,1198.6181507969711,0.0,5,0,-13.8484146516351,0.022012868252890325,249.35489528027244,19.182656100001623,0.15283203125,0.0,2.578938662264817,1.2970574122734166,0.7109375,9601.700718457883,249.35489528027244,16.210474454993673,3.297287334635262,True,680,692,-11.888999063871324,731,741,-11.888999063871324,631,637,-23.77799812774265,626,630,-13.8484146516351,0,0,0.010999999999999784,0,0,0.010999999999999784,0,0,0.02200016071210348,0,0,0.022012868252890325,7.816960603560431e-05,0.41259765625,0.001065305501580133,0.468017578125,True,0,1,0,0,1,10,-1.0,-1.0,-1.0,-1.0,-1.0,-1.0,-1.0,-1.0,-1.0,,throughput,False,data\dvfs\results\origins_all_recovered\origins\m3_transmorph_ellipses_direct__isqp_none.npz,79e41b21c7a9ae3b8c31414ff41a66f39a8d229290ae5d45432d0b07e1c3649b
m3_transmorph_ellipses_direct__isqp_l2,m3_transmorph_ellipses_direct,origins,isqp_l2,m3_learned,"TransMorph-style SwinRegNet (direct, stage-0 features) (learned)",3x1x64x64,630,0,1198.6181507969711,0.0,5,0,-13.8484146516351,0.022001248124934692,195.6953219196749,600.7465286000006,0.15283203125,0.0,2.578938662264817,1.5439528847142283,1.0,5730.506786109925,195.6953219196749,16.254188416400716,1.3990495083276184,True,680,692,-11.888999063871324,731,741,-11.888999063871324,631,637,-23.77799812774265,626,630,-13.8484146516351,0,0,0.010892706530428387,0,0,0.010892706530428387,0,0,0.02190025514421142,0,0,0.022001248124934692,7.816960603560431e-05,0.41259765625,0.0003107265395148943,0.455810546875,True,0,3,0,0,1,176,-1.0,-1.0,-1.0,-1.0,-1.0,-1.0,-1.0,-1.0,-1.0,,throughput,False,data\dvfs\results\origins_all_recovered\origins\m3_transmorph_ellipses_direct__isqp_l2.npz,bb64ca268715623bd6d7a75f788337167f9615e3ae398316d5995b468e246e15
m3_transmorph_ellipses_direct__auto,m3_transmorph_ellipses_direct,origins,auto,m3_learned,"TransMorph-style SwinRegNet (direct, stage-0 features) (learned)",3x1x64x64,630,0,1198.6181507969711,0.0,5,0,-13.8484146516351,0.022012868252890325,249.35489528027244,93.7434880999972,0.15283203125,0.0,2.578938662264817,1.2970574122734166,0.7109375,9601.700718457883,249.35489528027244,16.210474454993673,3.297287334635262,True,680,692,-11.888999063871324,731,741,-11.888999063871324,631,637,-23.77799812774265,626,630,-13.8484146516351,0,0,0.010999999999999784,0,0,0.010999999999999784,0,0,0.02200016071210348,0,0,0.022012868252890325,7.816960603560431e-05,0.41259765625,0.001065305501580133,0.468017578125,True,0,1,0,0,1,40,-1.0,-1.0,-1.0,-1.0,-1.0,-1.0,-1.0,-1.0,-1.0,,throughput,False,data\dvfs\results\origins_all_recovered\origins\m3_transmorph_ellipses_direct__auto.npz,79e41b21c7a9ae3b8c31414ff41a66f39a8d229290ae5d45432d0b07e1c3649b
m3_transmorph_ellipses_direct__slp,m3_transmorph_ellipses_direct,origins,slp,m3_learned,"TransMorph-style SwinRegNet (direct, stage-0 features) (learned)",3x1x64x64,630,160,1198.6181507969711,35.1106764027988,5,32,-13.8484146516351,-11.851033970147329,200.2733650438152,6.936387300000206,0.15283203125,0.02392578125,2.578938662264817,1.6639485398017901,0.590576171875,4723.596639807904,200.2733650438152,21.306947433737523,1.9527063413840031,False,680,692,-11.888999063871324,731,741,-11.888999063871324,631,637,-23.77799812774265,626,630,-13.8484146516351,90,181,-0.014136278972167913,399,566,-27.71662260117597,57,120,-0.010097434001587555,98,160,-11.851033970147329,7.816960603560431e-05,0.41259765625,3.67785232121029e-07,0.428466796875,False,-1,-1,-1,-1,-1,-1,-1.0,-1.0,-1.0,-1.0,-1.0,-1.0,-1.0,-1.0,-1.0,,throughput,False,data\dvfs\results\origins_all_recovered\origins\m3_transmorph_ellipses_direct__slp.npz,da0ff28ef697891ebc73c431b250271f425d53c7db0c831fa407da9c9b1e3e9d
m3_transmorph_ellipses_direct__barrier,m3_transmorph_ellipses_direct,origins,barrier,m3_learned,"TransMorph-style SwinRegNet (direct, stage-0 features) (learned)",3x1x64x64,630,312,1198.6181507969711,201.9389189144928,5,33,-13.8484146516351,-96.98597478922431,125.27998692357288,3.2186479000010877,0.15283203125,0.04736328125,2.578938662264817,1.9756417117076153,0.31396484375,3466.809789034738,125.27998692357288,28.05717845155598,2.6958085451281013,False,680,692,-11.888999063871324,731,741,-11.888999063871324,631,637,-23.77799812774265,626,630,-13.8484146516351,216,410,-0.01534250531990804,469,667,-209.47037895589742,160,281,-0.030685010639814242,194,312,-96.98597478922431,7.816960603560431e-05,0.41259765625,7.858011201616245e-08,0.43408203125,False,-1,-1,-1,-1,-1,-1,-1.0,-1.0,-1.0,-1.0,-1.0,-1.0,-1.0,-1.0,-1.0,,throughput,False,data\dvfs\results\origins_all_recovered\origins\m3_transmorph_ellipses_direct__barrier.npz,0208704d89bd23f1fa22ddb1ef2d92a87df985c7ed2d2dc35cb2d005c86e671b
m3_transmorph_ellipses_direct__m14,m3_transmorph_ellipses_direct,origins,m14,m3_learned,"TransMorph-style SwinRegNet (direct, stage-0 features) (learned)",3x1x64x64,630,0,1198.6181507969711,0.0,5,0,-13.8484146516351,0.22726472958549854,420.9424934273983,1.7507239000005939,0.15283203125,0.0,2.578938662264817,0.19519562028214826,0.776123046875,15061.665218171885,420.9424934273983,26.930488684441315,4.73786260401758,True,680,692,-11.888999063871324,731,741,-11.888999063871324,631,637,-23.77799812774265,626,630,-13.8484146516351,0,0,0.11026997471524028,0,0,0.10028700809444369,0,0,0.22053994943048064,0,0,0.22726472958549854,7.816960603560431e-05,0.41259765625,0.15493418362453365,0.08056640625,True,-1,-1,-1,-1,-1,-1,-1.0,-1.0,-1.0,-1.0,-1.0,-1.0,-1.0,-1.0,-1.0,,throughput,False,data\dvfs\results\origins_all_recovered\origins\m3_transmorph_ellipses_direct__m14.npz,4e58d7f0084535bf49337b45b76aaf15af8445edd5a57b5f0cf021985d50499b
m3_transmorph_ellipses_direct__slsqp_windowed,m3_transmorph_ellipses_direct,origins,slsqp_windowed,m3_learned,"TransMorph-style SwinRegNet (direct, stage-0 features) (learned)",3x1x64x64,630,607,1198.6181507969711,8.777648851758524e-07,5,69,-13.8484146516351,0.009999699544274182,94.90320543987349,5488.857968099997,0.15283203125,0.0,2.578938662264817,2.1084312501025075,0.31884765625,2889.1088106713346,94.90320543987349,14.18279478370693,2.212181325169475,True,680,692,-11.888999063871324,731,741,-11.888999063871324,631,637,-23.77799812774265,626,630,-13.8484146516351,875,895,-56.09390097225756,993,1008,-56.09390097225756,604,613,-112.18780194451517,0,0,0.009999699544274182,7.816960603560431e-05,0.41259765625,1.3793870288024036e-05,0.443359375,False,-1,-1,-1,-1,-1,-1,-1.0,-1.0,-1.0,-1.0,-1.0,-1.0,-1.0,-1.0,-1.0,,throughput,False,data\dvfs\results\origins_all_v3\origins\m3_transmorph_ellipses_direct__slsqp_windowed.npz,7773e9fe8bc206295593a40df75f553b47d34c5140878069e597fdc0242e93ec
m3_voxelmorph_cohort_diffeo__isqp_none,m3_voxelmorph_cohort_diffeo,origins,isqp_none,m3_learned,VoxelMorph VxmPairwise (diffeo) (learned),3x1x96x128,0,0,0.0,0.0,0,0,0.017310621944586657,0.022708094772232318,0.38514631268962307,0.21262420000130078,0.0,0.0,0.8696291145130913,0.8685272649072363,0.018961588541666668,3.6884512452330496,0.38514631268962307,0.10697556669017239,0.015830262855077465,True,1,10,-0.0015730419091468661,14,24,-0.15606636504311666,0,0,0.01691195055898831,0,0,0.017310621944586657,0,0,0.011003161670652925,0,0,0.01099999999999973,0,0,0.023031674788220956,0,0,0.022708094772232318,0.011094633623686167,0.71826171875,0.023545618039644254,0.7180989583333334,True,0,2,0,0,1,7,-1.0,-1.0,-1.0,-1.0,-1.0,-1.0,-1.0,-1.0,-1.0,,throughput,False,data\dvfs\results\origins_all_recovered\origins\m3_voxelmorph_cohort_diffeo__isqp_none.npz,b467072e28e37c1894e2d91b53692f574ebb11aca1f6a9737490186b86831caa
m3_voxelmorph_cohort_diffeo__isqp_l2,m3_voxelmorph_cohort_diffeo,origins,isqp_l2,m3_learned,VoxelMorph VxmPairwise (diffeo) (learned),3x1x96x128,0,0,0.0,0.0,0,0,0.017310621944586657,0.022592281299861124,0.3787295580677849,0.26647679999950924,0.0,0.0,0.8696291145130913,0.8685545420162496,0.012044270833333334,3.488479187494266,0.3787295580677849,0.10399424450065164,0.023570805320907204,True,1,10,-0.0015730419091468661,14,24,-0.15606636504311666,0,0,0.01691195055898831,0,0,0.017310621944586657,0,0,0.011000028334519508,0,0,0.010996629411355006,0,0,0.022383496020407904,0,0,0.022592281299861124,0.011094633623686167,0.71826171875,0.023517128870121366,0.7180989583333334,True,0,2,0,0,1,9,-1.0,-1.0,-1.0,-1.0,-1.0,-1.0,-1.0,-1.0,-1.0,,throughput,False,data\dvfs\results\origins_all_recovered\origins\m3_voxelmorph_cohort_diffeo__isqp_l2.npz,7ebe642301d5fe578567206354774ba4c62da0ae83d99b7cdbf3fe0036b0e31f
m3_voxelmorph_cohort_diffeo__auto,m3_voxelmorph_cohort_diffeo,origins,auto,m3_learned,VoxelMorph VxmPairwise (diffeo) (learned),3x1x96x128,0,0,0.0,0.0,0,0,0.017310621944586657,0.022702459914017096,0.37919704617034183,0.3397905999991053,0.0,0.0,0.8696291145130913,0.8685395498260867,0.018961588541666668,3.395857000579942,0.37919704617034183,0.10557463590131422,0.014574493564720781,True,1,10,-0.0015730419091468661,14,24,-0.15606636504311666,0,0,0.01691195055898831,0,0,0.017310621944586657,0,0,0.011001855078747602,0,0,0.010999751892695336,0,0,0.023216637645608582,0,0,0.022702459914017096,0.011094633623686167,0.71826171875,0.02357754456771439,0.7180989583333334,True,0,2,0,0,1,9,-1.0,-1.0,-1.0,-1.0,-1.0,-1.0,-1.0,-1.0,-1.0,,throughput,False,data\dvfs\results\origins_all_recovered\origins\m3_voxelmorph_cohort_diffeo__auto.npz,dba9e670d56a730d3b2532e8105a97ded76f2f3bd9d7631eeeb56b7dbfdfcd1c
m3_voxelmorph_cohort_diffeo__slp,m3_voxelmorph_cohort_diffeo,origins,slp,m3_learned,VoxelMorph VxmPairwise (diffeo) (learned),3x1x96x128,0,0,0.0,0.0,0,0,0.017310621944586657,0.020409341793844137,0.07121084249897454,0.961185199997999,0.0,0.0,0.8696291145130913,0.8694128896280688,0.0013834635416666667,0.27536679371548267,0.07121084249897454,0.030850903319523643,0.01619804668914604,True,1,10,-0.0015730419091468661,14,24,-0.15606636504311666,0,0,0.01691195055898831,0,0,0.017310621944586657,0,0,0.010095961675750928,14,22,-0.15606636504311666,0,0,0.020197528979479032,0,0,0.020409341793844137,0.011094633623686167,0.71826171875,0.012757981787287955,0.71826171875,False,-1,-1,-1,-1,-1,-1,-1.0,-1.0,-1.0,-1.0,-1.0,-1.0,-1.0,-1.0,-1.0,,throughput,False,data\dvfs\results\origins_all_recovered\origins\m3_voxelmorph_cohort_diffeo__slp.npz,47278d047925b62156d245011f1d20594eee947238c5392e6392889a2883640c
m3_voxelmorph_cohort_diffeo__barrier,m3_voxelmorph_cohort_diffeo,origins,barrier,m3_learned,VoxelMorph VxmPairwise (diffeo) (learned),3x1x96x128,0,0,0.0,0.0,0,0,0.017310621944586657,0.022025803057554215,0.09513942867736483,1.2503507000001264,0.0,0.0,0.8696291145130913,0.8693124838166256,0.00244140625,0.5790126115997246,0.09513942867736483,0.024759443093683012,0.019300420386657486,True,1,10,-0.0015730419091468661,14,24,-0.15606636504311666,0,0,0.01691195055898831,0,0,0.017310621944586657,0,0,0.01099999590082746,14,15,-0.1492680330013677,0,0,0.02200014198011249,0,0,0.022025803057554215,0.011094633623686167,0.71826171875,0.012244417573261333,0.7180989583333334,False,-1,-1,-1,-1,-1,-1,-1.0,-1.0,-1.0,-1.0,-1.0,-1.0,-1.0,-1.0,-1.0,,throughput,False,data\dvfs\results\origins_all_recovered\origins\m3_voxelmorph_cohort_diffeo__barrier.npz,b1e956b307042e612c7bdf3bb49be49c2e32a527f79a6d996fa610cb2aaf2736
m3_voxelmorph_cohort_diffeo__m14,m3_voxelmorph_cohort_diffeo,origins,m14,m3_learned,VoxelMorph VxmPairwise (diffeo) (learned),3x1x96x128,0,0,0.0,0.0,0,0,0.017310621944586657,0.022020420995719617,0.09513350912990533,7.883103299998766,0.0,0.0,0.8696291145130913,0.8693125192362826,0.00244140625,0.579227444606419,0.09513350912990533,0.024783409889744368,0.01930758148688063,True,1,10,-0.0015730419091468661,14,24,-0.15606636504311666,0,0,0.01691195055898831,0,0,0.017310621944586657,0,0,0.010999997160451368,14,15,-0.1492682713229223,0,0,0.021999999565480592,0,0,0.022020420995719617,0.011094633623686167,0.71826171875,0.012244446966892282,0.7180989583333334,False,-1,-1,-1,-1,-1,-1,-1.0,-1.0,-1.0,-1.0,-1.0,-1.0,-1.0,-1.0,-1.0,,throughput,False,data\dvfs\results\origins_all_recovered\origins\m3_voxelmorph_cohort_diffeo__m14.npz,ca87c3d16304e8f0df0f206811335402ff9c7cfddd1b263e64aec6edcf91fe19
m3_voxelmorph_cohort_diffeo__slsqp_windowed,m3_voxelmorph_cohort_diffeo,origins,slsqp_windowed,m3_learned,VoxelMorph VxmPairwise (diffeo) (learned),3x1x96x128,0,0,0.0,0.0,0,0,0.017310621944586657,0.017310621944586657,0.0,0.002193799999076873,0.0,0.0,0.8696291145130913,0.8696291145130913,0.0,0.0,0.0,0.0,0.0,True,1,10,-0.0015730419091468661,14,24,-0.15606636504311666,0,0,0.01691195055898831,0,0,0.017310621944586657,1,10,-0.0015730419091468661,14,24,-0.15606636504311666,0,0,0.01691195055898831,0,0,0.017310621944586657,0.011094633623686167,0.71826171875,0.011094633623686167,0.71826171875,False,-1,-1,-1,-1,-1,-1,-1.0,-1.0,-1.0,-1.0,-1.0,-1.0,-1.0,-1.0,-1.0,,throughput,False,data\dvfs\results\origins_all_v3\origins\m3_voxelmorph_cohort_diffeo__slsqp_windowed.npz,a74834520b4ab7313b447d733d6a06a8d0378cd636cfae076ca8cbf44c2f004b
m3_voxelmorph_cohort_direct__isqp_none,m3_voxelmorph_cohort_direct,origins,isqp_none,m3_learned,VoxelMorph VxmPairwise (direct) (learned),3x1x96x128,146,0,10.935526838579484,0.0,16,0,-0.27125171334063936,0.022730378768073652,2.616319397973758,4.33681290000095,0.01025390625,0.0,1.0265745883846398,0.8246569045948863,0.2847493489583333,59.85483821829561,2.616319397973758,0.4962932323678526,0.01710626985375696,True,218,256,-0.24407603269253997,231,277,-0.24407603269253997,164,180,-0.42557470105103334,126,146,-0.27125171334063936,0,0,0.01042356909748321,0,0,0.01042356909748321,0,0,0.02200000000000027,0,0,0.022730378768073652,0.0006474341013963034,0.6006673177083334,0.009608387616670386,0.60009765625,True,0,11,0,0,1,34,-1.0,-1.0,-1.0,-1.0,-1.0,-1.0,-1.0,-1.0,-1.0,,throughput,False,data\dvfs\results\origins_all_recovered\origins\m3_voxelmorph_cohort_direct__isqp_none.npz,7006772818d32057abe57797ef898c7a9769a233b4439dc14e018b34e83b3efd
m3_voxelmorph_cohort_direct__isqp_l2,m3_voxelmorph_cohort_direct,origins,isqp_l2,m3_learned,VoxelMorph VxmPairwise (direct) (learned),3x1x96x128,146,0,10.935526838579484,0.0,16,0,-0.27125171334063936,0.022025416683616163,2.5407344969667784,15.025181399996654,0.01025390625,0.0,1.0265745883846398,0.8277906825472011,0.269775390625,50.72626758477513,2.5407344969667784,0.4862923525286491,0.015302041503702905,True,218,256,-0.24407603269253997,231,277,-0.24407603269253997,164,180,-0.42557470105103334,126,146,-0.27125171334063936,0,0,0.01042356909748321,0,0,0.01042356909748321,0,0,0.02199304393854543,0,0,0.022025416683616163,0.0006474341013963034,0.6006673177083334,0.008814771655622337,0.6012369791666666,True,0,11,0,0,1,51,-1.0,-1.0,-1.0,-1.0,-1.0,-1.0,-1.0,-1.0,-1.0,,throughput,False,data\dvfs\results\origins_all_recovered\origins\m3_voxelmorph_cohort_direct__isqp_l2.npz,748f71cde084085f339825392502b78a2d2d3b53d445c13a2d4c91d31e2e7443
m3_voxelmorph_cohort_direct__auto,m3_voxelmorph_cohort_direct,origins,auto,m3_learned,VoxelMorph VxmPairwise (direct) (learned),3x1x96x128,146,0,10.935526838579484,0.0,16,0,-0.27125171334063936,0.022302752095978852,2.5714073035146843,7.471850300000369,0.01025390625,0.0,1.0265745883846398,0.8257764747579238,0.2847493489583333,55.7738257729434,2.5714073035146843,0.4917602080748149,0.015939933058857787,True,218,256,-0.24407603269253997,231,277,-0.24407603269253997,164,180,-0.42557470105103334,126,146,-0.27125171334063936,0,0,0.01042356909748321,0,0,0.01042356909748321,0,0,0.021998887108548623,0,0,0.022302752095978852,0.0006474341013963034,0.6006673177083334,0.009545669987856643,0.6005045572916666,True,0,11,0,0,1,48,-1.0,-1.0,-1.0,-1.0,-1.0,-1.0,-1.0,-1.0,-1.0,,throughput,False,data\dvfs\results\origins_all_recovered\origins\m3_voxelmorph_cohort_direct__auto.npz,d84d4c292c861368fc315db2057165e203f4959bf15bc6e8acb93c5eef69a3af
m3_voxelmorph_cohort_direct__slp,m3_voxelmorph_cohort_direct,origins,slp,m3_learned,VoxelMorph VxmPairwise (direct) (learned),3x1x96x128,146,0,10.935526838579484,0.0,16,0,-0.27125171334063936,0.018207196521304245,2.737112067743096,9.179367199998524,0.01025390625,0.0,1.0265745883846398,0.8317614835130482,0.0283203125,38.76553628825013,2.737112067743096,0.47126451013739157,0.11139521921910958,True,218,256,-0.24407603269253997,231,277,-0.24407603269253997,164,180,-0.42557470105103334,126,146,-0.27125171334063936,0,0,0.010095629185778901,15,122,-0.031007444405423634,0,0,0.020191416931152235,0,0,0.018207196521304245,0.0006474341013963034,0.6006673177083334,0.006750208868769467,0.6009114583333334,False,-1,-1,-1,-1,-1,-1,-1.0,-1.0,-1.0,-1.0,-1.0,-1.0,-1.0,-1.0,-1.0,,throughput,False,data\dvfs\results\origins_all_recovered\origins\m3_voxelmorph_cohort_direct__slp.npz,d714bb4e416db621da43882cefb68f913afadec2e018fb364c8873c5090d9dab
m3_voxelmorph_cohort_direct__barrier,m3_voxelmorph_cohort_direct,origins,barrier,m3_learned,VoxelMorph VxmPairwise (direct) (learned),3x1x96x128,146,0,10.935526838579484,0.0,16,0,-0.27125171334063936,0.019072583908607957,2.5139235897613172,9.0601127000009,0.01025390625,0.0,1.0265745883846398,0.8303802584142413,0.041748046875,47.63378277889031,2.5139235897613172,0.48719187584888934,0.09285337773662827,True,218,256,-0.24407603269253997,231,277,-0.24407603269253997,164,180,-0.42557470105103334,126,146,-0.27125171334063936,0,0,0.010999982751232335,10,69,-0.04080374187659419,0,0,0.021999978970916215,0,0,0.019072583908607957,0.0006474341013963034,0.6006673177083334,0.008891605070039643,0.6009928385416666,False,-1,-1,-1,-1,-1,-1,-1.0,-1.0,-1.0,-1.0,-1.0,-1.0,-1.0,-1.0,-1.0,,throughput,False,data\dvfs\results\origins_all_recovered\origins\m3_voxelmorph_cohort_direct__barrier.npz,30f3d729d62be355aaf4624b160e6381a146a07532b719fab740bd71b5f4c204
m3_voxelmorph_cohort_direct__m14,m3_voxelmorph_cohort_direct,origins,m14,m3_learned,VoxelMorph VxmPairwise (direct) (learned),3x1x96x128,146,0,10.935526838579484,0.0,16,0,-0.27125171334063936,0.0196643764682203,2.516367041332244,7.579693499999848,0.01025390625,0.0,1.0265745883846398,0.8295551134576675,0.143798828125,47.663896588506745,2.516367041332244,0.48558251242399986,0.026974474583195667,True,218,256,-0.24407603269253997,231,277,-0.24407603269253997,164,180,-0.42557470105103334,126,146,-0.27125171334063936,0,0,0.010999984238197726,10,59,-0.04080375208894005,0,0,0.021999972182035067,0,0,0.0196643764682203,0.0006474341013963034,0.6006673177083334,0.00880445833471471,0.6009928385416666,False,-1,-1,-1,-1,-1,-1,-1.0,-1.0,-1.0,-1.0,-1.0,-1.0,-1.0,-1.0,-1.0,,throughput,False,data\dvfs\results\origins_all_recovered\origins\m3_voxelmorph_cohort_direct__m14.npz,20ffcc76a3b274d287f0196f03980ee89afbc32bc0ab9d11da369d9e10633f1e
m3_voxelmorph_cohort_direct__slsqp_windowed,m3_voxelmorph_cohort_direct,origins,slsqp_windowed,m3_learned,VoxelMorph VxmPairwise (direct) (learned),3x1x96x128,146,80,10.935526838579484,4.7663787575494276e-07,16,31,-0.27125171334063936,0.00999992319406012,1.9639652281462545,0.8045623000070918,0.01025390625,0.0,1.0265745883846398,0.8968051102094012,0.02734375,32.1784861787782,1.9639652281462545,0.3898263521715295,0.09576930410350655,True,218,256,-0.24407603269253997,231,277,-0.24407603269253997,164,180,-0.42557470105103334,126,146,-0.27125171334063936,162,241,-0.10445312832686204,173,264,-0.10445312832686204,94,118,-0.18385192155502425,0,0,0.00999992319406012,0.0006474341013963034,0.6006673177083334,0.002706352114533278,0.600830078125,False,-1,-1,-1,-1,-1,-1,-1.0,-1.0,-1.0,-1.0,-1.0,-1.0,-1.0,-1.0,-1.0,,throughput,False,data\dvfs\results\origins_all_v3\origins\m3_voxelmorph_cohort_direct__slsqp_windowed.npz,dd2afe0fa92d49af45d011dc55af09fd177ccbd7a59ac1877b72f7c1415ff764
m3_voxelmorph_ellipses_diffeo__isqp_none,m3_voxelmorph_ellipses_diffeo,origins,isqp_none,m3_learned,VoxelMorph VxmPairwise (diffeo) (learned),3x1x64x64,578,0,5.508281754647806,0.0,35,0,-0.20379178106432594,0.022060875811485428,11.142186697980287,15.882105299999239,0.03125,0.0,2.293467790137794,1.5554468151399174,0.77880859375,388.9406236084526,11.142186697980287,1.1316364162522827,0.12192496037882526,True,415,952,-1.6159244181333179,594,1033,-2.6408395847107045,184,657,-1.057201074875536,128,578,-0.20379178106432594,0,0,0.011002324701316048,0,0,0.011002324701316048,0,0,0.022008800071674942,0,0,0.022060875811485428,3.656424541610656e-08,0.63720703125,0.0003336556816005884,0.6376953125,True,0,2,1,0,1,7,-1.0,-1.0,-1.0,-1.0,-1.0,-1.0,-1.0,-1.0,-1.0,,throughput,False,data\dvfs\results\origins_all_recovered\origins\m3_voxelmorph_ellipses_diffeo__isqp_none.npz,15015829a48ff7e49083959fe5846711e86534ff0957125c65197f2681deb286
m3_voxelmorph_ellipses_diffeo__isqp_l2,m3_voxelmorph_ellipses_diffeo,origins,isqp_l2,m3_learned,VoxelMorph VxmPairwise (diffeo) (learned),3x1x64x64,578,0,5.508281754647806,0.0,35,0,-0.20379178106432594,0.021992489629786532,9.981339178589312,36.404855799999496,0.03125,0.0,2.293467790137794,1.5697564436588933,0.753173828125,346.47336186736555,9.981339178589312,1.2081441627523197,0.1123090313994702,True,415,952,-1.6159244181333179,594,1033,-2.6408395847107045,184,657,-1.057201074875536,128,578,-0.20379178106432594,0,0,0.01092202110697176,0,0,0.010717284449661996,0,0,0.02186990844333729,0,0,0.021992489629786532,3.656424541610656e-08,0.63720703125,0.00031390831563971706,0.637451171875,True,0,2,1,0,1,12,-1.0,-1.0,-1.0,-1.0,-1.0,-1.0,-1.0,-1.0,-1.0,,throughput,False,data\dvfs\results\origins_all_recovered\origins\m3_voxelmorph_ellipses_diffeo__isqp_l2.npz,5d04fc4e76a2161edaff37d2010ab152a6245b73422fe4e63593cf85823b158d
m3_voxelmorph_ellipses_diffeo__auto,m3_voxelmorph_ellipses_diffeo,origins,auto,m3_learned,VoxelMorph VxmPairwise (diffeo) (learned),3x1x64x64,578,0,5.508281754647806,0.0,35,0,-0.20379178106432594,0.022060875811485428,11.142186697980287,16.59983799999827,0.03125,0.0,2.293467790137794,1.5554468151399174,0.77880859375,388.9406236084526,11.142186697980287,1.1316364162522827,0.12192496037882526,True,415,952,-1.6159244181333179,594,1033,-2.6408395847107045,184,657,-1.057201074875536,128,578,-0.20379178106432594,0,0,0.011002324701316048,0,0,0.011002324701316048,0,0,0.022008800071674942,0,0,0.022060875811485428,3.656424541610656e-08,0.63720703125,0.0003336556816005884,0.6376953125,True,0,2,1,0,1,7,-1.0,-1.0,-1.0,-1.0,-1.0,-1.0,-1.0,-1.0,-1.0,,throughput,False,data\dvfs\results\origins_all_recovered\origins\m3_voxelmorph_ellipses_diffeo__auto.npz,15015829a48ff7e49083959fe5846711e86534ff0957125c65197f2681deb286
m3_voxelmorph_ellipses_diffeo__slp,m3_voxelmorph_ellipses_diffeo,origins,slp,m3_learned,VoxelMorph VxmPairwise (diffeo) (learned),3x1x64x64,578,3,5.508281754647806,0.0594698368723967,35,3,-0.20379178106432594,-0.012110679952948233,9.846078434969797,20.12574500000119,0.03125,0.000732421875,2.293467790137794,1.6040730718023601,0.303955078125,227.3393342093054,9.846078434969797,2.58220687420736,0.18260187486691198,True,415,952,-1.6159244181333179,594,1033,-2.6408395847107045,184,657,-1.057201074875536,128,578,-0.20379178106432594,0,0,0.009992807057031705,176,703,-1.7641963609076932,0,0,0.01998674220026861,3,3,-0.012110679952948233,3.656424541610656e-08,0.63720703125,0.0003466652052569508,0.63720703125,False,-1,-1,-1,-1,-1,-1,-1.0,-1.0,-1.0,-1.0,-1.0,-1.0,-1.0,-1.0,-1.0,,throughput,False,data\dvfs\results\origins_all_recovered\origins\m3_voxelmorph_ellipses_diffeo__slp.npz,0e2b5209f1344858fa642b80300805fca657c6a153fb6ef522b70a3b0f2443ce
m3_voxelmorph_ellipses_diffeo__barrier,m3_voxelmorph_ellipses_diffeo,origins,barrier,m3_learned,VoxelMorph VxmPairwise (diffeo) (learned),3x1x64x64,578,3,5.508281754647806,0.05908901619635757,35,3,-0.20379178106432594,-0.027057769672266918,7.738251074059271,3.1009969000006095,0.03125,0.00048828125,2.293467790137794,1.5973164727197489,0.351318359375,263.92568252004344,7.738251074059271,0.9277653262472647,0.18340909139683353,True,415,952,-1.6159244181333179,594,1033,-2.6408395847107045,184,657,-1.057201074875536,128,578,-0.20379178106432594,0,0,0.010999854020844737,173,515,-1.9630872558092998,0,0,0.02199970804169015,2,3,-0.027057769672266918,3.656424541610656e-08,0.63720703125,0.00016320194718370552,0.63671875,False,-1,-1,-1,-1,-1,-1,-1.0,-1.0,-1.0,-1.0,-1.0,-1.0,-1.0,-1.0,-1.0,,throughput,False,data\dvfs\results\origins_all_recovered\origins\m3_voxelmorph_ellipses_diffeo__barrier.npz,653c2e49896690f700408dd605880330cc400a0e2d0bb4ce72dd22d5ca0401c3
m3_voxelmorph_ellipses_diffeo__m14,m3_voxelmorph_ellipses_diffeo,origins,m14,m3_learned,VoxelMorph VxmPairwise (diffeo) (learned),3x1x64x64,578,2,5.508281754647806,0.02716872494858731,35,2,-0.20379178106432594,-0.01178546800571878,8.456479104816136,4.622915700001613,0.03125,0.000244140625,2.293467790137794,1.5606987836115223,0.42578125,300.1336892921233,8.456479104816136,0.9237745058499609,0.17209500532805233,True,415,952,-1.6159244181333179,594,1033,-2.6408395847107045,184,657,-1.057201074875536,128,578,-0.20379178106432594,0,0,0.010999048566773788,172,521,-1.920701356923189,0,0,0.021998097133547112,1,2,-0.01178546800571878,3.656424541610656e-08,0.63720703125,0.0005031774534046967,0.63720703125,False,-1,-1,-1,-1,-1,-1,-1.0,-1.0,-1.0,-1.0,-1.0,-1.0,-1.0,-1.0,-1.0,,throughput,False,data\dvfs\results\origins_all_recovered\origins\m3_voxelmorph_ellipses_diffeo__m14.npz,dea1adc87476eb8fa8bdf5a5ab466afc5cdc0e7e87a603b9ea43d9f3bf0cc527
m3_voxelmorph_ellipses_diffeo__slsqp_windowed,m3_voxelmorph_ellipses_diffeo,origins,slsqp_windowed,m3_learned,VoxelMorph VxmPairwise (diffeo) (learned),3x1x64x64,578,353,5.508281754647806,2.2216224358426184e-08,35,71,-0.20379178106432594,0.00999999704868577,2.2355911953266596,1152.7710571000061,0.03125,0.0,2.293467790137794,1.8779859899489701,0.23828125,58.35835568759562,2.2355911953266596,0.2294691366134802,0.05979339722089715,True,415,952,-1.6159244181333179,594,1033,-2.6408395847107045,184,657,-1.057201074875536,128,578,-0.20379178106432594,308,997,-1.6159244181333179,504,1073,-2.6238837900382315,174,485,-1.057201074875536,0,0,0.00999999704868577,3.656424541610656e-08,0.63720703125,8.948419596576672e-05,0.63720703125,False,-1,-1,-1,-1,-1,-1,-1.0,-1.0,-1.0,-1.0,-1.0,-1.0,-1.0,-1.0,-1.0,,throughput,False,data\dvfs\results\origins_all_v3\origins\m3_voxelmorph_ellipses_diffeo__slsqp_windowed.npz,4442f043f4d86c2ebbbdbd09873d7cccddc038629856bb0ac59642fa0dc2d719
m3_voxelmorph_ellipses_direct__isqp_none,m3_voxelmorph_ellipses_direct,origins,isqp_none,m3_learned,VoxelMorph VxmPairwise (direct) (learned),3x1x64x64,800,0,535.5847116218579,0.0,4,0,-13.114521330402567,0.022023382544678265,302.13701545038924,37.34232930000144,0.18798828125,0.0,2.6141356969259584,1.364339410402388,0.789306640625,13550.450439539707,302.13701545038924,11.928414232057877,4.1912930527496775,True,850,904,-7.467173326481316,893,948,-7.467173326481316,790,814,-14.934346652962631,770,800,-13.114521330402567,0,0,0.011000000000000287,0,0,0.011000000000000287,0,0,0.021999999999999617,0,0,0.022023382544678265,8.153217050548434e-06,0.611083984375,0.0005859925869552765,0.62841796875,True,0,2,1,0,1,14,-1.0,-1.0,-1.0,-1.0,-1.0,-1.0,-1.0,-1.0,-1.0,,throughput,False,data\dvfs\results\origins_all_recovered\origins\m3_voxelmorph_ellipses_direct__isqp_none.npz,8a58d3fcfd77d8b671f0aad8294622c466a0641b988014c8878b64732819d5b7
m3_voxelmorph_ellipses_direct__isqp_l2,m3_voxelmorph_ellipses_direct,origins,isqp_l2,m3_learned,VoxelMorph VxmPairwise (direct) (learned),3x1x64x64,800,0,535.5847116218579,0.0,4,0,-13.114521330402567,0.022059132310052663,236.70612169032563,651.683669099999,0.18798828125,0.0,2.6141356969259584,1.4625689157760888,0.921875,9494.916276876123,236.70612169032563,14.20329646031729,2.5145435055286343,True,850,904,-7.467173326481316,893,948,-7.467173326481316,790,814,-14.934346652962631,770,800,-13.114521330402567,0,0,0.01100000000000052,0,0,0.01100000000000052,0,0,0.022000000000000953,0,0,0.022059132310052663,8.153217050548434e-06,0.611083984375,0.00022397449232478385,0.63916015625,True,0,16,1,9,2,345,-1.0,-1.0,-1.0,-1.0,-1.0,-1.0,-1.0,-1.0,-1.0,,throughput,False,data\dvfs\results\origins_all_recovered\origins\m3_voxelmorph_ellipses_direct__isqp_l2.npz,8172dfb0adfb15d711e451719ed219c447c353500055354c1bf648a9405e688e
m3_voxelmorph_ellipses_direct__auto,m3_voxelmorph_ellipses_direct,origins,auto,m3_learned,VoxelMorph VxmPairwise (direct) (learned),3x1x64x64,800,0,535.5847116218579,0.0,4,0,-13.114521330402567,0.022059132310052663,236.70612169032563,651.4623573999997,0.18798828125,0.0,2.6141356969259584,1.4625689157760888,0.921875,9494.916276876123,236.70612169032563,14.20329646031729,2.5145435055286343,True,850,904,-7.467173326481316,893,948,-7.467173326481316,790,814,-14.934346652962631,770,800,-13.114521330402567,0,0,0.01100000000000052,0,0,0.01100000000000052,0,0,0.022000000000000953,0,0,0.022059132310052663,8.153217050548434e-06,0.611083984375,0.00022397449232478385,0.63916015625,True,0,16,1,9,2,345,-1.0,-1.0,-1.0,-1.0,-1.0,-1.0,-1.0,-1.0,-1.0,,throughput,False,data\dvfs\results\origins_all_recovered\origins\m3_voxelmorph_ellipses_direct__auto.npz,8172dfb0adfb15d711e451719ed219c447c353500055354c1bf648a9405e688e
m3_voxelmorph_ellipses_direct__slp,m3_voxelmorph_ellipses_direct,origins,slp,m3_learned,VoxelMorph VxmPairwise (direct) (learned),3x1x64x64,800,66,535.5847116218579,64.46955259042977,4,42,-13.114521330402567,-17.884491200302264,172.199093259879,14.53317700000116,0.18798828125,0.013916015625,2.6141356969259584,1.298643851142486,0.499755859375,6682.731650392614,172.199093259879,17.300275761077017,3.264646629405283,True,850,904,-7.467173326481316,893,948,-7.467173326481316,790,814,-14.934346652962631,770,800,-13.114521330402567,0,0,0.009993218882641361,368,505,-50.726232082143085,0,0,0.019986925373598613,57,66,-17.884491200302264,8.153217050548434e-06,0.611083984375,1.6128485775394354e-06,0.5908203125,False,-1,-1,-1,-1,-1,-1,-1.0,-1.0,-1.0,-1.0,-1.0,-1.0,-1.0,-1.0,-1.0,,throughput,False,data\dvfs\results\origins_all_recovered\origins\m3_voxelmorph_ellipses_direct__slp.npz,c4ba778d9c6ab9a3b4a57dd4ff6c87d261ff88231e44ac06cb0c57b2878bda7a
m3_voxelmorph_ellipses_direct__barrier,m3_voxelmorph_ellipses_direct,origins,barrier,m3_learned,VoxelMorph VxmPairwise (direct) (learned),3x1x64x64,800,529,535.5847116218579,141.7149310437373,4,28,-13.114521330402567,-15.02973313284055,104.13638138369421,3.079391299997951,0.18798828125,0.05712890625,2.6141356969259584,2.1667084587341887,0.435546875,3669.230867940939,104.13638138369421,9.871330708636924,2.05674376005658,False,850,904,-7.467173326481316,893,948,-7.467173326481316,790,814,-14.934346652962631,770,800,-13.114521330402567,311,615,-0.021985536704627523,626,1019,-32.02511202804812,208,500,-0.02884593649868803,234,529,-15.02973313284055,8.153217050548434e-06,0.611083984375,5.576460544465191e-08,0.621337890625,False,-1,-1,-1,-1,-1,-1,-1.0,-1.0,-1.0,-1.0,-1.0,-1.0,-1.0,-1.0,-1.0,,throughput,False,data\dvfs\results\origins_all_recovered\origins\m3_voxelmorph_ellipses_direct__barrier.npz,ba9fed52b980a5f9f7611607550cc8167df3601726258db25c3c728c19182ba5
m3_voxelmorph_ellipses_direct__m14,m3_voxelmorph_ellipses_direct,origins,m14,m3_learned,VoxelMorph VxmPairwise (direct) (learned),3x1x64x64,800,600,535.5847116218579,104.47887119389496,4,16,-13.114521330402567,-16.918537882850327,104.71285426621483,11.644731700002012,0.18798828125,0.072021484375,2.6141356969259584,2.289636117181474,0.992431640625,3787.699771763574,104.71285426621483,9.673277269918103,0.931783461688456,False,850,904,-7.467173326481316,893,948,-7.467173326481316,790,814,-14.934346652962631,770,800,-13.114521330402567,382,702,-0.022028525454605978,620,986,-33.884943099782085,267,573,-0.022094988173065655,295,600,-16.918537882850327,8.153217050548434e-06,0.611083984375,2.6578358695969462e-06,0.6220703125,False,-1,-1,-1,-1,-1,-1,-1.0,-1.0,-1.0,-1.0,-1.0,-1.0,-1.0,-1.0,-1.0,,throughput,False,data\dvfs\results\origins_all_recovered\origins\m3_voxelmorph_ellipses_direct__m14.npz,7dbd6b42b8e59efb5edf44180f71d1c2bde0b48c38af10fd2cfc74b7746a8e13
m3_voxelmorph_ellipses_direct__slsqp_windowed,m3_voxelmorph_ellipses_direct,origins,slsqp_windowed,m3_learned,VoxelMorph VxmPairwise (direct) (learned),,-1,-1,-1,-1,-1,-1,-1,-1,-1,-1,-1,-1,-1,-1,-1,-1,-1,-1,-1,False,-1,-1,-1,-1,-1,-1,-1,-1,-1,-1,-1,-1,-1,-1,-1,-1,-1,-1,-1,-1,-1,-1,-1,-1,-1,-1,-1,-1,False,-1,-1,-1,-1,-1,-1,-1,-1,-1,-1,-1,-1,-1,-1,-1,WatchdogTimeout: no result within 21600 s (isolated run),throughput,True,,
m4_ants_cohort_B0039_z264__isqp_none,m4_ants_cohort_B0039_z264,origins,isqp_none,m4_diffeomorphic,ANTs SyN (RegTools) (real),3x1x320x456,0,0,0.0,0.0,0,0,0.5822477806709803,0.5822477806709803,0.0,0.33214760000191745,0.0,0.0,0.14057980244088739,0.14057980244088739,0.0,0.0,0.0,0.0,0.0,True,0,0,0.2904967628528573,0,0,0.2904967628528573,0,0,0.5831656867061472,0,0,0.5822477806709803,0,0,0.2904967628528573,0,0,0.2904967628528573,0,0,0.5831656867061472,0,0,0.5822477806709803,3.0,0.0,3.0,0.0,True,0,0,0,0,0,0,-1.0,-1.0,-1.0,-1.0,-1.0,-1.0,-1.0,-1.0,-1.0,,throughput,False,data\dvfs\results\origins_all_recovered\origins\m4_ants_cohort_B0039_z264__isqp_none.npz,652895ab628c1350c1d7a8a5962f47350e10d9dc81b8576c44f6b4648596078e
m4_ants_cohort_B0039_z264__isqp_l2,m4_ants_cohort_B0039_z264,origins,isqp_l2,m4_diffeomorphic,ANTs SyN (RegTools) (real),3x1x320x456,0,0,0.0,0.0,0,0,0.5822477806709803,0.5822477806709803,0.0,0.3408964999980526,0.0,0.0,0.14057980244088739,0.14057980244088739,0.0,0.0,0.0,0.0,0.0,True,0,0,0.2904967628528573,0,0,0.2904967628528573,0,0,0.5831656867061472,0,0,0.5822477806709803,0,0,0.2904967628528573,0,0,0.2904967628528573,0,0,0.5831656867061472,0,0,0.5822477806709803,3.0,0.0,3.0,0.0,True,0,0,0,0,0,0,-1.0,-1.0,-1.0,-1.0,-1.0,-1.0,-1.0,-1.0,-1.0,,throughput,False,data\dvfs\results\origins_all_recovered\origins\m4_ants_cohort_B0039_z264__isqp_l2.npz,652895ab628c1350c1d7a8a5962f47350e10d9dc81b8576c44f6b4648596078e
m4_ants_cohort_B0039_z264__auto,m4_ants_cohort_B0039_z264,origins,auto,m4_diffeomorphic,ANTs SyN (RegTools) (real),3x1x320x456,0,0,0.0,0.0,0,0,0.5822477806709803,0.5822477806709803,0.0,0.4391535999966436,0.0,0.0,0.14057980244088739,0.14057980244088739,0.0,0.0,0.0,0.0,0.0,True,0,0,0.2904967628528573,0,0,0.2904967628528573,0,0,0.5831656867061472,0,0,0.5822477806709803,0,0,0.2904967628528573,0,0,0.2904967628528573,0,0,0.5831656867061472,0,0,0.5822477806709803,3.0,0.0,3.0,0.0,True,0,0,0,0,0,0,-1.0,-1.0,-1.0,-1.0,-1.0,-1.0,-1.0,-1.0,-1.0,,throughput,False,data\dvfs\results\origins_all_recovered\origins\m4_ants_cohort_B0039_z264__auto.npz,652895ab628c1350c1d7a8a5962f47350e10d9dc81b8576c44f6b4648596078e
m4_ants_cohort_B0039_z264__slp,m4_ants_cohort_B0039_z264,origins,slp,m4_diffeomorphic,ANTs SyN (RegTools) (real),3x1x320x456,0,0,0.0,0.0,0,0,0.5822477806709803,0.5822477806709803,0.0,0.08010840000133612,0.0,0.0,0.14057980244088739,0.14057980244088739,0.0,0.0,0.0,0.0,0.0,True,0,0,0.2904967628528573,0,0,0.2904967628528573,0,0,0.5831656867061472,0,0,0.5822477806709803,0,0,0.2904967628528573,0,0,0.2904967628528573,0,0,0.5831656867061472,0,0,0.5822477806709803,3.0,0.0,3.0,0.0,True,-1,-1,-1,-1,-1,-1,-1.0,-1.0,-1.0,-1.0,-1.0,-1.0,-1.0,-1.0,-1.0,,throughput,False,data\dvfs\results\origins_all_recovered\origins\m4_ants_cohort_B0039_z264__slp.npz,652895ab628c1350c1d7a8a5962f47350e10d9dc81b8576c44f6b4648596078e
m4_ants_cohort_B0039_z264__barrier,m4_ants_cohort_B0039_z264,origins,barrier,m4_diffeomorphic,ANTs SyN (RegTools) (real),3x1x320x456,0,0,0.0,0.0,0,0,0.5822477806709803,0.582249236057836,0.008163009929579152,1.9793379999973695,0.0,0.0,0.14057980244088739,0.14057948033969117,1.0,0.9053626128496004,0.008163009929579152,0.00021311575793676483,6.204513520076757e-06,True,0,0,0.2904967628528573,0,0,0.2904967628528573,0,0,0.5831656867061472,0,0,0.5822477806709803,0,0,0.29049781480627535,0,0,0.29049781480627535,0,0,0.5831670310147673,0,0,0.582249236057836,3.0,0.0,3.0,0.0,True,-1,-1,-1,-1,-1,-1,-1.0,-1.0,-1.0,-1.0,-1.0,-1.0,-1.0,-1.0,-1.0,,throughput,False,data\dvfs\results\origins_all_recovered\origins\m4_ants_cohort_B0039_z264__barrier.npz,3f4e2beb1c71561887b9e02136e9eb701d1e09105a37d82a119d636626b225be
m4_ants_cohort_B0039_z264__m14,m4_ants_cohort_B0039_z264,origins,m14,m4_diffeomorphic,ANTs SyN (RegTools) (real),3x1x320x456,0,0,0.0,0.0,0,0,0.5822477806709803,0.5822477951946227,8.164543639699262e-05,5.476510699998471,0.0,0.0,0.14057980244088739,0.1405797992118528,0.9892406798245614,0.009042789025111133,8.164543639699262e-05,2.1318692680545343e-06,6.264488413655097e-08,True,0,0,0.2904967628528573,0,0,0.2904967628528573,0,0,0.5831656867061472,0,0,0.5822477806709803,0,0,0.2904967733790552,0,0,0.2904967733790552,0,0,0.5831657001335162,0,0,0.5822477951946227,3.0,0.0,3.0,0.0,True,-1,-1,-1,-1,-1,-1,-1.0,-1.0,-1.0,-1.0,-1.0,-1.0,-1.0,-1.0,-1.0,,throughput,False,data\dvfs\results\origins_all_recovered\origins\m4_ants_cohort_B0039_z264__m14.npz,b1fe27761f46b708e5a44aefb0e758b15942be95ce61432c566586e39f9be450
m4_ants_cohort_B0039_z264__slsqp_windowed,m4_ants_cohort_B0039_z264,origins,slsqp_windowed,m4_diffeomorphic,ANTs SyN (RegTools) (real),3x1x320x456,0,0,0.0,0.0,0,0,0.5822477806709803,0.5822477806709803,0.0,0.02388059999793768,0.0,0.0,0.14057980244088739,0.14057980244088739,0.0,0.0,0.0,0.0,0.0,True,0,0,0.2904967628528573,0,0,0.2904967628528573,0,0,0.5831656867061472,0,0,0.5822477806709803,0,0,0.2904967628528573,0,0,0.2904967628528573,0,0,0.5831656867061472,0,0,0.5822477806709803,3.0,0.0,3.0,0.0,True,-1,-1,-1,-1,-1,-1,-1.0,-1.0,-1.0,-1.0,-1.0,-1.0,-1.0,-1.0,-1.0,,throughput,False,data\dvfs\results\origins_all_v3\origins\m4_ants_cohort_B0039_z264__slsqp_windowed.npz,652895ab628c1350c1d7a8a5962f47350e10d9dc81b8576c44f6b4648596078e
m4_svf_synthetic_coarse_steps__isqp_none,m4_svf_synthetic_coarse_steps,origins,isqp_none,m4_diffeomorphic,SVF scaling-and-squaring (numpy) (synthetic),3x1x256x256,642,0,54.53100234173091,0.0,18,0,-0.5567492964898796,0.022012886208227982,18.123940075601325,9.39739439999903,0.006622314453125,0.0,1.1733217335125836,1.0332874462384416,0.1219635009765625,1075.0811624398564,18.123940075601325,1.265359345133536,0.13450283528585716,True,775,1273,-0.30369670384305686,963,1489,-0.3050509712726829,618,833,-0.6073934076861374,434,642,-0.5567492964898796,0,0,0.010996205068768361,0,0,0.010996205068768361,0,0,0.021992410137550295,0,0,0.022012886208227982,2.091918834786822e-06,0.6805419921875,0.008838749945085345,0.682647705078125,True,0,29,0,0,1,117,-1.0,-1.0,-1.0,-1.0,-1.0,-1.0,-1.0,-1.0,-1.0,,throughput,False,data\dvfs\results\origins_all_recovered\origins\m4_svf_synthetic_coarse_steps__isqp_none.npz,3c2b17996bc67c67b9506d376388a0760bb4f8a5edf9b9f705b76015e4e7b03f
m4_svf_synthetic_coarse_steps__isqp_l2,m4_svf_synthetic_coarse_steps,origins,isqp_l2,m4_diffeomorphic,SVF scaling-and-squaring (numpy) (synthetic),3x1x256x256,642,0,54.53100234173091,0.0,18,0,-0.5567492964898796,0.02200003912658626,17.86880214397263,14.010964799999783,0.006622314453125,0.0,1.1733217335125836,1.034953364222012,0.1233978271484375,1033.7526871413436,17.86880214397263,1.2238366375782004,0.12782894610378925,True,775,1273,-0.30369670384305686,963,1489,-0.3050509712726829,618,833,-0.6073934076861374,434,642,-0.5567492964898796,0,0,0.010971223189705226,0,0,0.010971223189705226,0,0,0.021942446379368263,0,0,0.02200003912658626,2.091918834786822e-06,0.6805419921875,0.007528245318223851,0.682373046875,True,0,28,0,0,1,132,-1.0,-1.0,-1.0,-1.0,-1.0,-1.0,-1.0,-1.0,-1.0,,throughput,False,data\dvfs\results\origins_all_recovered\origins\m4_svf_synthetic_coarse_steps__isqp_l2.npz,db17b323735cc0aea703f2a3c710f8bb0a3c6e3a4b357a98816442856fa85e71
m4_svf_synthetic_coarse_steps__auto,m4_svf_synthetic_coarse_steps,origins,auto,m4_diffeomorphic,SVF scaling-and-squaring (numpy) (synthetic),3x1x256x256,642,0,54.53100234173091,0.0,18,0,-0.5567492964898796,0.02201562338111182,17.92794771941789,15.593337999998766,0.006622314453125,0.0,1.1733217335125836,1.034249571694044,0.12359619140625,1048.503086542896,17.92794771941789,1.2335406826712454,0.12944482549912295,True,775,1273,-0.30369670384305686,963,1489,-0.3050509712726829,618,833,-0.6073934076861374,434,642,-0.5567492964898796,0,0,0.010977297078193296,0,0,0.010977297078193296,0,0,0.021954594156381624,0,0,0.02201562338111182,2.091918834786822e-06,0.6805419921875,0.008117093758261779,0.682403564453125,True,0,28,0,0,1,175,-1.0,-1.0,-1.0,-1.0,-1.0,-1.0,-1.0,-1.0,-1.0,,throughput,False,data\dvfs\results\origins_all_recovered\origins\m4_svf_synthetic_coarse_steps__auto.npz,1c025c42ef7bb5207e4c6ee54efb8491649084604ad27f3009a4860850a3cf7d
m4_svf_synthetic_coarse_steps__slp,m4_svf_synthetic_coarse_steps,origins,slp,m4_diffeomorphic,SVF scaling-and-squaring (numpy) (synthetic),3x1x256x256,642,2,54.53100234173091,0.005239334995953592,18,1,-0.5567492964898796,0.0066547748877785196,10.331662819225691,190.4550832999994,0.006622314453125,0.0,1.1733217335125836,1.0549757887356512,0.0379486083984375,232.64483144095817,10.331662819225691,1.3693327611295025,0.09354436326536315,True,775,1273,-0.30369670384305686,963,1489,-0.3050509712726829,618,833,-0.6073934076861374,434,642,-0.5567492964898796,0,0,0.010999516797607417,292,776,-0.1652695503380704,0,0,0.02199903359519845,0,2,0.0066547748877785196,2.091918834786822e-06,0.6805419921875,0.004773807820569953,0.68096923828125,False,-1,-1,-1,-1,-1,-1,-1.0,-1.0,-1.0,-1.0,-1.0,-1.0,-1.0,-1.0,-1.0,,throughput,False,data\dvfs\results\origins_all_recovered\origins\m4_svf_synthetic_coarse_steps__slp.npz,cfd64896565eec1a8da84b3d3538fc88acd557101de1a0c41735b826df1b8947
m4_svf_synthetic_coarse_steps__barrier,m4_svf_synthetic_coarse_steps,origins,barrier,m4_diffeomorphic,SVF scaling-and-squaring (numpy) (synthetic),3x1x256x256,642,2,54.53100234173091,0.00854616192370945,18,1,-0.5567492964898796,0.0046282553987966185,9.442947570170093,92.33698039999945,0.006622314453125,0.0,1.1733217335125836,1.05746612030894,0.0379791259765625,277.6191005677949,9.442947570170093,1.250765863033111,0.11153840922771992,True,775,1273,-0.30369670384305686,963,1489,-0.3050509712726829,618,833,-0.6073934076861374,434,642,-0.5567492964898796,0,0,0.010999965426714182,285,750,-0.1553892542716182,0,0,0.02199993085342551,0,2,0.0046282553987966185,2.091918834786822e-06,0.6805419921875,0.00504864424251416,0.680938720703125,False,-1,-1,-1,-1,-1,-1,-1.0,-1.0,-1.0,-1.0,-1.0,-1.0,-1.0,-1.0,-1.0,,throughput,False,data\dvfs\results\origins_all_recovered\origins\m4_svf_synthetic_coarse_steps__barrier.npz,e3b7bb064da50b4290b0088f44e7a690ff85ec8820cad8cc8d809d799fb410ec
m4_svf_synthetic_coarse_steps__m14,m4_svf_synthetic_coarse_steps,origins,m14,m4_diffeomorphic,SVF scaling-and-squaring (numpy) (synthetic),3x1x256x256,642,2,54.53100234173091,0.008491030431810525,18,1,-0.5567492964898796,0.0048621038431948815,9.476272965641185,149.64521660000173,0.006622314453125,0.0,1.1733217335125836,1.0562604633274393,0.21160888671875,279.8666493016606,9.476272965641185,1.2467881769355351,0.020180750598619887,True,775,1273,-0.30369670384305686,963,1489,-0.3050509712726829,618,833,-0.6073934076861374,434,642,-0.5567492964898796,0,0,0.010999916045690797,272,755,-0.1536749171719488,0,0,0.02199989254121988,0,2,0.0048621038431948815,2.091918834786822e-06,0.6805419921875,0.005493578728268501,0.680938720703125,False,-1,-1,-1,-1,-1,-1,-1.0,-1.0,-1.0,-1.0,-1.0,-1.0,-1.0,-1.0,-1.0,,throughput,False,data\dvfs\results\origins_all_recovered\origins\m4_svf_synthetic_coarse_steps__m14.npz,0ab588394d609115149028f5f5b08de6417c0073dbb2595648a640898b367539
m4_svf_synthetic_coarse_steps__slsqp_windowed,m4_svf_synthetic_coarse_steps,origins,slsqp_windowed,m4_diffeomorphic,SVF scaling-and-squaring (numpy) (synthetic),3x1x256x256,642,472,54.53100234173091,2.1281027843458172e-06,18,77,-0.5567492964898796,0.009999723747137756,7.954837143186438,2.8394200000038836,0.006622314453125,0.0,1.1733217335125836,1.1059468843374545,0.0186004638671875,170.16301158799922,7.954837143186438,1.1674755502865573,0.1395922982674317,True,775,1273,-0.30369670384305686,963,1489,-0.3050509712726829,618,833,-0.6073934076861374,434,642,-0.5567492964898796,578,1395,-0.34191216880287034,888,1622,-0.34191216880287034,413,702,-0.6838243376057359,0,0,0.009999723747137756,2.091918834786822e-06,0.6805419921875,0.0013058815989959523,0.6808929443359375,False,-1,-1,-1,-1,-1,-1,-1.0,-1.0,-1.0,-1.0,-1.0,-1.0,-1.0,-1.0,-1.0,,throughput,False,data\dvfs\results\origins_all_v3\origins\m4_svf_synthetic_coarse_steps__slsqp_windowed.npz,10012ff942790f50e7cbcee1407ae9ca9e54a338ce22564fbb357b8e6fb35d2e
m4_svf_synthetic_decimated__isqp_none,m4_svf_synthetic_decimated,origins,isqp_none,m4_diffeomorphic,SVF scaling-and-squaring (numpy) (synthetic),3x1x128x128,0,0,0.0,0.0,0,0,0.0587991654824541,0.0587991654824541,1.964965883592033,0.909816100000171,0.0,0.0,0.7803226898406035,0.7804328275516879,0.07086181640625,27.597155574334494,1.964965883592033,0.4314058498228306,0.02377015984008139,True,40,41,-0.8592053720004351,71,75,-0.8592053720004351,20,20,-0.6319121792983369,0,0,0.0587991654824541,0,0,0.010999684561951772,0,0,0.010999684561951772,0,0,0.021999369123898438,0,0,0.0587991654824541,0.015025180635162923,0.97467041015625,0.013798990314831311,0.97467041015625,True,0,12,0,0,1,40,-1.0,-1.0,-1.0,-1.0,-1.0,-1.0,-1.0,-1.0,-1.0,,throughput,False,data\dvfs\results\origins_all_recovered\origins\m4_svf_synthetic_decimated__isqp_none.npz,3ef860d157c1ceb799fec6fc9247bdb665e9a35a037f00aa8b32183088e3bf2d
m4_svf_synthetic_decimated__isqp_l2,m4_svf_synthetic_decimated,origins,isqp_l2,m4_diffeomorphic,SVF scaling-and-squaring (numpy) (synthetic),3x1x128x128,0,0,0.0,0.0,0,0,0.0587991654824541,0.0587991654824541,1.9239028095595923,0.9352799000007508,0.0,0.0,0.7803226898406035,0.7804408151170511,0.02972412109375,25.700594545793244,1.9239028095595923,0.38512830031708845,0.052773294755222265,True,40,41,-0.8592053720004351,71,75,-0.8592053720004351,20,20,-0.6319121792983369,0,0,0.0587991654824541,0,0,0.010999996802044443,0,0,0.010999790627725492,0,0,0.02199999922183138,0,0,0.0587991654824541,0.015025180635162923,0.97467041015625,0.013785617875754334,0.97467041015625,True,0,12,0,0,1,40,-1.0,-1.0,-1.0,-1.0,-1.0,-1.0,-1.0,-1.0,-1.0,,throughput,False,data\dvfs\results\origins_all_recovered\origins\m4_svf_synthetic_decimated__isqp_l2.npz,ea67495d0b12f1d353110b3054e2872dbf12f764d00724b386bea1d0cd5cbf61
m4_svf_synthetic_decimated__auto,m4_svf_synthetic_decimated,origins,auto,m4_diffeomorphic,SVF scaling-and-squaring (numpy) (synthetic),3x1x128x128,0,0,0.0,0.0,0,0,0.0587991654824541,0.0587991654824541,1.928196460409352,1.141200400001253,0.0,0.0,0.7803226898406035,0.7804389664541875,0.07086181640625,26.287861192301396,1.928196460409352,0.3985399044341258,0.022642429967529194,True,40,41,-0.8592053720004351,71,75,-0.8592053720004351,20,20,-0.6319121792983369,0,0,0.0587991654824541,0,0,0.01099994602211396,0,0,0.010991264142317547,0,0,0.02200000000000024,0,0,0.0587991654824541,0.015025180635162923,0.97467041015625,0.01379458478855327,0.97467041015625,True,0,12,0,0,1,53,-1.0,-1.0,-1.0,-1.0,-1.0,-1.0,-1.0,-1.0,-1.0,,throughput,False,data\dvfs\results\origins_all_recovered\origins\m4_svf_synthetic_decimated__auto.npz,78b9c495789b669e77b2fd18cbdac760e0f1941ad95dc62ecd2143ce5173adc8
m4_svf_synthetic_decimated__slp,m4_svf_synthetic_decimated,origins,slp,m4_diffeomorphic,SVF scaling-and-squaring (numpy) (synthetic),3x1x128x128,0,0,0.0,0.0,0,0,0.0587991654824541,0.0587991654824541,0.7731613140444048,3.241909399999713,0.0,0.0,0.7803226898406035,0.7803278210041316,0.0040283203125,4.325498554863692,0.7731613140444048,0.3369469060268393,0.06553785689187412,True,40,41,-0.8592053720004351,71,75,-0.8592053720004351,20,20,-0.6319121792983369,0,0,0.0587991654824541,0,0,0.010092642123723183,31,34,-0.6779135223309483,0,0,0.02018528424743815,0,0,0.0587991654824541,0.015025180635162923,0.97467041015625,0.014154471318055585,0.97467041015625,False,-1,-1,-1,-1,-1,-1,-1.0,-1.0,-1.0,-1.0,-1.0,-1.0,-1.0,-1.0,-1.0,,throughput,False,data\dvfs\results\origins_all_recovered\origins\m4_svf_synthetic_decimated__slp.npz,3a8c121aa3e4ce269051c6e8fcaf221cd163c7423841cd15a8075c29b7330fe4
m4_svf_synthetic_decimated__barrier,m4_svf_synthetic_decimated,origins,barrier,m4_diffeomorphic,SVF scaling-and-squaring (numpy) (synthetic),3x1x128x128,0,0,0.0,0.0,0,0,0.0587991654824541,0.0587991654824541,0.5532226595478669,2.62551849999727,0.0,0.0,0.7803226898406035,0.7803529038685714,0.00762939453125,6.051279570974812,0.5532226595478669,0.17585586840670953,0.0484102365677985,True,40,41,-0.8592053720004351,71,75,-0.8592053720004351,20,20,-0.6319121792983369,0,0,0.0587991654824541,0,0,0.0109999982006449,31,34,-0.6779135223309483,0,0,0.02199999640127359,0,0,0.0587991654824541,0.015025180635162923,0.97467041015625,0.013785797673018371,0.97467041015625,False,-1,-1,-1,-1,-1,-1,-1.0,-1.0,-1.0,-1.0,-1.0,-1.0,-1.0,-1.0,-1.0,,throughput,False,data\dvfs\results\origins_all_recovered\origins\m4_svf_synthetic_decimated__barrier.npz,c5816b7102198fcba96a333850ee8ee0700cd1bfef54c772b3292baf249daf57
m4_svf_synthetic_decimated__m14,m4_svf_synthetic_decimated,origins,m14,m4_diffeomorphic,SVF scaling-and-squaring (numpy) (synthetic),3x1x128x128,0,0,0.0,0.0,0,0,0.0587991654824541,0.058799161976035456,0.5532221152006971,8.907724000000599,0.0,0.0,0.7803226898406035,0.7803529928322315,0.12286376953125,6.060508217069962,0.5532221152006971,0.17584683353591934,0.003010684658256315,True,40,41,-0.8592053720004351,71,75,-0.8592053720004351,20,20,-0.6319121792983369,0,0,0.0587991654824541,0,0,0.010999999444916142,31,34,-0.6779135236000318,0,0,0.02199999899505123,0,0,0.058799161976035456,0.015025180635162923,0.97467041015625,0.013785780841253065,0.97467041015625,False,-1,-1,-1,-1,-1,-1,-1.0,-1.0,-1.0,-1.0,-1.0,-1.0,-1.0,-1.0,-1.0,,throughput,False,data\dvfs\results\origins_all_recovered\origins\m4_svf_synthetic_decimated__m14.npz,b90de8e8f29a90618ddd4e633ae75405ea286fe4c21309eb50e33b653ed4f42d
m4_svf_synthetic_decimated__slsqp_windowed,m4_svf_synthetic_decimated,origins,slsqp_windowed,m4_diffeomorphic,SVF scaling-and-squaring (numpy) (synthetic),3x1x128x128,0,0,0.0,0.0,0,0,0.0587991654824541,0.0587991654824541,0.0,0.002395200019236654,0.0,0.0,0.7803226898406035,0.7803226898406035,0.0,0.0,0.0,0.0,0.0,True,40,41,-0.8592053720004351,71,75,-0.8592053720004351,20,20,-0.6319121792983369,0,0,0.0587991654824541,40,41,-0.8592053720004351,71,75,-0.8592053720004351,20,20,-0.6319121792983369,0,0,0.0587991654824541,0.015025180635162923,0.97467041015625,0.015025180635162923,0.97467041015625,False,-1,-1,-1,-1,-1,-1,-1.0,-1.0,-1.0,-1.0,-1.0,-1.0,-1.0,-1.0,-1.0,,throughput,False,data\dvfs\results\origins_all_v3\origins\m4_svf_synthetic_decimated__slsqp_windowed.npz,6e5550c6418b59012bc4b8e87b107c2ed0c26988df51fb7f8e9090f7d9fde238
m4_svf_synthetic_subpixel__isqp_none,m4_svf_synthetic_subpixel,origins,isqp_none,m4_diffeomorphic,SVF scaling-and-squaring (numpy) (synthetic),3x1x256x256,0,0,0.0,0.0,0,0,0.03504110053220145,0.02202337991767558,138.63363654170757,60.38928719999967,0.0,0.0,1.095929775453461,1.1314362587877065,0.1910552978515625,9250.780539082389,138.63363654170757,8.023966873501614,0.7388212234711595,True,421,450,-4.449537042366317,718,756,-42.65174726989795,311,326,-8.899074084732568,0,0,0.03504110053220145,0,0,0.010999048657317267,0,0,0.010999048657317267,0,0,0.021999999999994913,0,0,0.02202337991767558,0.0036168063901188285,0.68206787109375,0.0007278075474754576,0.696502685546875,True,0,28,0,0,1,309,-1.0,-1.0,-1.0,-1.0,-1.0,-1.0,-1.0,-1.0,-1.0,,throughput,False,data\dvfs\results\origins_all_recovered\origins\m4_svf_synthetic_subpixel__isqp_none.npz,7d7ee4125fc49fd83d32b6c999810f7de7a59ae3621c4c0434c0edc89db2940a
m4_svf_synthetic_subpixel__isqp_l2,m4_svf_synthetic_subpixel,origins,isqp_l2,m4_diffeomorphic,SVF scaling-and-squaring (numpy) (synthetic),3x1x256x256,0,0,0.0,0.0,0,0,0.03504110053220145,0.022003159388683767,127.2900478702374,132.5308131999991,0.0,0.0,1.095929775453461,1.1297212922386641,0.1810302734375,8423.917938302216,127.2900478702374,7.99425002985794,0.7100402847523783,True,421,450,-4.449537042366317,718,756,-42.65174726989795,311,326,-8.899074084732568,0,0,0.03504110053220145,0,0,0.010853273634623108,0,0,0.010663623252794352,0,0,0.0217168343024694,0,0,0.022003159388683767,0.0036168063901188285,0.68206787109375,0.0013663927063357775,0.6929473876953125,True,0,27,0,0,1,338,-1.0,-1.0,-1.0,-1.0,-1.0,-1.0,-1.0,-1.0,-1.0,,throughput,False,data\dvfs\results\origins_all_recovered\origins\m4_svf_synthetic_subpixel__isqp_l2.npz,a9ccbadb4f16e0651a16104fd1317a0af9a677fbcd0f854030dfeb958c4cfb9f
m4_svf_synthetic_subpixel__auto,m4_svf_synthetic_subpixel,origins,auto,m4_diffeomorphic,SVF scaling-and-squaring (numpy) (synthetic),3x1x256x256,0,0,0.0,0.0,0,0,0.03504110053220145,0.022062148075198743,135.65346195100457,95.9692275999987,0.0,0.0,1.095929775453461,1.131887429577663,0.1907806396484375,9042.92725805375,135.65346195100457,7.994094347153054,0.7232605981007559,True,421,450,-4.449537042366317,718,756,-42.65174726989795,311,326,-8.899074084732568,0,0,0.03504110053220145,0,0,0.010970766658343789,0,0,0.010828689325923069,0,0,0.02194153331662463,0,0,0.022062148075198743,0.0036168063901188285,0.68206787109375,0.0009070091546614445,0.69622802734375,True,0,28,0,0,1,535,-1.0,-1.0,-1.0,-1.0,-1.0,-1.0,-1.0,-1.0,-1.0,,throughput,False,data\dvfs\results\origins_all_recovered\origins\m4_svf_synthetic_subpixel__auto.npz,66474ce16487ffd3808488033a7d8a81b6e0bb73364f2960f6872a18977d84a9
m4_svf_synthetic_subpixel__slp,m4_svf_synthetic_subpixel,origins,slp,m4_diffeomorphic,SVF scaling-and-squaring (numpy) (synthetic),3x1x256x256,0,0,0.0,0.0,0,0,0.03504110053220145,0.03504110053219836,29.96513312781663,142.78012979999767,0.0,0.0,1.095929775453461,1.0962747680141154,0.03204345703125,757.7029870298732,29.96513312781663,4.315671206210816,0.3608109462047015,True,421,450,-4.449537042366317,718,756,-42.65174726989795,311,326,-8.899074084732568,0,0,0.03504110053220145,0,0,0.010999883432982749,355,370,-42.65174726989795,0,0,0.021999766865931747,0,0,0.03504110053219836,0.0036168063901188285,0.68206787109375,0.0036168747490950407,0.6834869384765625,False,-1,-1,-1,-1,-1,-1,-1.0,-1.0,-1.0,-1.0,-1.0,-1.0,-1.0,-1.0,-1.0,,throughput,False,data\dvfs\results\origins_all_recovered\origins\m4_svf_synthetic_subpixel__slp.npz,a48c6b0abc4c52bfe3487da0d759ba7a637be9be69d669c700d6d3f78dad6458
m4_svf_synthetic_subpixel__barrier,m4_svf_synthetic_subpixel,origins,barrier,m4_diffeomorphic,SVF scaling-and-squaring (numpy) (synthetic),3x1x256x256,0,0,0.0,0.0,0,0,0.03504110053220145,0.03504110053220145,8.516600177715542,97.86067209999965,0.0,0.0,1.095929775453461,1.0961429931416,0.0201263427734375,236.35600996449548,8.516600177715542,1.5413207787022412,0.17919333583358263,True,421,450,-4.449537042366317,718,756,-42.65174726989795,311,326,-8.899074084732568,0,0,0.03504110053220145,0,0,0.010999979902711975,369,378,-42.65174726989795,0,0,0.02199995980542234,0,0,0.03504110053220145,0.0036168063901188285,0.68206787109375,0.0027718403732885535,0.68206787109375,False,-1,-1,-1,-1,-1,-1,-1.0,-1.0,-1.0,-1.0,-1.0,-1.0,-1.0,-1.0,-1.0,,throughput,False,data\dvfs\results\origins_all_recovered\origins\m4_svf_synthetic_subpixel__barrier.npz,7e95769eca4c9d6e72bc9a18596a3779f97d6cb1b22f36701ee52295f84f61e4
m4_svf_synthetic_subpixel__m14,m4_svf_synthetic_subpixel,origins,m14,m4_diffeomorphic,SVF scaling-and-squaring (numpy) (synthetic),3x1x256x256,0,0,0.0,0.0,0,0,0.03504110053220145,0.03503802829821395,8.571422335965046,136.1464116999996,0.0,0.0,1.095929775453461,1.096173191380494,0.86932373046875,280.7330329848286,8.571422335965046,1.5411317163285219,0.004927561486077873,True,421,450,-4.449537042366317,718,756,-42.65174726989795,311,326,-8.899074084732568,0,0,0.03504110053220145,0,0,0.010999969208437044,369,379,-42.7313955955338,0,0,0.021999942858707655,0,0,0.03503802829821395,0.0036168063901188285,0.68206787109375,0.002127948734675537,0.682098388671875,False,-1,-1,-1,-1,-1,-1,-1.0,-1.0,-1.0,-1.0,-1.0,-1.0,-1.0,-1.0,-1.0,,throughput,False,data\dvfs\results\origins_all_recovered\origins\m4_svf_synthetic_subpixel__m14.npz,95642b6340640e1881c8755d23fb8f27ec0b0a2b27cd311c2ba3fb08e9439d86
m4_svf_synthetic_subpixel__slsqp_windowed,m4_svf_synthetic_subpixel,origins,slsqp_windowed,m4_diffeomorphic,SVF scaling-and-squaring (numpy) (synthetic),3x1x256x256,0,0,0.0,0.0,0,0,0.03504110053220145,0.03504110053220145,0.0,0.007549400004791096,0.0,0.0,1.095929775453461,1.095929775453461,0.0,0.0,0.0,0.0,0.0,True,421,450,-4.449537042366317,718,756,-42.65174726989795,311,326,-8.899074084732568,0,0,0.03504110053220145,421,450,-4.449537042366317,718,756,-42.65174726989795,311,326,-8.899074084732568,0,0,0.03504110053220145,0.0036168063901188285,0.68206787109375,0.0036168063901188285,0.68206787109375,False,-1,-1,-1,-1,-1,-1,-1.0,-1.0,-1.0,-1.0,-1.0,-1.0,-1.0,-1.0,-1.0,,throughput,False,data\dvfs\results\origins_all_v3\origins\m4_svf_synthetic_subpixel__slsqp_windowed.npz,5006c8be56b92ebddcf6fc7af9effca9e682a619bd7b541c7ad4765033900cb8
m1_laplacian_synthetic_clean__isqp_l1,m1_laplacian_synthetic_clean,origins,isqp_l1,m1_interpolation,Laplacian (dvfopt.laplacian) (synthetic),3x1x192x192,0,0,0.0,0.0,0,0,0.23784410764136035,0.29849494801155646,0.3972426219474808,0.34499589999904856,0.0,0.0,0.04962315230321344,0.049198803019953774,0.002197265625,1.1380847919958939,0.3972426219474808,0.26415782865848403,0.014050429530813504,True,3,3,-0.06340272436979937,4,5,-0.19603694974261174,2,2,-0.1268054487395986,0,0,0.23784410764136035,0,0,0.01099704879412483,0,0,0.010991087534196906,0,0,0.0487546050836723,0,0,0.29849494801155646,0.03734859992526742,0.010009765625,0.051743070296541176,0.009874131944444444,True,0,4,0,0,1,36,-1.0,-1.0,-1.0,-1.0,-1.0,-1.0,-1.0,-1.0,-1.0,,throughput,False,data\dvfs\results\origins_all_v4\origins\m1_laplacian_synthetic_clean__isqp_l1.npz,c84f4b2660d2b36216349344894f6ca75e3a8e8e82e29c6b53e948c687f0dc07
m1_laplacian_synthetic_collapse__isqp_l1,m1_laplacian_synthetic_collapse,origins,isqp_l1,m1_interpolation,Laplacian (dvfopt.laplacian) (synthetic),3x1x192x192,27,0,5.8375645998416985,0.0,27,0,-0.5543111707588715,0.07160165910682946,7.593971318931206,28.141477900004247,0.0007052951388888889,0.0,0.23384429449479793,0.14295882769530802,0.015543619791666666,45.84133348612646,7.593971318931206,2.573829693498845,0.08000232720091878,True,49,55,-1.6347712439447801,84,87,-2.542479147145743,30,31,-2.742697431927815,26,27,-0.5543111707588715,0,0,0.01091388775621005,0,0,0.01091388775621005,0,0,0.02197285550229444,0,0,0.07160165910682946,0.00023235372680778068,0.027533637152777776,0.019975850987830737,0.027370876736111112,True,0,6,0,0,1,141,-1.0,-1.0,-1.0,-1.0,-1.0,-1.0,-1.0,-1.0,-1.0,,throughput,False,data\dvfs\results\origins_all_v4\origins\m1_laplacian_synthetic_collapse__isqp_l1.npz,3c964c3114605c4dd940658999f71be162b3c7b6b20cafa4d346d02036d382f7
m2_demons_brainpair_smooth__isqp_l1,m2_demons_brainpair_smooth,origins,isqp_l1,m2_dense_optimization,SimpleITK fast-symmetric-forces demons (registered),3x1x160x264,0,0,0.0,0.0,0,0,0.15763110533740532,0.15763110533740532,0.0,0.029669699986698106,0.0,0.0,0.32811741390872623,0.32811741390872623,0.0,0.0,0.0,0.0,0.0,True,0,0,0.07646649070549194,0,0,0.0759563598533127,0,0,0.15293298141098502,0,0,0.15763110533740532,0,0,0.07646649070549194,0,0,0.0759563598533127,0,0,0.15293298141098502,0,0,0.15763110533740532,0.7455334861658851,0.0006628787878787879,0.7455334861658851,0.0006628787878787879,True,0,0,0,0,0,0,-1.0,-1.0,-1.0,-1.0,-1.0,-1.0,-1.0,-1.0,-1.0,,throughput,False,data\dvfs\results\origins_all_v4\origins\m2_demons_brainpair_smooth__isqp_l1.npz,ba2db9df80cd1b7404bd7eb940e4a790bf6e657a451c2ee4a48c2c5854e59949
m1_laplacian_synthetic_outliers__isqp_l1,m1_laplacian_synthetic_outliers,origins,isqp_l1,m1_interpolation,Laplacian (dvfopt.laplacian) (synthetic),3x1x192x192,383,0,662.861644085462,0.0,26,0,-33.565915681870486,0.02291134081692698,104.69263399206756,48.52043600002071,0.010226779513888888,0.0,0.7426500462634352,0.40737143168140216,0.07172309027777778,1728.9471003317703,104.69263399206756,24.32827983686815,0.6539134267518042,True,500,516,-36.92022143488769,545,556,-36.92022143488769,394,398,-73.84044286977542,377,383,-33.565915681870486,0,0,0.010741369195629916,0,0,0.010567832104421221,0,0,0.021494027908109364,0,0,0.02291134081692698,2.9063200415604925e-05,0.08138020833333333,0.001505338839487193,0.08482530381944445,True,0,20,0,0,1,577,-1.0,-1.0,-1.0,-1.0,-1.0,-1.0,-1.0,-1.0,-1.0,,throughput,False,data\dvfs\results\origins_all_v4\origins\m1_laplacian_synthetic_outliers__isqp_l1.npz,a04c1ee9cb9c9a94a89a17730a1816c7a4178b02257e5b2af562b0824fe6f7c4
m1_laplacian_synthetic_mixed__isqp_l1,m1_laplacian_synthetic_mixed,origins,isqp_l1,m1_interpolation,Laplacian (dvfopt.laplacian) (synthetic),3x1x192x192,205,0,316.02569752428747,0.0,33,0,-15.073061978225773,0.022991293474513418,77.52019033614299,67.47672269999748,0.005425347222222222,0.0,0.5631747036303953,0.30929887040985227,0.0693359375,883.4607156557195,77.52019033614299,24.191563386237746,0.3456419075335366,True,337,351,-13.296146612138793,370,385,-13.296146612138793,238,241,-20.996086777655922,200,205,-15.073061978225773,0,0,0.010757350678822006,0,0,0.010620158610779473,0,0,0.02151470135764081,0,0,0.022991293474513418,3.6292852321921283e-05,0.0940212673611111,0.0008079315889816228,0.0967068142361111,True,0,28,0,0,1,1025,-1.0,-1.0,-1.0,-1.0,-1.0,-1.0,-1.0,-1.0,-1.0,,throughput,False,data\dvfs\results\origins_all_v4\origins\m1_laplacian_synthetic_mixed__isqp_l1.npz,93347d1b4594eedafb1b1c1f1648a14b319d3fd32ec6bf197dea0a68189ebcca
m1_laplacian_cohort_B0039_z264__isqp_l1,m1_laplacian_cohort_B0039_z264,origins,isqp_l1,m1_interpolation,Laplacian (RegTools) (real),3x1x320x456,306,0,133.45570962418722,0.0,188,0,-3.491226293058075,0.022605323077250362,42.570340879031086,578.0668150999991,0.0020764802631578947,0.0,0.33736161904597456,0.14798879595069558,0.04287280701754386,893.08502536846,42.570340879031086,7.641555768890998,0.14275655776350066,True,1112,1121,-7.422033348526725,1224,1244,-7.422033348526725,637,660,-14.84406669705345,303,306,-3.491226293058075,0,0,0.010735766856693883,0,0,0.010603344191006149,0,0,0.021471533713391132,0,0,0.022605323077250362,0.00014814128057898695,0.0516515899122807,0.00037084970866546645,0.051535087719298246,True,0,49,6,0,1,1140,-1.0,-1.0,-1.0,-1.0,-1.0,-1.0,-1.0,-1.0,-1.0,,throughput,False,data\dvfs\results\origins_all_v4\origins\m1_laplacian_cohort_B0039_z264__isqp_l1.npz,8a221a8935ba1f062afa79a042b37154ba5edc216b37e410cf66ec40acca4767
m2_ilk_synthetic_r3__isqp_l1,m2_ilk_synthetic_r3,origins,isqp_l1,m2_dense_optimization,skimage optical_flow_ilk (synthetic),3x1x192x192,1425,0,566.9252709772431,0.0,162,0,-4.992396120416923,0.02194889696291854,43.25470721645288,306.19032569997944,0.03757052951388889,0.0,1.4220634070409055,0.8102623125303239,0.2636447482638889,1750.3177806119063,43.25470721645288,4.2083525000628335,0.18009237376395784,True,1999,2092,-4.176245674586165,2167,2263,-4.176245674586165,1573,1611,-8.26032080454407,1385,1425,-4.992396120416923,0,0,0.010549732221589773,0,0,0.010524463918812522,0,0,0.02109946444317007,0,0,0.02194889696291854,8.152638018840518e-06,0.6047634548611112,0.0001760940358465372,0.61328125,True,0,41,1,0,1,1037,-1.0,-1.0,-1.0,-1.0,-1.0,-1.0,-1.0,-1.0,-1.0,,throughput,False,data\dvfs\results\origins_all_v4\origins\m2_ilk_synthetic_r3__isqp_l1.npz,b61a86f619a27314594ce37aa1fb3c8eadb3f709fbe7c52175475671c987d8ac
m2_tvl1_brainpair_a60__isqp_l1,m2_tvl1_brainpair_a60,origins,isqp_l1,m2_dense_optimization,skimage optical_flow_tvl1 (registered),3x1x160x264,7019,0,36038.367787512616,0.0,703,0,-357.74453867538926,0.02200084845042556,1214.3166628798285,1183.135418299993,0.16347064393939395,0.0,2.7131097284021264,1.4718336003314538,0.6963541666666667,117093.61976974542,1214.3166628798285,61.25953675088161,3.980880525251425,True,9543,9745,-537.4083921253165,10543,10775,-537.4083921253165,6973,7058,-957.7306358035189,6905,7019,-357.74453867538926,0,0,0.010955231529929065,0,0,0.010955231529929065,0,0,0.021910463059855608,0,0,0.02200084845042556,1.4304648266402485e-06,0.6024621212121212,2.001935698121164e-05,0.6182054924242424,True,0,75,1,0,1,973,-1.0,-1.0,-1.0,-1.0,-1.0,-1.0,-1.0,-1.0,-1.0,,throughput,False,data\dvfs\results\origins_all_v4\origins\m2_tvl1_brainpair_a60__isqp_l1.npz,fe5ffac3cbbabf37cf3885fc5a03e1c0553bb0d45141662ca74cb2462ffe2c9b
m2_tvl1_synthetic_strong__isqp_l1,m2_tvl1_synthetic_strong,origins,isqp_l1,m2_dense_optimization,skimage optical_flow_tvl1 (synthetic),3x1x192x192,23,0,1.5776879596742008,0.0,3,0,-0.2200214068859777,0.023513401513460777,1.9639585518988152,7.518448999995599,0.0005696614583333334,0.0,0.3327044520712579,0.297982310477034,0.010172526041666666,16.223486512552665,1.9639585518988152,0.5508892707303339,0.04326263070014044,True,54,59,-0.2910304596920313,59,64,-0.2910304596920313,48,51,-0.5820609193840744,21,23,-0.2200214068859777,0,0,0.011021919991307753,0,0,0.01079997291243561,0,0,0.022043839982614468,0,0,0.023513401513460777,0.0012540007877502978,0.20865885416666666,0.017203994905267424,0.2089301215277778,True,0,4,0,0,1,129,-1.0,-1.0,-1.0,-1.0,-1.0,-1.0,-1.0,-1.0,-1.0,,throughput,False,data\dvfs\results\origins_all_v4\origins\m2_tvl1_synthetic_strong__isqp_l1.npz,4e7618bd7fc6669c74e6fc9b08c4a25ae968b86355f10431f4df46d2450efe66
m2_tvl1_synthetic_weak__isqp_l1,m2_tvl1_synthetic_weak,origins,isqp_l1,m2_dense_optimization,skimage optical_flow_tvl1 (synthetic),3x1x192x192,259,0,4089.7458863045917,0.0,38,0,-330.5077204671582,0.022000324980782,430.69721054487405,28.686014800012344,0.006971571180555556,0.0,0.6951608860189025,0.4630416374195673,0.06510416666666667,5070.094675237388,430.69721054487405,103.78934594403972,2.1125394480155784,True,355,365,-576.4073266327415,392,403,-710.3622858681756,257,262,-856.4833566785906,257,259,-330.5077204671582,0,0,0.010759064928089599,0,0,0.010562882659632237,0,0,0.021759188179141326,0,0,0.022000324980782,3.835544779807008e-05,0.1972113715277778,0.00041198733559340387,0.20103624131944445,True,0,16,0,0,1,600,-1.0,-1.0,-1.0,-1.0,-1.0,-1.0,-1.0,-1.0,-1.0,,throughput,False,data\dvfs\results\origins_all_v4\origins\m2_tvl1_synthetic_weak__isqp_l1.npz,5a0169824b90b107ba7c2c0154f73ccc524a34f5862f824b8ccd73f3e9fb57dc
m3_proxy_synthetic_mild__isqp_l1,m3_proxy_synthetic_mild,origins,isqp_l1,m3_learned,proxy: smooth warp + grid-scale noise (synthetic),3x1x192x192,101,0,10.114578446413594,0.0,66,0,-0.3273342392748441,0.029365576449776498,5.814125839203677,145.24941180000314,0.0026041666666666665,0.0,0.6325309392955435,0.5159102417481901,0.2685275607638889,168.02645920197278,5.814125839203677,0.9231030202558708,0.016974084170317486,True,512,607,-0.33923396416419804,708,818,-0.44517768926097623,302,328,-0.6748559612277276,96,101,-0.3273342392748441,0,0,0.01050939100427943,0,0,0.01050939100427943,0,0,0.021018782008574682,0,0,0.029365576449776498,0.00014051345323612746,0.9997829861111112,0.013329102332189082,0.9997829861111112,True,0,112,2,0,1,1270,-1.0,-1.0,-1.0,-1.0,-1.0,-1.0,-1.0,-1.0,-1.0,,throughput,False,data\dvfs\results\origins_all_v4\origins\m3_proxy_synthetic_mild__isqp_l1.npz,28aaf76522dab1cbf8be3f7cccd500f79bc9f0daec078123948e7aec907da4ea
m3_proxy_synthetic_strong__isqp_l1,m3_proxy_synthetic_strong,origins,isqp_l1,m3_learned,proxy: smooth warp + grid-scale noise (synthetic),3x1x192x192,4110,0,1365.0879943877585,0.0,1242,0,-3.084079430104822,0.022000085629791874,51.27457306770945,648.8830575000029,0.10755750868055555,0.0,2.288111552140489,1.0232979855846231,0.9278971354166666,4780.246985700979,51.27457306770945,3.189555989938567,0.13974878634452959,True,8375,8692,-2.023822228307507,9959,10320,-2.2515838425681496,5882,6003,-3.9756833205009543,3965,4110,-3.084079430104822,0,0,0.010998192218826053,0,0,0.010998192218826053,0,0,0.021996384437651048,0,0,0.022000085629791874,1.2425231242591782e-05,1.0,0.0010322479683801556,1.0,True,0,32,1,0,1,778,-1.0,-1.0,-1.0,-1.0,-1.0,-1.0,-1.0,-1.0,-1.0,,throughput,False,data\dvfs\results\origins_all_v4\origins\m3_proxy_synthetic_strong__isqp_l1.npz,687ab0bba09e10810ab8a99c029fc2428bbd083f27b19a46cf509c81080af17c
m3_transmorph_cohort_diffeo__isqp_l1,m3_transmorph_cohort_diffeo,origins,isqp_l1,m3_learned,"TransMorph-style SwinRegNet (diffeo, stage-0 features) (learned)",3x1x96x128,0,0,0.0,0.0,0,0,0.02908522209671638,0.02908522209671638,0.8477396158296091,1.2402706999855582,0.0,0.0,0.8041367145499337,0.8041160518702402,0.019205729166666668,3.701444943805971,0.8477396158296091,0.45049579291665287,0.015684088744940556,True,6,7,-2.495954760716568,16,17,-2.495954760716568,0,1,0.0016890966825258147,0,0,0.02908522209671638,0,0,0.010995660930752216,0,0,0.010919684468592816,0,0,0.021999297905508586,0,0,0.02908522209671638,0.004720452771526168,0.548828125,0.004719896397734222,0.548828125,True,0,7,0,0,1,91,-1.0,-1.0,-1.0,-1.0,-1.0,-1.0,-1.0,-1.0,-1.0,,throughput,False,data\dvfs\results\origins_all_v4\origins\m3_transmorph_cohort_diffeo__isqp_l1.npz,0167a9a16bd4f5d3a3ed2164a17207852aaf0cf1c6d711538c770f424956de09
m3_transmorph_cohort_direct__isqp_l1,m3_transmorph_cohort_direct,origins,isqp_l1,m3_learned,"TransMorph-style SwinRegNet (direct, stage-0 features) (learned)",3x1x96x128,123,0,9.361992872331044,0.0,21,0,-0.3571954948031739,0.023933827994566056,3.178652721442192,23.333385100006126,0.0087890625,0.0,0.9466871452276242,0.743289877210194,0.123291015625,53.107608318775675,3.178652721442192,0.5582484907512146,0.03505452694308626,True,236,278,-0.2708068777465229,253,303,-0.29760529301762517,193,210,-0.5105847925015041,108,123,-0.3571954948031739,0,0,0.010946506877096581,0,0,0.010927484311544555,0,0,0.021925254917666392,0,0,0.023933827994566056,2.3323103928537166e-05,0.4894205729166667,0.006261867948518616,0.4899088541666667,True,0,11,0,0,1,277,-1.0,-1.0,-1.0,-1.0,-1.0,-1.0,-1.0,-1.0,-1.0,,throughput,False,data\dvfs\results\origins_all_v4\origins\m3_transmorph_cohort_direct__isqp_l1.npz,d4e94323dcf434e49eddcd5c392c5a9988076e55d41fbe1cca9106f83301f98c
m3_transmorph_ellipses_diffeo__isqp_l1,m3_transmorph_ellipses_diffeo,origins,isqp_l1,m3_learned,"TransMorph-style SwinRegNet (diffeo, stage-0 features) (learned)",3x1x64x64,0,0,0.0,0.0,0,0,0.8472199741518125,0.8472199741518125,0.0,0.0020425000111572444,0.0,0.0,0.004048048594251088,0.004048048594251088,0.0,0.0,0.0,0.0,0.0,True,0,0,0.3479199130088091,0,0,0.3479199130088091,0,0,0.9792612562887371,0,0,0.8472199741518125,0,0,0.3479199130088091,0,0,0.3479199130088091,0,0,0.9792612562887371,0,0,0.8472199741518125,0.43691363367497216,0.00146484375,0.43691363367497216,0.00146484375,True,0,0,0,0,0,0,-1.0,-1.0,-1.0,-1.0,-1.0,-1.0,-1.0,-1.0,-1.0,,throughput,False,data\dvfs\results\origins_all_v4\origins\m3_transmorph_ellipses_diffeo__isqp_l1.npz,cb860583bd70e75b3354ea85854c26cc4a8401370e1e48c50f345a9b46cd588c
m3_transmorph_ellipses_direct__isqp_l1,m3_transmorph_ellipses_direct,origins,isqp_l1,m3_learned,"TransMorph-style SwinRegNet (direct, stage-0 features) (learned)",3x1x64x64,630,0,1198.6181507969711,0.0,5,0,-13.8484146516351,0.02200062603425275,210.7933243887282,45.657442299998365,0.15283203125,0.0,2.578938662264817,1.397373589563403,0.43359375,5328.624033594573,210.7933243887282,17.762270294239173,3.0003513702672144,True,680,692,-11.888999063871324,731,741,-11.888999063871324,631,637,-23.77799812774265,626,630,-13.8484146516351,0,0,0.010823977256176575,0,0,0.010751735907055499,0,0,0.021772722062843863,0,0,0.02200062603425275,7.816960603560431e-05,0.41259765625,0.0002334036290455636,0.433837890625,True,0,1,0,0,1,33,-1.0,-1.0,-1.0,-1.0,-1.0,-1.0,-1.0,-1.0,-1.0,,throughput,False,data\dvfs\results\origins_all_v4\origins\m3_transmorph_ellipses_direct__isqp_l1.npz,e1f63f02d56d196190c7dade11ebdf906e23d681a22ccab747a3ad33a852f8af
m3_voxelmorph_cohort_diffeo__isqp_l1,m3_voxelmorph_cohort_diffeo,origins,isqp_l1,m3_learned,VoxelMorph VxmPairwise (diffeo) (learned),3x1x96x128,0,0,0.0,0.0,0,0,0.017310621944586657,0.022490045435876405,0.5115514994470512,2.09929490002105,0.0,0.0,0.8696291145130913,0.8684691876643622,0.011881510416666666,2.8206042052205653,0.5115514994470512,0.19387573953230952,0.019319206885072365,True,1,10,-0.0015730419091468661,14,24,-0.15606636504311666,0,0,0.01691195055898831,0,0,0.017310621944586657,0,0,0.010813575908057708,0,0,0.010813575908057708,0,0,0.02207933733210813,0,0,0.022490045435876405,0.011094633623686167,0.71826171875,0.02298003591997923,0.7180989583333334,True,0,2,0,0,1,97,-1.0,-1.0,-1.0,-1.0,-1.0,-1.0,-1.0,-1.0,-1.0,,throughput,False,data\dvfs\results\origins_all_v4\origins\m3_voxelmorph_cohort_diffeo__isqp_l1.npz,dc073420ccbaa9e718745cb8a8e5b910d5fa328562919e3ad80954716d38a110
m3_voxelmorph_cohort_direct__isqp_l1,m3_voxelmorph_cohort_direct,origins,isqp_l1,m3_learned,VoxelMorph VxmPairwise (direct) (learned),3x1x96x128,146,0,10.935526838579484,0.0,16,0,-0.27125171334063936,0.02292688428864778,3.032387484737072,19.556913800013717,0.01025390625,0.0,1.0265745883846398,0.8183012330829394,0.11319986979166667,47.20817710708174,3.032387484737072,0.5985403453885614,0.03393830129912418,True,218,256,-0.24407603269253997,231,277,-0.24407603269253997,164,180,-0.42557470105103334,126,146,-0.27125171334063936,0,0,0.01042356909748321,0,0,0.01042356909748321,0,0,0.021974341173431472,0,0,0.02292688428864778,0.0006474341013963034,0.6006673177083334,0.008540657576331791,0.6009928385416666,True,0,11,0,0,1,208,-1.0,-1.0,-1.0,-1.0,-1.0,-1.0,-1.0,-1.0,-1.0,,throughput,False,data\dvfs\results\origins_all_v4\origins\m3_voxelmorph_cohort_direct__isqp_l1.npz,2e18059e4299122945d92c45940576067cc0f347998f4000f565fb1316a61862
m3_voxelmorph_ellipses_diffeo__isqp_l1,m3_voxelmorph_ellipses_diffeo,origins,isqp_l1,m3_learned,VoxelMorph VxmPairwise (diffeo) (learned),3x1x64x64,578,0,5.508281754647806,0.0,35,0,-0.20379178106432594,0.0220056394218485,11.949974430600605,35.555283199995756,0.03125,0.0,2.293467790137794,1.5461479692760352,0.465087890625,295.9963685271515,11.949974430600605,2.0005422358578797,0.1553786711428617,True,415,952,-1.6159244181333179,594,1033,-2.6408395847107045,184,657,-1.057201074875536,128,578,-0.20379178106432594,0,0,0.01087623033856544,0,0,0.01087623033856544,0,0,0.021893791871826968,0,0,0.0220056394218485,3.656424541610656e-08,0.63720703125,0.0003537121239285154,0.636474609375,True,0,2,1,0,1,27,-1.0,-1.0,-1.0,-1.0,-1.0,-1.0,-1.0,-1.0,-1.0,,throughput,False,data\dvfs\results\origins_all_v4\origins\m3_voxelmorph_ellipses_diffeo__isqp_l1.npz,8f907cdd252b26d292b0d4a51d1c76173b576d557775bbc4e251d661a2c2a110
m3_voxelmorph_ellipses_direct__isqp_l1,m3_voxelmorph_ellipses_direct,origins,isqp_l1,m3_learned,VoxelMorph VxmPairwise (direct) (learned),3x1x64x64,800,0,535.5847116218579,0.0,4,0,-13.114521330402567,0.022502874586325695,252.09225663861088,65.26883230000385,0.18798828125,0.0,2.6141356969259584,1.2958488213849195,0.776611328125,10070.04896398977,252.09225663861088,14.240606005458579,3.165686565227843,True,850,904,-7.467173326481316,893,948,-7.467173326481316,790,814,-14.934346652962631,770,800,-13.114521330402567,0,0,0.010989214891703741,0,0,0.010989214891703741,0,0,0.021978429783407444,0,0,0.022502874586325695,8.153217050548434e-06,0.611083984375,0.00029798576125171906,0.64453125,True,0,6,1,0,1,57,-1.0,-1.0,-1.0,-1.0,-1.0,-1.0,-1.0,-1.0,-1.0,,throughput,False,data\dvfs\results\origins_all_v4\origins\m3_voxelmorph_ellipses_direct__isqp_l1.npz,9fce5e1b4edd273d6b2476149da95a3b4524d7bedd4d5dab852ba423ed7fad41
m4_ants_cohort_B0039_z264__isqp_l1,m4_ants_cohort_B0039_z264,origins,isqp_l1,m4_diffeomorphic,ANTs SyN (RegTools) (real),3x1x320x456,0,0,0.0,0.0,0,0,0.5822477806709803,0.5822477806709803,0.0,0.19733660001656972,0.0,0.0,0.14057980244088739,0.14057980244088739,0.0,0.0,0.0,0.0,0.0,True,0,0,0.2904967628528573,0,0,0.2904967628528573,0,0,0.5831656867061472,0,0,0.5822477806709803,0,0,0.2904967628528573,0,0,0.2904967628528573,0,0,0.5831656867061472,0,0,0.5822477806709803,3.0,0.0,3.0,0.0,True,0,0,0,0,0,0,-1.0,-1.0,-1.0,-1.0,-1.0,-1.0,-1.0,-1.0,-1.0,,throughput,False,data\dvfs\results\origins_all_v4\origins\m4_ants_cohort_B0039_z264__isqp_l1.npz,652895ab628c1350c1d7a8a5962f47350e10d9dc81b8576c44f6b4648596078e
m4_svf_synthetic_coarse_steps__isqp_l1,m4_svf_synthetic_coarse_steps,origins,isqp_l1,m4_diffeomorphic,SVF scaling-and-squaring (numpy) (synthetic),3x1x256x256,642,0,54.53100234173091,0.0,18,0,-0.5567492964898796,0.02218321030915705,22.346736395581235,85.37426359998062,0.006622314453125,0.0,1.1733217335125836,1.02231205657592,0.107666015625,1001.528302157997,22.346736395581235,1.8921316294594304,0.14193995211989754,True,775,1273,-0.30369670384305686,963,1489,-0.3050509712726829,618,833,-0.6073934076861374,434,642,-0.5567492964898796,0,0,0.010529373665296549,0,0,0.010529373665296549,0,0,0.021058747330616634,0,0,0.02218321030915705,2.091918834786822e-06,0.6805419921875,0.006960955329873107,0.6821441650390625,True,0,31,0,0,1,1314,-1.0,-1.0,-1.0,-1.0,-1.0,-1.0,-1.0,-1.0,-1.0,,throughput,False,data\dvfs\results\origins_all_v4\origins\m4_svf_synthetic_coarse_steps__isqp_l1.npz,06e2ce4ad85d4b845d157c6ab3f69bebdcf646fbed25a71558fcd65dc0ee72b0
m4_svf_synthetic_decimated__isqp_l1,m4_svf_synthetic_decimated,origins,isqp_l1,m4_diffeomorphic,SVF scaling-and-squaring (numpy) (synthetic),3x1x128x128,0,0,0.0,0.0,0,0,0.0587991654824541,0.0587991654824541,2.4697590562156244,4.246368499996606,0.0,0.0,0.7803226898406035,0.7802654542820312,0.05084228515625,22.45456271320802,2.4697590562156244,0.8698201194704588,0.026956257758953207,True,40,41,-0.8592053720004351,71,75,-0.8592053720004351,20,20,-0.6319121792983369,0,0,0.0587991654824541,0,0,0.010579738094270263,0,0,0.010579738094270263,0,0,0.02199151390692844,0,0,0.0587991654824541,0.015025180635162923,0.97467041015625,0.014133906107463966,0.97467041015625,True,0,13,0,0,1,234,-1.0,-1.0,-1.0,-1.0,-1.0,-1.0,-1.0,-1.0,-1.0,,throughput,False,data\dvfs\results\origins_all_v4\origins\m4_svf_synthetic_decimated__isqp_l1.npz,c16f5dc831ccdba6ea3c1fa95a69a346c7d0cf3e80536383b3cdae004abcfcad
m2_demons_brainpair_weak__isqp_l1,m2_demons_brainpair_weak,origins,isqp_l1,m2_dense_optimization,SimpleITK fast-symmetric-forces demons (registered),3x1x160x264,11827,0,9807.728649119927,0.0,397,0,-18.212514228900346,0.02200002486974419,604.8897387927017,3352.119457099994,0.2720880681818182,0.0,3.1762289112482285,1.6718980266438395,0.8809422348484849,62336.120406062626,604.8897387927017,22.49291927925864,1.675206804602473,False,14098,14695,-9.644686021608495,15169,15794,-10.186145807228549,12026,12336,-19.283475801317532,11493,11827,-18.212514228900346,0,10,4.594827098468439e-05,0,10,4.594827098468439e-05,0,5,9.189654196944602e-05,0,0,0.02200002486974419,4.799823995476233e-07,0.8884232954545455,0.00020028397775916266,0.9059895833333333,False,0,271,1,0,2,1861,-1.0,-1.0,-1.0,-1.0,-1.0,-1.0,-1.0,-1.0,-1.0,,throughput,False,data\dvfs\results\origins_all_v4\origins\m2_demons_brainpair_weak__isqp_l1.npz,cb7240debe98fdf66b01125480ea4cff39a0bbafb2066cd58247cec063edda15
m4_svf_synthetic_subpixel__isqp_l1,m4_svf_synthetic_subpixel,origins,isqp_l1,m4_diffeomorphic,SVF scaling-and-squaring (numpy) (synthetic),3x1x256x256,0,0,0.0,0.0,0,0,0.03504110053220145,0.02206018342037306,141.666344009469,239.0175838000141,0.0,0.0,1.095929775453461,1.1260204632835573,0.149017333984375,8433.01386166412,141.666344009469,7.9942767395581225,0.8635074607479132,True,421,450,-4.449537042366317,718,756,-42.65174726989795,311,326,-8.899074084732568,0,0,0.03504110053220145,0,0,0.010926598476960744,0,0,0.010556707421847722,0,0,0.021853196953921364,0,0,0.02206018342037306,0.0036168063901188285,0.68206787109375,0.0003584215548072768,0.693267822265625,True,0,26,0,0,1,1479,-1.0,-1.0,-1.0,-1.0,-1.0,-1.0,-1.0,-1.0,-1.0,,throughput,False,data\dvfs\results\origins_all_v4\origins\m4_svf_synthetic_subpixel__isqp_l1.npz,abda41e6cbc457774f99519ba62343e33bedd7fb56728c812e2c4fb8515080a5
m2_ffd_brainpair_fine__isqp_l1,m2_ffd_brainpair_fine,origins,isqp_l1,m2_dense_optimization,SimpleITK B-spline FFD (no bending penalty) (registered),3x1x160x264,9289,0,16293.916305788913,0.0,11,0,-29.31675726724415,0.022001633380560433,1327.8547164716128,3836.6157175000117,0.21851325757575757,0.0,3.0034259492546926,1.6164136890697949,0.5643939393939394,141589.82893454333,1327.8547164716128,44.62755626667416,5.939170676784536,False,9716,9857,-15.11790035902549,9884,10029,-15.81970447024063,9088,9160,-30.23580071805098,9230,9289,-29.31675726724415,0,3,5.334047542603868e-05,0,3,5.334047542603868e-05,0,2,0.00010668095085202009,0,0,0.022001633380560433,2.836896061689777e-05,0.3867660984848485,4.725807205330561e-05,0.4888257575757576,False,0,187,1,0,3,2279,-1.0,-1.0,-1.0,-1.0,-1.0,-1.0,-1.0,-1.0,-1.0,,throughput,False,data\dvfs\results\origins_all_v4\origins\m2_ffd_brainpair_fine__isqp_l1.npz,414bf712d4bbcd9f124a87a11a99465e8effb52d21f9dc85a9769a6137218bed
m2_ffd_brainpair_coarse__isqp_l1,m2_ffd_brainpair_coarse,origins,isqp_l1,m2_dense_optimization,SimpleITK B-spline FFD (no bending penalty) (registered),3x1x160x264,16319,2,30223.517411415905,0.0012940565239210958,2,1,-7.522531713020904,0.009079044751967658,3941.889227710102,16483.145322700002,0.3839962121212121,0.0,3.7465411281499748,2.1612660411202427,0.6650568181818182,479855.59410865465,3941.889227710102,76.65530453864449,17.081574615856994,False,16284,16486,-3.7737482275534786,16324,16518,-3.777493351486113,16147,16241,-7.513268415465286,16220,16319,-7.522531713020904,10,20,-0.006848186077461664,11,57,-0.006848186077461664,10,15,-0.013696372154923711,0,2,0.009079044751967658,8.868732611263764e-06,0.16186079545454546,9.065944231299791e-06,0.6281723484848485,False,0,933,1,39,5,17962,-1.0,-1.0,-1.0,-1.0,-1.0,-1.0,-1.0,-1.0,-1.0,,throughput,True,data\dvfs\results\origins_all_v4\origins\m2_ffd_brainpair_coarse__isqp_l1.npz,19ee893f3eb9b8b94ad7784daddc753aaee4b401e6e40e95667f14754e105b18
m2_ffd_brainpair_fine__slsqp_windowed,m2_ffd_brainpair_fine,origins,slsqp_windowed,m2_dense_optimization,SimpleITK B-spline FFD (no bending penalty) (registered),,-1,-1,-1,-1,-1,-1,-1,-1,-1,-1,-1,-1,-1,-1,-1,-1,-1,-1,-1,False,-1,-1,-1,-1,-1,-1,-1,-1,-1,-1,-1,-1,-1,-1,-1,-1,-1,-1,-1,-1,-1,-1,-1,-1,-1,-1,-1,-1,False,-1,-1,-1,-1,-1,-1,-1,-1,-1,-1,-1,-1,-1,-1,-1,"WorkerCrash: worker process terminated abruptly (isolated run, --isolate-config)",throughput,False,,
